epsilon,gamma_t,AGF
-1.000000000000000056e-01,9.999999999999999547e-07,9.999805466919101660e-01
-1.000000000000000056e-01,1.264855216855295881e-06,9.999803164897564933e-01
-1.000000000000000056e-01,1.599858719606057360e-06,9.999800240968772513e-01
-1.000000000000000056e-01,2.023589647725155726e-06,9.999796562513744158e-01
-1.000000000000000056e-01,2.559547922699533382e-06,9.999791883218489552e-01
-1.000000000000000056e-01,3.237457542817646685e-06,9.999785998505501539e-01
-1.000000000000000056e-01,4.094915062380427237e-06,9.999778535798921064e-01
-1.000000000000000056e-01,5.179474679231212330e-06,9.999769091723977876e-01
-1.000000000000000056e-01,6.551285568595509496e-06,9.999757163758328238e-01
-1.000000000000000056e-01,8.286427728546842542e-06,9.999742066261338991e-01
-1.000000000000000056e-01,1.048113134154685250e-05,9.999722966045098138e-01
-1.000000000000000056e-01,1.325711365590110898e-05,9.999698806824411923e-01
-1.000000000000000056e-01,1.676832936811009972e-05,9.999668267592941584e-01
-1.000000000000000056e-01,2.120950887920192640e-05,9.999629606963372774e-01
-1.000000000000000056e-01,2.682695795279727390e-05,9.999580725754646515e-01
-1.000000000000000056e-01,3.393221771895329857e-05,9.999518915296592425e-01
-1.000000000000000056e-01,4.291934260128778017e-05,9.999440717170219317e-01
-1.000000000000000056e-01,5.428675439323859403e-05,9.999341817191189641e-01
-1.000000000000000056e-01,6.866488450042998925e-05,9.999216716731984533e-01
-1.000000000000000056e-01,8.685113737513520580e-05,9.999058481923690511e-01
-1.000000000000000056e-01,1.098541141987558346e-04,9.998858368659553353e-01
-1.000000000000000056e-01,1.389495494373137348e-04,9.998605247530693019e-01
-1.000000000000000056e-01,1.757510624854793067e-04,9.998285105663461403e-01
-1.000000000000000056e-01,2.222996482526195465e-04,9.997880208031162397e-01
-1.000000000000000056e-01,2.811768697974231118e-04,9.997368110493068949e-01
-1.000000000000000056e-01,3.556480306223128661e-04,9.996720452756320263e-01
-1.000000000000000056e-01,4.498432668969443876e-04,9.995901354454688192e-01
-1.000000000000000056e-01,5.689866029018298636e-04,9.994865518088021927e-01
-1.000000000000000056e-01,7.196856730011521675e-04,9.993555616845687384e-01
-1.000000000000000056e-01,9.102981779915217267e-04,9.991899239634216556e-01
-1.000000000000000056e-01,1.151395399326448146e-03,9.989804908914249326e-01
-1.000000000000000056e-01,1.456348477501244378e-03,9.987157085711815263e-01
-1.000000000000000056e-01,1.842069969326716331e-03,9.983809836539520033e-01
-1.000000000000000056e-01,2.329951810515372077e-03,9.979579093146666580e-01
-1.000000000000000056e-01,2.947051702551809708e-03,9.974232644128541159e-01
-1.000000000000000056e-01,3.727593720314941773e-03,9.967477910608105729e-01
-1.000000000000000056e-01,4.714866363457394238e-03,9.958946466489093652e-01
-1.000000000000000056e-01,5.963623316594642357e-03,9.948175179238744059e-01
-1.000000000000000056e-01,7.543120063354623143e-03,9.934582503163406075e-01
-1.000000000000000056e-01,9.540954763499944619e-03,9.917439881867297080e-01
-1.000000000000000056e-01,1.206792640639328847e-02,9.895836863590887766e-01
-1.000000000000000056e-01,1.526417967175233356e-02,9.868639301083702575e-01
-1.000000000000000056e-01,1.930697728883249559e-02,9.834440385509054527e-01
-1.000000000000000056e-01,2.442053094548649744e-02,9.791504171805849310e-01
-1.000000000000000056e-01,3.088843596477484910e-02,9.737703307430664035e-01
-1.000000000000000056e-01,3.906939937054620948e-02,9.670453439385334748e-01
-1.000000000000000056e-01,4.941713361323837872e-02,9.586650819992216244e-01
-1.000000000000000056e-01,6.250551925273975518e-02,9.482623122084544720e-01
-1.000000000000000056e-01,7.906043210907701124e-02,9.354110556504514618e-01
-1.000000000000000056e-01,1.000000000000000056e-01,9.196302214652760654e-01
-9.591836734693878763e-02,9.999999999999999547e-07,9.999832385402470658e-01
-9.591836734693878763e-02,1.264855216855295881e-06,9.999830069321784531e-01
-9.591836734693878763e-02,1.599858719606057360e-06,9.999827165747547930e-01
-9.591836734693878763e-02,2.023589647725155726e-06,9.999823480715275270e-01
-9.591836734693878763e-02,2.559547922699533382e-06,9.999818805385102261e-01
-9.591836734693878763e-02,3.237457542817646685e-06,9.999812901127070885e-01
-9.591836734693878763e-02,4.094915062380427237e-06,9.999805423912051516e-01
-9.591836734693878763e-02,5.179474679231212330e-06,9.999796000755689640e-01
-9.591836734693878763e-02,6.551285568595509496e-06,9.999784063004504286e-01
-9.591836734693878763e-02,8.286427728546842542e-06,9.999768969278487463e-01
-9.591836734693878763e-02,1.048113134154685250e-05,9.999749875676134936e-01
-9.591836734693878763e-02,1.325711365590110898e-05,9.999725723127196320e-01
-9.591836734693878763e-02,1.676832936811009972e-05,9.999695172466982473e-01
-9.591836734693878763e-02,2.120950887920192640e-05,9.999656527338430800e-01
-9.591836734693878763e-02,2.682695795279727390e-05,9.999607660985019297e-01
-9.591836734693878763e-02,3.393221771895329857e-05,9.999545828157573313e-01
-9.591836734693878763e-02,4.291934260128778017e-05,9.999467635523414666e-01
-9.591836734693878763e-02,5.428675439323859403e-05,9.999368725366761801e-01
-9.591836734693878763e-02,6.866488450042998925e-05,9.999243630852842069e-01
-9.591836734693878763e-02,8.685113737513520580e-05,9.999085420029841798e-01
-9.591836734693878763e-02,1.098541141987558346e-04,9.998885292494815724e-01
-9.591836734693878763e-02,1.389495494373137348e-04,9.998632177861604964e-01
-9.591836734693878763e-02,1.757510624854793067e-04,9.998312044744593896e-01
-9.591836734693878763e-02,2.222996482526195465e-04,9.997907156201706336e-01
-9.591836734693878763e-02,2.811768697974231118e-04,9.997395070120792537e-01
-9.591836734693878763e-02,3.556480306223128661e-04,9.996747414009377053e-01
-9.591836734693878763e-02,4.498432668969443876e-04,9.995928353036975800e-01
-9.591836734693878763e-02,5.689866029018298636e-04,9.994892522836218429e-01
-9.591836734693878763e-02,7.196856730011521675e-04,9.993582652121462129e-01
-9.591836734693878763e-02,9.102981779915217267e-04,9.991926322796439441e-01
-9.591836734693878763e-02,1.151395399326448146e-03,9.989832020703200977e-01
-9.591836734693878763e-02,1.456348477501244378e-03,9.987184229239493005e-01
-9.591836734693878763e-02,1.842069969326716331e-03,9.983837056385893582e-01
-9.591836734693878763e-02,2.329951810515372077e-03,9.979606395111411121e-01
-9.591836734693878763e-02,2.947051702551809708e-03,9.974260058502768533e-01
-9.591836734693878763e-02,3.727593720314941773e-03,9.967505434929146979e-01
-9.591836734693878763e-02,4.714866363457394238e-03,9.958974189871162563e-01
-9.591836734693878763e-02,5.963623316594642357e-03,9.948203082412200304e-01
-9.591836734693878763e-02,7.543120063354623143e-03,9.934610642186251228e-01
-9.591836734693878763e-02,9.540954763499944619e-03,9.917468326682779001e-01
-9.591836734693878763e-02,1.206792640639328847e-02,9.895865668512384694e-01
-9.591836734693878763e-02,1.526417967175233356e-02,9.868668585318018938e-01
-9.591836734693878763e-02,1.930697728883249559e-02,9.834470218733736280e-01
-9.591836734693878763e-02,2.442053094548649744e-02,9.791534671646764387e-01
-9.591836734693878763e-02,3.088843596477484910e-02,9.737734549611636314e-01
-9.591836734693878763e-02,3.906939937054620948e-02,9.670485535181826409e-01
-9.591836734693878763e-02,4.941713361323837872e-02,9.586683802542484978e-01
-9.591836734693878763e-02,6.250551925273975518e-02,9.482656965376259350e-01
-9.591836734693878763e-02,7.906043210907701124e-02,9.354145085143970029e-01
-9.591836734693878763e-02,1.000000000000000056e-01,9.196336876707986718e-01
-9.183673469387755584e-02,9.999999999999999547e-07,9.999850908685918860e-01
-9.183673469387755584e-02,1.264855216855295881e-06,9.999848599551319772e-01
-9.183673469387755584e-02,1.599858719606057360e-06,9.999845693226420140e-01
-9.183673469387755584e-02,2.023589647725155726e-06,9.999842001241350253e-01
-9.183673469387755584e-02,2.559547922699533382e-06,9.999837333637792147e-01
-9.183673469387755584e-02,3.237457542817646685e-06,9.999831435585793127e-01
-9.183673469387755584e-02,4.094915062380427237e-06,9.999823982298009506e-01
-9.183673469387755584e-02,5.179474679231212330e-06,9.999814542330228706e-01
-9.183673469387755584e-02,6.551285568595509496e-06,9.999802610793776525e-01
-9.183673469387755584e-02,8.286427728546842542e-06,9.999787498090310089e-01
-9.183673469387755584e-02,1.048113134154685250e-05,9.999768419335687275e-01
-9.183673469387755584e-02,1.325711365590110898e-05,9.999744259132649082e-01
-9.183673469387755584e-02,1.676832936811009972e-05,9.999713704401252956e-01
-9.183673469387755584e-02,2.120950887920192640e-05,9.999675077664973433e-01
-9.183673469387755584e-02,2.682695795279727390e-05,9.999626184119958516e-01
-9.183673469387755584e-02,3.393221771895329857e-05,9.999564372284126534e-01
-9.183673469387755584e-02,4.291934260128778017e-05,9.999486168339010161e-01
-9.183673469387755584e-02,5.428675439323859403e-05,9.999387275235966932e-01
-9.183673469387755584e-02,6.866488450042998925e-05,9.999262199937042350e-01
-9.183673469387755584e-02,8.685113737513520580e-05,9.999103985398515304e-01
-9.183673469387755584e-02,1.098541141987558346e-04,9.998903868147555052e-01
-9.183673469387755584e-02,1.389495494373137348e-04,9.998650743472979885e-01
-9.183673469387755584e-02,1.757510624854793067e-04,9.998330612486715507e-01
-9.183673469387755584e-02,2.222996482526195465e-04,9.997925711554366268e-01
-9.183673469387755584e-02,2.811768697974231118e-04,9.997413645071304700e-01
-9.183673469387755584e-02,3.556480306223128661e-04,9.996766010902341515e-01
-9.183673469387755584e-02,4.498432668969443876e-04,9.995946958175818686e-01
-9.183673469387755584e-02,5.689866029018298636e-04,9.994911148913956378e-01
-9.183673469387755584e-02,7.196856730011521675e-04,9.993601312591223751e-01
-9.183673469387755584e-02,9.102981779915217267e-04,9.991944992599971487e-01
-9.183673469387755584e-02,1.151395399326448146e-03,9.989850753994913291e-01
-9.183673469387755584e-02,1.456348477501244378e-03,9.987203017698768059e-01
-9.183673469387755584e-02,1.842069969326716331e-03,9.983855906578779082e-01
-9.183673469387755584e-02,2.329951810515372077e-03,9.979625308319677313e-01
-9.183673469387755584e-02,2.947051702551809708e-03,9.974279067501615748e-01
-9.183673469387755584e-02,3.727593720314941773e-03,9.967524587894998067e-01
-9.183673469387755584e-02,4.714866363457394238e-03,9.958993468355896717e-01
-9.183673469387755584e-02,5.963623316594642357e-03,9.948222568318589865e-01
-9.183673469387755584e-02,7.543120063354623143e-03,9.934630345032157139e-01
-9.183673469387755584e-02,9.540954763499944619e-03,9.917488302086107099e-01
-9.183673469387755584e-02,1.206792640639328847e-02,9.895885966359790897e-01
-9.183673469387755584e-02,1.526417967175233356e-02,9.868689246650600433e-01
-9.183673469387755584e-02,1.930697728883249559e-02,9.834491247772331191e-01
-9.183673469387755584e-02,2.442053094548649744e-02,9.791556120121255313e-01
-9.183673469387755584e-02,3.088843596477484910e-02,9.737756344159397282e-01
-9.183673469387755584e-02,3.906939937054620948e-02,9.670507548852047552e-01
-9.183673469387755584e-02,4.941713361323837872e-02,9.586705699723051533e-01
-9.183673469387755584e-02,6.250551925273975518e-02,9.482678128036713394e-01
-9.183673469387755584e-02,7.906043210907701124e-02,9.354164393717958603e-01
-9.183673469387755584e-02,1.000000000000000056e-01,9.196352466078628884e-01
-8.775510204081632404e-02,9.999999999999999547e-07,9.999862618221668775e-01
-8.775510204081632404e-02,1.264855216855295881e-06,9.999860306292525092e-01
-8.775510204081632404e-02,1.599858719606057360e-06,9.999857392690810753e-01
-8.775510204081632404e-02,2.023589647725155726e-06,9.999853727078849008e-01
-8.775510204081632404e-02,2.559547922699533382e-06,9.999849046894843108e-01
-8.775510204081632404e-02,3.237457542817646685e-06,9.999843128713251650e-01
-8.775510204081632404e-02,4.094915062380427237e-06,9.999835682893256639e-01
-8.775510204081632404e-02,5.179474679231212330e-06,9.999826241455460618e-01
-8.775510204081632404e-02,6.551285568595509496e-06,9.999814319192598111e-01
-8.775510204081632404e-02,8.286427728546842542e-06,9.999799212335030996e-01
-8.775510204081632404e-02,1.048113134154685250e-05,9.999780101446935632e-01
-8.775510204081632404e-02,1.325711365590110898e-05,9.999755972943538129e-01
-8.775510204081632404e-02,1.676832936811009972e-05,9.999725418297571444e-01
-8.775510204081632404e-02,2.120950887920192640e-05,9.999686781534445901e-01
-8.775510204081632404e-02,2.682695795279727390e-05,9.999637900942403013e-01
-8.775510204081632404e-02,3.393221771895329857e-05,9.999576089652418842e-01
-8.775510204081632404e-02,4.291934260128778017e-05,9.999497892211144379e-01
-8.775510204081632404e-02,5.428675439323859403e-05,9.999399006202309703e-01
-8.775510204081632404e-02,6.866488450042998925e-05,9.999273893350475451e-01
-8.775510204081632404e-02,8.685113737513520580e-05,9.999115690429870584e-01
-8.775510204081632404e-02,1.098541141987558346e-04,9.998915569686979143e-01
-8.775510204081632404e-02,1.389495494373137348e-04,9.998662456472277027e-01
-8.775510204081632404e-02,1.757510624854793067e-04,9.998342360402466822e-01
-8.775510204081632404e-02,2.222996482526195465e-04,9.997937485738351837e-01
-8.775510204081632404e-02,2.811768697974231118e-04,9.997425408290004922e-01
-8.775510204081632404e-02,3.556480306223128661e-04,9.996777778253094215e-01
-8.775510204081632404e-02,4.498432668969443876e-04,9.995958729926219810e-01
-8.775510204081632404e-02,5.689866029018298636e-04,9.994922957959166965e-01
-8.775510204081632404e-02,7.196856730011521675e-04,9.993613135541613568e-01
-8.775510204081632404e-02,9.102981779915217267e-04,9.991956852148827783e-01
-8.775510204081632404e-02,1.151395399326448146e-03,9.989862650526748489e-01
-8.775510204081632404e-02,1.456348477501244378e-03,9.987214960790390395e-01
-8.775510204081632404e-02,1.842069969326716331e-03,9.983867899211611441e-01
-8.775510204081632404e-02,2.329951810515372077e-03,9.979637406990822246e-01
-8.775510204081632404e-02,2.947051702551809708e-03,9.974291252156354259e-01
-8.775510204081632404e-02,3.727593720314941773e-03,9.967536872534304981e-01
-8.775510204081632404e-02,4.714866363457394238e-03,9.959005895941277497e-01
-8.775510204081632404e-02,5.963623316594642357e-03,9.948235144519118611e-01
-8.775510204081632404e-02,7.543120063354623143e-03,9.934643130715669068e-01
-8.775510204081632404e-02,9.540954763499944619e-03,9.917501317258873295e-01
-8.775510204081632404e-02,1.206792640639328847e-02,9.895899236797766063e-01
-8.775510204081632404e-02,1.526417967175233356e-02,9.868702761659854383e-01
-8.775510204081632404e-02,1.930697728883249559e-02,9.834505027254019094e-01
-8.775510204081632404e-02,2.442053094548649744e-02,9.791570063981858141e-01
-8.775510204081632404e-02,3.088843596477484910e-02,9.737770292878709100e-01
-8.775510204081632404e-02,3.906939937054620948e-02,9.670521127327400546e-01
-8.775510204081632404e-02,4.941713361323837872e-02,9.586718281691405386e-01
-8.775510204081632404e-02,6.250551925273975518e-02,9.482688588182703882e-01
-8.775510204081632404e-02,7.906043210907701124e-02,9.354170795905054625e-01
-8.775510204081632404e-02,1.000000000000000056e-01,9.196351771752290238e-01
-8.367346938775510612e-02,9.999999999999999547e-07,9.999868675699338239e-01
-8.367346938775510612e-02,1.264855216855295881e-06,9.999866384586519885e-01
-8.367346938775510612e-02,1.599858719606057360e-06,9.999863472666686848e-01
-8.367346938775510612e-02,2.023589647725155726e-06,9.999859780969119205e-01
-8.367346938775510612e-02,2.559547922699533382e-06,9.999855114363640496e-01
-8.367346938775510612e-02,3.237457542817646685e-06,9.999849216535223739e-01
-8.367346938775510612e-02,4.094915062380427237e-06,9.999841746977309320e-01
-8.367346938775510612e-02,5.179474679231212330e-06,9.999832313760443903e-01
-8.367346938775510612e-02,6.551285568595509496e-06,9.999820385236246612e-01
-8.367346938775510612e-02,8.286427728546842542e-06,9.999805291063420531e-01
-8.367346938775510612e-02,1.048113134154685250e-05,9.999786198054191333e-01
-8.367346938775510612e-02,1.325711365590110898e-05,9.999762038253533492e-01
-8.367346938775510612e-02,1.676832936811009972e-05,9.999731488191533346e-01
-8.367346938775510612e-02,2.120950887920192640e-05,9.999692840013909567e-01
-8.367346938775510612e-02,2.682695795279727390e-05,9.999643991265000365e-01
-8.367346938775510612e-02,3.393221771895329857e-05,9.999582153377937210e-01
-8.367346938775510612e-02,4.291934260128778017e-05,9.999503965203452305e-01
-8.367346938775510612e-02,5.428675439323859403e-05,9.999405074115985670e-01
-8.367346938775510612e-02,6.866488450042998925e-05,9.999279976590342844e-01
-8.367346938775510612e-02,8.685113737513520580e-05,9.999121769097268908e-01
-8.367346938775510612e-02,1.098541141987558346e-04,9.998921662238423602e-01
-8.367346938775510612e-02,1.389495494373137348e-04,9.998668557193785000e-01
-8.367346938775510612e-02,1.757510624854793067e-04,9.998348453837460070e-01
-8.367346938775510612e-02,2.222996482526195465e-04,9.997943582356483283e-01
-8.367346938775510612e-02,2.811768697974231118e-04,9.997431518763549851e-01
-8.367346938775510612e-02,3.556480306223128661e-04,9.996783915449571900e-01
-8.367346938775510612e-02,4.498432668969443876e-04,9.995964886185079168e-01
-8.367346938775510612e-02,5.689866029018298636e-04,9.994929118299809012e-01
-8.367346938775510612e-02,7.196856730011521675e-04,9.993619326576879125e-01
-8.367346938775510612e-02,9.102981779915217267e-04,9.991963078053049951e-01
-8.367346938775510612e-02,1.151395399326448146e-03,9.989868907215831983e-01
-8.367346938775510612e-02,1.456348477501244378e-03,9.987221265614817378e-01
-8.367346938775510612e-02,1.842069969326716331e-03,9.983874249639959064e-01
-8.367346938775510612e-02,2.329951810515372077e-03,9.979643824218042969e-01
-8.367346938775510612e-02,2.947051702551809708e-03,9.974297771436672067e-01
-8.367346938775510612e-02,3.727593720314941773e-03,9.967543502272337985e-01
-8.367346938775510612e-02,4.714866363457394238e-03,9.959012655361744182e-01
-8.367346938775510612e-02,5.963623316594642357e-03,9.948242063587057205e-01
-8.367346938775510612e-02,7.543120063354623143e-03,9.934650211351825355e-01
-8.367346938775510612e-02,9.540954763499944619e-03,9.917508601414176672e-01
-8.367346938775510612e-02,1.206792640639328847e-02,9.895906737622834903e-01
-8.367346938775510612e-02,1.526417967175233356e-02,9.868710458833654942e-01
-8.367346938775510612e-02,1.930697728883249559e-02,9.834512847931083934e-01
-8.367346938775510612e-02,2.442053094548649744e-02,9.791577857604605306e-01
-8.367346938775510612e-02,3.088843596477484910e-02,9.737777800472402490e-01
-8.367346938775510612e-02,3.906939937054620948e-02,9.670527855112827087e-01
-8.367346938775510612e-02,4.941713361323837872e-02,9.586723322659967961e-01
-8.367346938775510612e-02,6.250551925273975518e-02,9.482690450079397371e-01
-8.367346938775510612e-02,7.906043210907701124e-02,9.354167047965100679e-01
-8.367346938775510612e-02,1.000000000000000056e-01,9.196338429437537210e-01
-7.959183673469388820e-02,9.999999999999999547e-07,9.999870061969928781e-01
-7.959183673469388820e-02,1.264855216855295881e-06,9.999867760657081828e-01
-7.959183673469388820e-02,1.599858719606057360e-06,9.999864846210309022e-01
-7.959183673469388820e-02,2.023589647725155726e-06,9.999861151592169817e-01
-7.959183673469388820e-02,2.559547922699533382e-06,9.999856488279165179e-01
-7.959183673469388820e-02,3.237457542817646685e-06,9.999850601559663321e-01
-7.959183673469388820e-02,4.094915062380427237e-06,9.999843126004853699e-01
-7.959183673469388820e-02,5.179474679231212330e-06,9.999833702444242967e-01
-7.959183673469388820e-02,6.551285568595509496e-06,9.999821754979235644e-01
-7.959183673469388820e-02,8.286427728546842542e-06,9.999806662108161603e-01
-7.959183673469388820e-02,1.048113134154685250e-05,9.999787571132778830e-01
-7.959183673469388820e-02,1.325711365590110898e-05,9.999763402341205198e-01
-7.959183673469388820e-02,1.676832936811009972e-05,9.999732880237321986e-01
-7.959183673469388820e-02,2.120950887920192640e-05,9.999694237174684419e-01
-7.959183673469388820e-02,2.682695795279727390e-05,9.999645364308191731e-01
-7.959183673469388820e-02,3.393221771895329857e-05,9.999583542333145836e-01
-7.959183673469388820e-02,4.291934260128778017e-05,9.999505339370183821e-01
-7.959183673469388820e-02,5.428675439323859403e-05,9.999406442510574422e-01
-7.959183673469388820e-02,6.866488450042998925e-05,9.999281364741348099e-01
-7.959183673469388820e-02,8.685113737513520580e-05,9.999123158359839447e-01
-7.959183673469388820e-02,1.098541141987558346e-04,9.998923055938777615e-01
-7.959183673469388820e-02,1.389495494373137348e-04,9.998669964938891042e-01
-7.959183673469388820e-02,1.757510624854793067e-04,9.998349863270398208e-01
-7.959183673469388820e-02,2.222996482526195465e-04,9.997944982788489199e-01
-7.959183673469388820e-02,2.811768697974231118e-04,9.997432942569581815e-01
-7.959183673469388820e-02,3.556480306223128661e-04,9.996785335294852137e-01
-7.959183673469388820e-02,4.498432668969443876e-04,9.995966334352551774e-01
-7.959183673469388820e-02,5.689866029018298636e-04,9.994930604785651207e-01
-7.959183673469388820e-02,7.196856730011521675e-04,9.993620810956872491e-01
-7.959183673469388820e-02,9.102981779915217267e-04,9.991964603416083612e-01
-7.959183673469388820e-02,1.151395399326448146e-03,9.989870465748010853e-01
-7.959183673469388820e-02,1.456348477501244378e-03,9.987222861846721811e-01
-7.959183673469388820e-02,1.842069969326716331e-03,9.983875925782053073e-01
-7.959183673469388820e-02,2.329951810515372077e-03,9.979645543405979424e-01
-7.959183673469388820e-02,2.947051702551809708e-03,9.974299579691370266e-01
-7.959183673469388820e-02,3.727593720314941773e-03,9.967545408853736300e-01
-7.959183673469388820e-02,4.714866363457394238e-03,9.959014708096506352e-01
-7.959183673469388820e-02,5.963623316594642357e-03,9.948244254180774737e-01
-7.959183673469388820e-02,7.543120063354623143e-03,9.934652580916834008e-01
-7.959183673469388820e-02,9.540954763499944619e-03,9.917511147787115844e-01
-7.959183673469388820e-02,1.206792640639328847e-02,9.895909453773452658e-01
-7.959183673469388820e-02,1.526417967175233356e-02,9.868713313371639817e-01
-7.959183673469388820e-02,1.930697728883249559e-02,9.834515775398048332e-01
-7.959183673469388820e-02,2.442053094548649744e-02,9.791580692071406578e-01
-7.959183673469388820e-02,3.088843596477484910e-02,9.737780209810610321e-01
-7.959183673469388820e-02,3.906939937054620948e-02,9.670529208244650343e-01
-7.959183673469388820e-02,4.941713361323837872e-02,9.586722649908793192e-01
-7.959183673469388820e-02,6.250551925273975518e-02,9.482686006498174391e-01
-7.959183673469388820e-02,7.906043210907701124e-02,9.354156084266671556e-01
-7.959183673469388820e-02,1.000000000000000056e-01,9.196316472735562852e-01
-7.551020408163265640e-02,9.999999999999999547e-07,9.999867460754287007e-01
-7.551020408163265640e-02,1.264855216855295881e-06,9.999865168586166142e-01
-7.551020408163265640e-02,1.599858719606057360e-06,9.999862223972871833e-01
-7.551020408163265640e-02,2.023589647725155726e-06,9.999858552173082060e-01
-7.551020408163265640e-02,2.559547922699533382e-06,9.999853872007326006e-01
-7.551020408163265640e-02,3.237457542817646685e-06,9.999847998203098554e-01
-7.551020408163265640e-02,4.094915062380427237e-06,9.999840529444431469e-01
-7.551020408163265640e-02,5.179474679231212330e-06,9.999831092842036417e-01
-7.551020408163265640e-02,6.551285568595509496e-06,9.999819158062307478e-01
-7.551020408163265640e-02,8.286427728546842542e-06,9.999804068689290837e-01
-7.551020408163265640e-02,1.048113134154685250e-05,9.999784966589768676e-01
-7.551020408163265640e-02,1.325711365590110898e-05,9.999760810004759692e-01
-7.551020408163265640e-02,1.676832936811009972e-05,9.999730260163524065e-01
-7.551020408163265640e-02,2.120950887920192640e-05,9.999691626518424359e-01
-7.551020408163265640e-02,2.682695795279727390e-05,9.999642746597728893e-01
-7.551020408163265640e-02,3.393221771895329857e-05,9.999580933185385767e-01
-7.551020408163265640e-02,4.291934260128778017e-05,9.999502763681230588e-01
-7.551020408163265640e-02,5.428675439323859403e-05,9.999403881749370226e-01
-7.551020408163265640e-02,6.866488450042998925e-05,9.999278793482478944e-01
-7.551020408163265640e-02,8.685113737513520580e-05,9.999120574800389738e-01
-7.551020408163265640e-02,1.098541141987558346e-04,9.998920479397365169e-01
-7.551020408163265640e-02,1.389495494373137348e-04,9.998667389802396999e-01
-7.551020408163265640e-02,1.757510624854793067e-04,9.998347288122387821e-01
-7.551020408163265640e-02,2.222996482526195465e-04,9.997942438130500431e-01
-7.551020408163265640e-02,2.811768697974231118e-04,9.997430383569934076e-01
-7.551020408163265640e-02,3.556480306223128661e-04,9.996782798266761194e-01
-7.551020408163265640e-02,4.498432668969443876e-04,9.995963797854716670e-01
-7.551020408163265640e-02,5.689866029018298636e-04,9.994928084412511016e-01
-7.551020408163265640e-02,7.196856730011521675e-04,9.993618322552658695e-01
-7.551020408163265640e-02,9.102981779915217267e-04,9.991962128942266652e-01
-7.551020408163265640e-02,1.151395399326448146e-03,9.989868034233480021e-01
-7.551020408163265640e-02,1.456348477501244378e-03,9.987220517203178050e-01
-7.551020408163265640e-02,1.842069969326716331e-03,9.983873623193393332e-01
-7.551020408163265640e-02,2.329951810515372077e-03,9.979643314935496834e-01
-7.551020408163265640e-02,2.947051702551809708e-03,9.974297423222613368e-01
-7.551020408163265640e-02,3.727593720314941773e-03,9.967543375843690434e-01
-7.551020408163265640e-02,4.714866363457394238e-03,9.959012775173866627e-01
-7.551020408163265640e-02,5.963623316594642357e-03,9.948242494382334433e-01
-7.551020408163265640e-02,7.543120063354623143e-03,9.934650983500936672e-01
-7.551020408163265640e-02,9.540954763499944619e-03,9.917509713078317413e-01
-7.551020408163265640e-02,1.206792640639328847e-02,9.895908220167547453e-01
-7.551020408163265640e-02,1.526417967175233356e-02,9.868712234574106290e-01
-7.551020408163265640e-02,1.930697728883249559e-02,9.834514753660412723e-01
-7.551020408163265640e-02,2.442053094548649744e-02,9.791579558921179594e-01
-7.551020408163265640e-02,3.088843596477484910e-02,9.737778613665238892e-01
-7.551020408163265640e-02,3.906939937054620948e-02,9.670526562432104623e-01
-7.551020408163265640e-02,4.941713361323837872e-02,9.586717871206797970e-01
-7.551020408163265640e-02,6.250551925273975518e-02,9.482677431542709812e-01
-7.551020408163265640e-02,7.906043210907701124e-02,9.354140827721016960e-01
-7.551020408163265640e-02,1.000000000000000056e-01,9.196290017580203147e-01
-7.142857142857142461e-02,9.999999999999999547e-07,9.999861472137222540e-01
-7.142857142857142461e-02,1.264855216855295881e-06,9.999859158268065151e-01
-7.142857142857142461e-02,1.599858719606057360e-06,9.999856260857797885e-01
-7.142857142857142461e-02,2.023589647725155726e-06,9.999852571374812094e-01
-7.142857142857142461e-02,2.559547922699533382e-06,9.999847900333075357e-01
-7.142857142857142461e-02,3.237457542817646685e-06,9.999842006267435357e-01
-7.142857142857142461e-02,4.094915062380427237e-06,9.999834544940222614e-01
-7.142857142857142461e-02,5.179474679231212330e-06,9.999825114986865549e-01
-7.142857142857142461e-02,6.551285568595509496e-06,9.999813177749115045e-01
-7.142857142857142461e-02,8.286427728546842542e-06,9.999798093124608878e-01
-7.142857142857142461e-02,1.048113134154685250e-05,9.999778986120944069e-01
-7.142857142857142461e-02,1.325711365590110898e-05,9.999754842022953172e-01
-7.142857142857142461e-02,1.676832936811009972e-05,9.999724294008237591e-01
-7.142857142857142461e-02,2.120950887920192640e-05,9.999685652195822172e-01
-7.142857142857142461e-02,2.682695795279727390e-05,9.999636775520447385e-01
-7.142857142857142461e-02,3.393221771895329857e-05,9.999574961750632429e-01
-7.142857142857142461e-02,4.291934260128778017e-05,9.999496775918531588e-01
-7.142857142857142461e-02,5.428675439323859403e-05,9.999397884545699888e-01
-7.142857142857142461e-02,6.866488450042998925e-05,9.999272820629983016e-01
-7.142857142857142461e-02,8.685113737513520580e-05,9.999114615771922399e-01
-7.142857142857142461e-02,1.098541141987558346e-04,9.998914519276098645e-01
-7.142857142857142461e-02,1.389495494373137348e-04,9.998661421848352715e-01
-7.142857142857142461e-02,1.757510624854793067e-04,9.998341320209829242e-01
-7.142857142857142461e-02,2.222996482526195465e-04,9.997936485408461804e-01
-7.142857142857142461e-02,2.811768697974231118e-04,9.997424455750580918e-01
-7.142857142857142461e-02,3.556480306223128661e-04,9.996776866344001533e-01
-7.142857142857142461e-02,4.498432668969443876e-04,9.995957896826997979e-01
-7.142857142857142461e-02,5.689866029018298636e-04,9.994922181248178106e-01
-7.142857142857142461e-02,7.196856730011521675e-04,9.993612466587213916e-01
-7.142857142857142461e-02,9.102981779915217267e-04,9.991956308855367563e-01
-7.142857142857142461e-02,1.151395399326448146e-03,9.989862246721465944e-01
-7.142857142857142461e-02,1.456348477501244378e-03,9.987214744331535110e-01
-7.142857142857142461e-02,1.842069969326716331e-03,9.983867929800307461e-01
-7.142857142857142461e-02,2.329951810515372077e-03,9.979637714257482140e-01
-7.142857142857142461e-02,2.947051702551809708e-03,9.974291909873989059e-01
-7.142857142857142461e-02,3.727593720314941773e-03,9.967537976616063222e-01
-7.142857142857142461e-02,4.714866363457394238e-03,9.959007500681600344e-01
-7.142857142857142461e-02,5.963623316594642357e-03,9.948237380561447685e-01
-7.142857142857142461e-02,7.543120063354623143e-03,9.934646055287689181e-01
-7.142857142857142461e-02,9.540954763499944619e-03,9.917504992379889694e-01
-7.142857142857142461e-02,1.206792640639328847e-02,9.895903696299335195e-01
-7.142857142857142461e-02,1.526417967175233356e-02,9.868707901071946953e-01
-7.142857142857142461e-02,1.930697728883249559e-02,9.834510539792293837e-01
-7.142857142857142461e-02,2.442053094548649744e-02,9.791575304398011381e-01
-7.142857142857142461e-02,3.088843596477484910e-02,9.737774016278021305e-01
-7.142857142857142461e-02,3.906939937054620948e-02,9.670521073653831623e-01
-7.142857142857142461e-02,4.941713361323837872e-02,9.586710538592478903e-01
-7.142857142857142461e-02,6.250551925273975518e-02,9.482666634104214287e-01
-7.142857142857142461e-02,7.906043210907701124e-02,9.354123979638235831e-01
-7.142857142857142461e-02,1.000000000000000056e-01,9.196262879497453246e-01
-6.734693877551020669e-02,9.999999999999999547e-07,9.999852583822392837e-01
-6.734693877551020669e-02,1.264855216855295881e-06,9.999850275219579476e-01
-6.734693877551020669e-02,1.599858719606057360e-06,9.999847352010776680e-01
-6.734693877551020669e-02,2.023589647725155726e-06,9.999843694630863311e-01
-6.734693877551020669e-02,2.559547922699533382e-06,9.999838998836555470e-01
-6.734693877551020669e-02,3.237457542817646685e-06,9.999833113182166056e-01
-6.734693877551020669e-02,4.094915062380427237e-06,9.999825653822754790e-01
-6.734693877551020669e-02,5.179474679231212330e-06,9.999816223596503795e-01
-6.734693877551020669e-02,6.551285568595509496e-06,9.999804290191353084e-01
-6.734693877551020669e-02,8.286427728546842542e-06,9.999789192189225684e-01
-6.734693877551020669e-02,1.048113134154685250e-05,9.999770092451119030e-01
-6.734693877551020669e-02,1.325711365590110898e-05,9.999745956981658246e-01
-6.734693877551020669e-02,1.676832936811009972e-05,9.999715407687235214e-01
-6.734693877551020669e-02,2.120950887920192640e-05,9.999676756785809140e-01
-6.734693877551020669e-02,2.682695795279727390e-05,9.999627877948791266e-01
-6.734693877551020669e-02,3.393221771895329857e-05,9.999566078296165950e-01
-6.734693877551020669e-02,4.291934260128778017e-05,9.999487899077723618e-01
-6.734693877551020669e-02,5.428675439323859403e-05,9.999389018189279721e-01
-6.734693877551020669e-02,6.866488450042998925e-05,9.999263930695374558e-01
-6.734693877551020669e-02,8.685113737513520580e-05,9.999105729721874392e-01
-6.734693877551020669e-02,1.098541141987558346e-04,9.998905632248958897e-01
-6.734693877551020669e-02,1.389495494373137348e-04,9.998652562310751390e-01
-6.734693877551020669e-02,1.757510624854793067e-04,9.998332472285482719e-01
-6.734693877551020669e-02,2.222996482526195465e-04,9.997927623352316218e-01
-6.734693877551020669e-02,2.811768697974231118e-04,9.997415603406133444e-01
-6.734693877551020669e-02,3.556480306223128661e-04,9.996768039153927088e-01
-6.734693877551020669e-02,4.498432668969443876e-04,9.995949085510689169e-01
-6.734693877551020669e-02,5.689866029018298636e-04,9.994913386958690360e-01
-6.734693877551020669e-02,7.196856730011521675e-04,9.993603699303659216e-01
-6.734693877551020669e-02,9.102981779915217267e-04,9.991947560878400303e-01
-6.734693877551020669e-02,1.151395399326448146e-03,9.989853562541476384e-01
-6.734693877551020669e-02,1.456348477501244378e-03,9.987206105949045787e-01
-6.734693877551020669e-02,1.842069969326716331e-03,9.983859349460150190e-01
-6.734693877551020669e-02,2.329951810515372077e-03,9.979629211316770609e-01
-6.734693877551020669e-02,2.947051702551809708e-03,9.974283513290543857e-01
-6.734693877551020669e-02,3.727593720314941773e-03,9.967529698864886489e-01
-6.734693877551020669e-02,4.714866363457394238e-03,9.958999390731798629e-01
-6.734693877551020669e-02,5.963623316594642357e-03,9.948229408683587627e-01
-6.734693877551020669e-02,7.543120063354623143e-03,9.934638304418357269e-01
-6.734693877551020669e-02,9.540954763499944619e-03,9.917497485256761003e-01
-6.734693877551020669e-02,1.206792640639328847e-02,9.895896443902221229e-01
-6.734693877551020669e-02,1.526417967175233356e-02,9.868700894619482078e-01
-6.734693877551020669e-02,1.930697728883249559e-02,9.834503777593854856e-01
-6.734693877551020669e-02,2.442053094548649744e-02,9.791568635447580604e-01
-6.734693877551020669e-02,3.088843596477484910e-02,9.737767228077506276e-01
-6.734693877551020669e-02,3.906939937054620948e-02,9.670513734747300250e-01
-6.734693877551020669e-02,4.941713361323837872e-02,9.586701850160161964e-01
-6.734693877551020669e-02,6.250551925273975518e-02,9.482655282774721250e-01
-6.734693877551020669e-02,7.906043210907701124e-02,9.354107716124023808e-01
-6.734693877551020669e-02,1.000000000000000056e-01,9.196238166896432142e-01
-6.326530612244898877e-02,9.999999999999999547e-07,9.999841194197729433e-01
-6.326530612244898877e-02,1.264855216855295881e-06,9.999838892990823291e-01
-6.326530612244898877e-02,1.599858719606057360e-06,9.999835977551182475e-01
-6.326530612244898877e-02,2.023589647725155726e-06,9.999832286867688103e-01
-6.326530612244898877e-02,2.559547922699533382e-06,9.999827633499859258e-01
-6.326530612244898877e-02,3.237457542817646685e-06,9.999821730158258148e-01
-6.326530612244898877e-02,4.094915062380427237e-06,9.999814265064403962e-01
-6.326530612244898877e-02,5.179474679231212330e-06,9.999804828529609280e-01
-6.326530612244898877e-02,6.551285568595509496e-06,9.999792900420271247e-01
-6.326530612244898877e-02,8.286427728546842542e-06,9.999777809813373830e-01
-6.326530612244898877e-02,1.048113134154685250e-05,9.999758713046348335e-01
-6.326530612244898877e-02,1.325711365590110898e-05,9.999734567243787620e-01
-6.326530612244898877e-02,1.676832936811009972e-05,9.999704021960742484e-01
-6.326530612244898877e-02,2.120950887920192640e-05,9.999665376109273529e-01
-6.326530612244898877e-02,2.682695795279727390e-05,9.999616505631995222e-01
-6.326530612244898877e-02,3.393221771895329857e-05,9.999554695725394460e-01
-6.326530612244898877e-02,4.291934260128778017e-05,9.999476514702072549e-01
-6.326530612244898877e-02,5.428675439323859403e-05,9.999377630400644312e-01
-6.326530612244898877e-02,6.866488450042998925e-05,9.999252550805818318e-01
-6.326530612244898877e-02,8.685113737513520580e-05,9.999094356504661940e-01
-6.326530612244898877e-02,1.098541141987558346e-04,9.998894268040673383e-01
-6.326530612244898877e-02,1.389495494373137348e-04,9.998641187904534489e-01
-6.326530612244898877e-02,1.757510624854793067e-04,9.998321119245728861e-01
-6.326530612244898877e-02,2.222996482526195465e-04,9.997916270183152543e-01
-6.326530612244898877e-02,2.811768697974231118e-04,9.997404274441837879e-01
-6.326530612244898877e-02,3.556480306223128661e-04,9.996756731599714119e-01
-6.326530612244898877e-02,4.498432668969443876e-04,9.995937782380158731e-01
-6.326530612244898877e-02,5.689866029018298636e-04,9.994902123672890770e-01
-6.326530612244898877e-02,7.196856730011521675e-04,9.993592442661232145e-01
-6.326530612244898877e-02,9.102981779915217267e-04,9.991936360711431986e-01
-6.326530612244898877e-02,1.151395399326448146e-03,9.989842389064955697e-01
-6.326530612244898877e-02,1.456348477501244378e-03,9.987194993720126535e-01
-6.326530612244898877e-02,1.842069969326716331e-03,9.983848306839672171e-01
-6.326530612244898877e-02,2.329951810515372077e-03,9.979618245032192414e-01
-6.326530612244898877e-02,2.947051702551809708e-03,9.974272682058236139e-01
-6.326530612244898877e-02,3.727593720314941773e-03,9.967518978220754056e-01
-6.326530612244898877e-02,4.714866363457394238e-03,9.958988824915945282e-01
-6.326530612244898877e-02,5.963623316594642357e-03,9.948219055137295097e-01
-6.326530612244898877e-02,7.543120063354623143e-03,9.934628165278089895e-01
-6.326530612244898877e-02,9.540954763499944619e-03,9.917487629228568524e-01
-6.326530612244898877e-02,1.206792640639328847e-02,9.895886899554726668e-01
-6.326530612244898877e-02,1.526417967175233356e-02,9.868691686334087887e-01
-6.326530612244898877e-02,1.930697728883249559e-02,9.834494921350384056e-01
-6.326530612244898877e-02,2.442053094548649744e-02,9.791560105425449745e-01
-6.326530612244898877e-02,3.088843596477484910e-02,9.737758865283425713e-01
-6.326530612244898877e-02,3.906939937054620948e-02,9.670505240336408903e-01
-6.326530612244898877e-02,4.941713361323837872e-02,9.586692695694509769e-01
-6.326530612244898877e-02,6.250551925273975518e-02,9.482644469069702042e-01
-6.326530612244898877e-02,7.906043210907701124e-02,9.354093596493447960e-01
-6.326530612244898877e-02,1.000000000000000056e-01,9.196218048223075980e-01
-5.918367346938775697e-02,9.999999999999999547e-07,9.999827724506470394e-01
-5.918367346938775697e-02,1.264855216855295881e-06,9.999825424845236732e-01
-5.918367346938775697e-02,1.599858719606057360e-06,9.999822510327242009e-01
-5.918367346938775697e-02,2.023589647725155726e-06,9.999818816907365404e-01
-5.918367346938775697e-02,2.559547922699533382e-06,9.999814138439739875e-01
-5.918367346938775697e-02,3.237457542817646685e-06,9.999808257249012122e-01
-5.918367346938775697e-02,4.094915062380427237e-06,9.999800800713873894e-01
-5.918367346938775697e-02,5.179474679231212330e-06,9.999791363525299959e-01
-5.918367346938775697e-02,6.551285568595509496e-06,9.999779418323236913e-01
-5.918367346938775697e-02,8.286427728546842542e-06,9.999764345273908228e-01
-5.918367346938775697e-02,1.048113134154685250e-05,9.999745240953150649e-01
-5.918367346938775697e-02,1.325711365590110898e-05,9.999721099117913070e-01
-5.918367346938775697e-02,1.676832936811009972e-05,9.999690539473148343e-01
-5.918367346938775697e-02,2.120950887920192640e-05,9.999651904166797500e-01
-5.918367346938775697e-02,2.682695795279727390e-05,9.999603044583251776e-01
-5.918367346938775697e-02,3.393221771895329857e-05,9.999541238448955704e-01
-5.918367346938775697e-02,4.291934260128778017e-05,9.999463053164848736e-01
-5.918367346938775697e-02,5.428675439323859403e-05,9.999364167671984660e-01
-5.918367346938775697e-02,6.866488450042998925e-05,9.999239097469725390e-01
-5.918367346938775697e-02,8.685113737513520580e-05,9.999080895478185127e-01
-5.918367346938775697e-02,1.098541141987558346e-04,9.998880821759875692e-01
-5.918367346938775697e-02,1.389495494373137348e-04,9.998627746472172895e-01
-5.918367346938775697e-02,1.757510624854793067e-04,9.998307666439087971e-01
-5.918367346938775697e-02,2.222996482526195465e-04,9.997902853116241717e-01
-5.918367346938775697e-02,2.811768697974231118e-04,9.997390856442480711e-01
-5.918367346938775697e-02,3.556480306223128661e-04,9.996743319569832975e-01
-5.918367346938775697e-02,4.498432668969443876e-04,9.995924397639082137e-01
-5.918367346938775697e-02,5.689866029018298636e-04,9.994888766220029197e-01
-5.918367346938775697e-02,7.196856730011521675e-04,9.993579117803308431e-01
-5.918367346938775697e-02,9.102981779915217267e-04,9.991923070781117966e-01
-5.918367346938775697e-02,1.151395399326448146e-03,9.989829139863620755e-01
-5.918367346938775697e-02,1.456348477501244378e-03,9.987181797977925379e-01
-5.918367346938775697e-02,1.842069969326716331e-03,9.983835200332816795e-01
-5.918367346938775697e-02,2.329951810515372077e-03,9.979605236979655070e-01
-5.918367346938775697e-02,2.947051702551809708e-03,9.974259764184318922e-01
-5.918367346938775697e-02,3.727593720314941773e-03,9.967506223570843371e-01
-5.918367346938775697e-02,4.714866363457394238e-03,9.958976241542145669e-01
-5.918367346938775697e-02,5.963623316594642357e-03,9.948206698928215852e-01
-5.918367346938775697e-02,7.543120063354623143e-03,9.934616079967042435e-01
-5.918367346938775697e-02,9.540954763499944619e-03,9.917475857161313080e-01
-5.918367346938775697e-02,1.206792640639328847e-02,9.895875485443766939e-01
-5.918367346938775697e-02,1.526417967175233356e-02,9.868680721648988019e-01
-5.918367346938775697e-02,1.930697728883249559e-02,9.834484439905955000e-01
-5.918367346938775697e-02,2.442053094548649744e-02,9.791550113011153744e-01
-5.918367346938775697e-02,3.088843596477484910e-02,9.737749357768593628e-01
-5.918367346938775697e-02,3.906939937054620948e-02,9.670496094232486906e-01
-5.918367346938775697e-02,4.941713361323837872e-02,9.586683617363987997e-01
-5.918367346938775697e-02,6.250551925273975518e-02,9.482634847089973507e-01
-5.918367346938775697e-02,7.906043210907701124e-02,9.354082411358465299e-01
-5.918367346938775697e-02,1.000000000000000056e-01,9.196203531863923475e-01
-5.510204081632653211e-02,9.999999999999999547e-07,9.999812597061036312e-01
-5.510204081632653211e-02,1.264855216855295881e-06,9.999810286703914031e-01
-5.510204081632653211e-02,1.599858719606057360e-06,9.999807355238590212e-01
-5.510204081632653211e-02,2.023589647725155726e-06,9.999803684509620538e-01
-5.510204081632653211e-02,2.559547922699533382e-06,9.999799025139769482e-01
-5.510204081632653211e-02,3.237457542817646685e-06,9.999793110353831782e-01
-5.510204081632653211e-02,4.094915062380427237e-06,9.999785659890827461e-01
-5.510204081632653211e-02,5.179474679231212330e-06,9.999776233106841827e-01
-5.510204081632653211e-02,6.551285568595509496e-06,9.999764295463454689e-01
-5.510204081632653211e-02,8.286427728546842542e-06,9.999749202098097145e-01
-5.510204081632653211e-02,1.048113134154685250e-05,9.999730107127683398e-01
-5.510204081632653211e-02,1.325711365590110898e-05,9.999705955651478906e-01
-5.510204081632653211e-02,1.676832936811009972e-05,9.999675412279783737e-01
-5.510204081632653211e-02,2.120950887920192640e-05,9.999636776744198485e-01
-5.510204081632653211e-02,2.682695795279727390e-05,9.999587922640451598e-01
-5.510204081632653211e-02,3.393221771895329857e-05,9.999526099654603151e-01
-5.510204081632653211e-02,4.291934260128778017e-05,9.999447921591915200e-01
-5.510204081632653211e-02,5.428675439323859403e-05,9.999349034968233463e-01
-5.510204081632653211e-02,6.866488450042998925e-05,9.999223979343879742e-01
-5.510204081632653211e-02,8.685113737513520580e-05,9.999065804514158939e-01
-5.510204081632653211e-02,1.098541141987558346e-04,9.998865707603509234e-01
-5.510204081632653211e-02,1.389495494373137348e-04,9.998612635045727171e-01
-5.510204081632653211e-02,1.757510624854793067e-04,9.998292581392604905e-01
-5.510204081632653211e-02,2.222996482526195465e-04,9.997887757529254626e-01
-5.510204081632653211e-02,2.811768697974231118e-04,9.997375778648350808e-01
-5.510204081632653211e-02,3.556480306223128661e-04,9.996728260158743717e-01
-5.510204081632653211e-02,4.498432668969443876e-04,9.995909339352447853e-01
-5.510204081632653211e-02,5.689866029018298636e-04,9.994873740204642809e-01
-5.510204081632653211e-02,7.196856730011521675e-04,9.993564128500720400e-01
-5.510204081632653211e-02,9.102981779915217267e-04,9.991908121065985471e-01
-5.510204081632653211e-02,1.151395399326448146e-03,9.989814241586333354e-01
-5.510204081632653211e-02,1.456348477501244378e-03,9.987166966473877139e-01
-5.510204081632653211e-02,1.842069969326716331e-03,9.983820429503070804e-01
-5.510204081632653211e-02,2.329951810515372077e-03,9.979590565101703614e-01
-5.510204081632653211e-02,2.947051702551809708e-03,9.974245221585689158e-01
-5.510204081632653211e-02,3.727593720314941773e-03,9.967491828815830957e-01
-5.510204081632653211e-02,4.714866363457394238e-03,9.958962040692587170e-01
-5.510204081632653211e-02,5.963623316594642357e-03,9.948192720649412513e-01
-5.510204081632653211e-02,7.543120063354623143e-03,9.934602377869228285e-01
-5.510204081632653211e-02,9.540954763499944619e-03,9.917462503213236857e-01
-5.510204081632653211e-02,1.206792640639328847e-02,9.895862572296126869e-01
-5.510204081632653211e-02,1.526417967175233356e-02,9.868668315373334554e-01
-5.510204081632653211e-02,1.930697728883249559e-02,9.834472633356093896e-01
-5.510204081632653211e-02,2.442053094548649744e-02,9.791538994609836344e-01
-5.510204081632653211e-02,3.088843596477484910e-02,9.737739000068726947e-01
-5.510204081632653211e-02,3.906939937054620948e-02,9.670486521711419980e-01
-5.510204081632653211e-02,4.941713361323837872e-02,9.586674765798148812e-01
-5.510204081632653211e-02,6.250551925273975518e-02,9.482626563594735991e-01
-5.510204081632653211e-02,7.906043210907701124e-02,9.354074212907868002e-01
-5.510204081632653211e-02,1.000000000000000056e-01,9.196194586255711512e-01
-5.102040816326530726e-02,9.999999999999999547e-07,9.999796248443582058e-01
-5.102040816326530726e-02,1.264855216855295881e-06,9.999793936063022803e-01
-5.102040816326530726e-02,1.599858719606057360e-06,9.999791031676520392e-01
-5.102040816326530726e-02,2.023589647725155726e-06,9.999787342449050209e-01
-5.102040816326530726e-02,2.559547922699533382e-06,9.999782699472637981e-01
-5.102040816326530726e-02,3.237457542817646685e-06,9.999776792220584909e-01
-5.102040816326530726e-02,4.094915062380427237e-06,9.999769321036896530e-01
-5.102040816326530726e-02,5.179474679231212330e-06,9.999759894003564797e-01
-5.102040816326530726e-02,6.551285568595509496e-06,9.999747957861141456e-01
-5.102040816326530726e-02,8.286427728546842542e-06,9.999732864819563805e-01
-5.102040816326530726e-02,1.048113134154685250e-05,9.999713780107292171e-01
-5.102040816326530726e-02,1.325711365590110898e-05,9.999689630026799003e-01
-5.102040816326530726e-02,1.676832936811009972e-05,9.999659066842971900e-01
-5.102040816326530726e-02,2.120950887920192640e-05,9.999620444070607128e-01
-5.102040816326530726e-02,2.682695795279727390e-05,9.999571589669514760e-01
-5.102040816326530726e-02,3.393221771895329857e-05,9.999509772922021700e-01
-5.102040816326530726e-02,4.291934260128778017e-05,9.999431602241952710e-01
-5.102040816326530726e-02,5.428675439323859403e-05,9.999332717999120934e-01
-5.102040816326530726e-02,6.866488450042998925e-05,9.999207659281894589e-01
-5.102040816326530726e-02,8.685113737513520580e-05,9.999049475896154560e-01
-5.102040816326530726e-02,1.098541141987558346e-04,9.998849388306045860e-01
-5.102040816326530726e-02,1.389495494373137348e-04,9.998596326884703345e-01
-5.102040816326530726e-02,1.757510624854793067e-04,9.998276270444584890e-01
-5.102040816326530726e-02,2.222996482526195465e-04,9.997871462602121451e-01
-5.102040816326530726e-02,2.811768697974231118e-04,9.997359498498369357e-01
-5.102040816326530726e-02,3.556480306223128661e-04,9.996711996063463168e-01
-5.102040816326530726e-02,4.498432668969443876e-04,9.995893124452949197e-01
-5.102040816326530726e-02,5.689866029018298636e-04,9.994857521351897534e-01
-5.102040816326530726e-02,7.196856730011521675e-04,9.993547938982763057e-01
-5.102040816326530726e-02,9.102981779915217267e-04,9.991891964399729487e-01
-5.102040816326530726e-02,1.151395399326448146e-03,9.989798135582671490e-01
-5.102040816326530726e-02,1.456348477501244378e-03,9.987150910626086953e-01
-5.102040816326530726e-02,1.842069969326716331e-03,9.983804467250884107e-01
-5.102040816326530726e-02,2.329951810515372077e-03,9.979574695253792260e-01
-5.102040816326530726e-02,2.947051702551809708e-03,9.974229450073415215e-01
-5.102040816326530726e-02,3.727593720314941773e-03,9.967476223881149844e-01
-5.102040816326530726e-02,4.714866363457394238e-03,9.958946601671344601e-01
-5.102040816326530726e-02,5.963623316594642357e-03,9.948177535765866386e-01
-5.102040816326530726e-02,7.543120063354623143e-03,9.934587493357938115e-01
-5.102040816326530726e-02,9.540954763499944619e-03,9.917447989952635767e-01
-5.102040816326530726e-02,1.206792640639328847e-02,9.895848498781060210e-01
-5.102040816326530726e-02,1.526417967175233356e-02,9.868654802858378705e-01
-5.102040816326530726e-02,1.930697728883249559e-02,9.834459783441067415e-01
-5.102040816326530726e-02,2.442053094548649744e-02,9.791526972488572289e-01
-5.102040816326530726e-02,3.088843596477484910e-02,9.737727943343592596e-01
-5.102040816326530726e-02,3.906939937054620948e-02,9.670476591073015049e-01
-5.102040816326530726e-02,4.941713361323837872e-02,9.586666115367257213e-01
-5.102040816326530726e-02,6.250551925273975518e-02,9.482619286803284364e-01
-5.102040816326530726e-02,7.906043210907701124e-02,9.354068417843286465e-01
-5.102040816326530726e-02,1.000000000000000056e-01,9.196190199740084115e-01
-4.693877551020408240e-02,9.999999999999999547e-07,9.999779208704105971e-01
-4.693877551020408240e-02,1.264855216855295881e-06,9.999776913854391269e-01
-4.693877551020408240e-02,1.599858719606057360e-06,9.999774003391762589e-01
-4.693877551020408240e-02,2.023589647725155726e-06,9.999770311221882757e-01
-4.693877551020408240e-02,2.559547922699533382e-06,9.999765649368156373e-01
-4.693877551020408240e-02,3.237457542817646685e-06,9.999759760269507636e-01
-4.693877551020408240e-02,4.094915062380427237e-06,9.999752274526219065e-01
-4.693877551020408240e-02,5.179474679231212330e-06,9.999742867583322203e-01
-4.693877551020408240e-02,6.551285568595509496e-06,9.999730930675387874e-01
-4.693877551020408240e-02,8.286427728546842542e-06,9.999715825117101442e-01
-4.693877551020408240e-02,1.048113134154685250e-05,9.999696742129796645e-01
-4.693877551020408240e-02,1.325711365590110898e-05,9.999672600499671660e-01
-4.693877551020408240e-02,1.676832936811009972e-05,9.999642044853658263e-01
-4.693877551020408240e-02,2.120950887920192640e-05,9.999603424981617916e-01
-4.693877551020408240e-02,2.682695795279727390e-05,9.999554555010368162e-01
-4.693877551020408240e-02,3.393221771895329857e-05,9.999492750872555069e-01
-4.693877551020408240e-02,4.291934260128778017e-05,9.999414573361117275e-01
-4.693877551020408240e-02,5.428675439323859403e-05,9.999315697970806438e-01
-4.693877551020408240e-02,6.866488450042998925e-05,9.999190637011232674e-01
-4.693877551020408240e-02,8.685113737513520580e-05,9.999032453025481493e-01
-4.693877551020408240e-02,1.098541141987558346e-04,9.998832383367602938e-01
-4.693877551020408240e-02,1.389495494373137348e-04,9.998579329282049066e-01
-4.693877551020408240e-02,1.757510624854793067e-04,9.998259283929060715e-01
-4.693877551020408240e-02,2.222996482526195465e-04,9.997854472667302428e-01
-4.693877551020408240e-02,2.811768697974231118e-04,9.997342518370486708e-01
-4.693877551020408240e-02,3.556480306223128661e-04,9.996695028126242333e-01
-4.693877551020408240e-02,4.498432668969443876e-04,9.995876159100709479e-01
-4.693877551020408240e-02,5.689866029018298636e-04,9.994840588469383613e-01
-4.693877551020408240e-02,7.196856730011521675e-04,9.993531050084548673e-01
-4.693877551020408240e-02,9.102981779915217267e-04,9.991875094414157665e-01
-4.693877551020408240e-02,1.151395399326448146e-03,9.989781308380343283e-01
-4.693877551020408240e-02,1.456348477501244378e-03,9.987134152362332484e-01
-4.693877551020408240e-02,1.842069969326716331e-03,9.983787767973737459e-01
-4.693877551020408240e-02,2.329951810515372077e-03,9.979558091777001039e-01
-4.693877551020408240e-02,2.947051702551809708e-03,9.974212975680641913e-01
-4.693877551020408240e-02,3.727593720314941773e-03,9.967459868653694155e-01
-4.693877551020408240e-02,4.714866363457394238e-03,9.958930436368048644e-01
-4.693877551020408240e-02,5.963623316594642357e-03,9.948161586463900585e-01
-4.693877551020408240e-02,7.543120063354623143e-03,9.934571835985930299e-01
-4.693877551020408240e-02,9.540954763499944619e-03,9.917432688295724219e-01
-4.693877551020408240e-02,1.206792640639328847e-02,9.895833639425860584e-01
-4.693877551020408240e-02,1.526417967175233356e-02,9.868640495020121195e-01
-4.693877551020408240e-02,1.930697728883249559e-02,9.834446175750838348e-01
-4.693877551020408240e-02,2.442053094548649744e-02,9.791514217195463887e-01
-4.693877551020408240e-02,3.088843596477484910e-02,9.737716243040601682e-01
-4.693877551020408240e-02,3.906939937054620948e-02,9.670466190616625601e-01
-4.693877551020408240e-02,4.941713361323837872e-02,9.586657314284627862e-01
-4.693877551020408240e-02,6.250551925273975518e-02,9.482612422081256875e-01
-4.693877551020408240e-02,7.906043210907701124e-02,9.354063891643091821e-01
-4.693877551020408240e-02,1.000000000000000056e-01,9.196188522293335943e-01
-4.285714285714285754e-02,9.999999999999999547e-07,9.999762029342906811e-01
-4.285714285714285754e-02,1.264855216855295881e-06,9.999759729542719855e-01
-4.285714285714285754e-02,1.599858719606057360e-06,9.999756820462892826e-01
-4.285714285714285754e-02,2.023589647725155726e-06,9.999753148756035381e-01
-4.285714285714285754e-02,2.559547922699533382e-06,9.999748480333430223e-01
-4.285714285714285754e-02,3.237457542817646685e-06,9.999742568787942654e-01
-4.285714285714285754e-02,4.094915062380427237e-06,9.999735102995005454e-01
-4.285714285714285754e-02,5.179474679231212330e-06,9.999725675531075941e-01
-4.285714285714285754e-02,6.551285568595509496e-06,9.999713741811215861e-01
-4.285714285714285754e-02,8.286427728546842542e-06,9.999698659268322354e-01
-4.285714285714285754e-02,1.048113134154685250e-05,9.999679570126582817e-01
-4.285714285714285754e-02,1.325711365590110898e-05,9.999655419321084038e-01
-4.285714285714285754e-02,1.676832936811009972e-05,9.999624864397484991e-01
-4.285714285714285754e-02,2.120950887920192640e-05,9.999586235795578926e-01
-4.285714285714285754e-02,2.682695795279727390e-05,9.999537374166501680e-01
-4.285714285714285754e-02,3.393221771895329857e-05,9.999475573795608696e-01
-4.285714285714285754e-02,4.291934260128778017e-05,9.999397398640631485e-01
-4.285714285714285754e-02,5.428675439323859403e-05,9.999298511677934265e-01
-4.285714285714285754e-02,6.866488450042998925e-05,9.999173467533885029e-01
-4.285714285714285754e-02,8.685113737513520580e-05,9.999015282972975038e-01
-4.285714285714285754e-02,1.098541141987558346e-04,9.998815215405114643e-01
-4.285714285714285754e-02,1.389495494373137348e-04,9.998562164000965868e-01
-4.285714285714285754e-02,1.757510624854793067e-04,9.998242128419030372e-01
-4.285714285714285754e-02,2.222996482526195465e-04,9.997837330151222446e-01
-4.285714285714285754e-02,2.811768697974231118e-04,9.997325368808005486e-01
-4.285714285714285754e-02,3.556480306223128661e-04,9.996677912053857362e-01
-4.285714285714285754e-02,4.498432668969443876e-04,9.995859053281733742e-01
-4.285714285714285754e-02,5.689866029018298636e-04,9.994823501556860945e-01
-4.285714285714285754e-02,7.196856730011521675e-04,9.993513956773820706e-01
-4.285714285714285754e-02,9.102981779915217267e-04,9.991858071455144152e-01
-4.285714285714285754e-02,1.151395399326448146e-03,9.989764321663272550e-01
-4.285714285714285754e-02,1.456348477501244378e-03,9.987117204396689374e-01
-4.285714285714285754e-02,1.842069969326716331e-03,9.983770886304238479e-01
-4.285714285714285754e-02,2.329951810515372077e-03,9.979541280741563991e-01
-4.285714285714285754e-02,2.947051702551809708e-03,9.974196276327204069e-01
-4.285714285714285754e-02,3.727593720314941773e-03,9.967443281482677442e-01
-4.285714285714285754e-02,4.714866363457394238e-03,9.958914028144525421e-01
-4.285714285714285754e-02,5.963623316594642357e-03,9.948145368899043994e-01
-4.285714285714285754e-02,7.543120063354623143e-03,9.934555876195811930e-01
-4.285714285714285754e-02,9.540954763499944619e-03,9.917417043032500379e-01
-4.285714285714285754e-02,1.206792640639328847e-02,9.895818409115184622e-01
-4.285714285714285754e-02,1.526417967175233356e-02,9.868625753668801570e-01
-4.285714285714285754e-02,1.930697728883249559e-02,9.834432087943733025e-01
-4.285714285714285754e-02,2.442053094548649744e-02,9.791500919030774464e-01
-4.285714285714285754e-02,3.088843596477484910e-02,9.737703973772553478e-01
-4.285714285714285754e-02,3.906939937054620948e-02,9.670455198045592171e-01
-4.285714285714285754e-02,4.941713361323837872e-02,9.586647970795546536e-01
-4.285714285714285754e-02,6.250551925273975518e-02,9.482605165985389384e-01
-4.285714285714285754e-02,7.906043210907701124e-02,9.354059293636020067e-01
-4.285714285714285754e-02,1.000000000000000056e-01,9.196187415394020404e-01
-3.877551020408163268e-02,9.999999999999999547e-07,9.999745303350668912e-01
-3.877551020408163268e-02,1.264855216855295881e-06,9.999742991268019132e-01
-3.877551020408163268e-02,1.599858719606057360e-06,9.999740085773294318e-01
-3.877551020408163268e-02,2.023589647725155726e-06,9.999736404541360590e-01
-3.877551020408163268e-02,2.559547922699533382e-06,9.999731749676612491e-01
-3.877551020408163268e-02,3.237457542817646685e-06,9.999725846821021502e-01
-3.877551020408163268e-02,4.094915062380427237e-06,9.999718378422592924e-01
-3.877551020408163268e-02,5.179474679231212330e-06,9.999708963232543102e-01
-3.877551020408163268e-02,6.551285568595509496e-06,9.999696996087591438e-01
-3.877551020408163268e-02,8.286427728546842542e-06,9.999681936214883660e-01
-3.877551020408163268e-02,1.048113134154685250e-05,9.999662837073841626e-01
-3.877551020408163268e-02,1.325711365590110898e-05,9.999638685885214873e-01
-3.877551020408163268e-02,1.676832936811009972e-05,9.999608143704996621e-01
-3.877551020408163268e-02,2.120950887920192640e-05,9.999569511471577687e-01
-3.877551020408163268e-02,2.682695795279727390e-05,9.999520648957441749e-01
-3.877551020408163268e-02,3.393221771895329857e-05,9.999458845227913173e-01
-3.877551020408163268e-02,4.291934260128778017e-05,9.999380672563392691e-01
-3.877551020408163268e-02,5.428675439323859403e-05,9.999281806812249096e-01
-3.877551020408163268e-02,6.866488450042998925e-05,9.999156741212112953e-01
-3.877551020408163268e-02,8.685113737513520580e-05,9.998998563707078846e-01
-3.877551020408163268e-02,1.098541141987558346e-04,9.998798495394776165e-01
-3.877551020408163268e-02,1.389495494373137348e-04,9.998545468104974576e-01
-3.877551020408163268e-02,1.757510624854793067e-04,9.998225407791665464e-01
-3.877551020408163268e-02,2.222996482526195465e-04,9.997820622452465722e-01
-3.877551020408163268e-02,2.811768697974231118e-04,9.997308687718714504e-01
-3.877551020408163268e-02,3.556480306223128661e-04,9.996661243329966196e-01
-3.877551020408163268e-02,4.498432668969443876e-04,9.995842373464085551e-01
-3.877551020408163268e-02,5.689866029018298636e-04,9.994806847583663778e-01
-3.877551020408163268e-02,7.196856730011521675e-04,9.993497315910289114e-01
-3.877551020408163268e-02,9.102981779915217267e-04,9.991841434031856206e-01
-3.877551020408163268e-02,1.151395399326448146e-03,9.989747715375889570e-01
-3.877551020408163268e-02,1.456348477501244378e-03,9.987100663116670329e-01
-3.877551020408163268e-02,1.842069969326716331e-03,9.983754391867661893e-01
-3.877551020408163268e-02,2.329951810515372077e-03,9.979524848082240718e-01
-3.877551020408163268e-02,2.947051702551809708e-03,9.974179901825926953e-01
-3.877551020408163268e-02,3.727593720314941773e-03,9.967427021172032831e-01
-3.877551020408163268e-02,4.714866363457394238e-03,9.958897882878303687e-01
-3.877551020408163268e-02,5.963623316594642357e-03,9.948129373920824303e-01
-3.877551020408163268e-02,7.543120063354623143e-03,9.934540098712019152e-01
-3.877551020408163268e-02,9.540954763499944619e-03,9.917401494981591403e-01
-3.877551020408163268e-02,1.206792640639328847e-02,9.895803176615375341e-01
-3.877551020408163268e-02,1.526417967175233356e-02,9.868610951271854503e-01
-3.877551020408163268e-02,1.930697728883249559e-02,9.834417778748444361e-01
-3.877551020408163268e-02,2.442053094548649744e-02,9.791487286611559870e-01
-3.877551020408163268e-02,3.088843596477484910e-02,9.737691178581147078e-01
-3.877551020408163268e-02,3.906939937054620948e-02,9.670443502242824785e-01
-3.877551020408163268e-02,4.941713361323837872e-02,9.586637659980499215e-01
-3.877551020408163268e-02,6.250551925273975518e-02,9.482596685103659162e-01
-3.877551020408163268e-02,7.906043210907701124e-02,9.354053229854257800e-01
-3.877551020408163268e-02,1.000000000000000056e-01,9.196184567673277854e-01
-3.469387755102040782e-02,9.999999999999999547e-07,9.999729597674003045e-01
-3.469387755102040782e-02,1.264855216855295881e-06,9.999727304810099859e-01
-3.469387755102040782e-02,1.599858719606057360e-06,9.999724365110864710e-01
-3.469387755102040782e-02,2.023589647725155726e-06,9.999720703486295603e-01
-3.469387755102040782e-02,2.559547922699533382e-06,9.999716033615777544e-01
-3.469387755102040782e-02,3.237457542817646685e-06,9.999710138050478259e-01
-3.469387755102040782e-02,4.094915062380427237e-06,9.999702682893751859e-01
-3.469387755102040782e-02,5.179474679231212330e-06,9.999693245795652219e-01
-3.469387755102040782e-02,6.551285568595509496e-06,9.999681308232605259e-01
-3.469387755102040782e-02,8.286427728546842542e-06,9.999666218692491171e-01
-3.469387755102040782e-02,1.048113134154685250e-05,9.999647134604585652e-01
-3.469387755102040782e-02,1.325711365590110898e-05,9.999622973064681286e-01
-3.469387755102040782e-02,1.676832936811009972e-05,9.999592439081170792e-01
-3.469387755102040782e-02,2.120950887920192640e-05,9.999553806594363436e-01
-3.469387755102040782e-02,2.682695795279727390e-05,9.999504947192360271e-01
-3.469387755102040782e-02,3.393221771895329857e-05,9.999443157867792253e-01
-3.469387755102040782e-02,4.291934260128778017e-05,9.999364965190454813e-01
-3.469387755102040782e-02,5.428675439323859403e-05,9.999266092712296716e-01
-3.469387755102040782e-02,6.866488450042998925e-05,9.999141040598376051e-01
-3.469387755102040782e-02,8.685113737513520580e-05,9.998982864463653586e-01
-3.469387755102040782e-02,1.098541141987558346e-04,9.998782815238574928e-01
-3.469387755102040782e-02,1.389495494373137348e-04,9.998529759557212016e-01
-3.469387755102040782e-02,1.757510624854793067e-04,9.998209711766905539e-01
-3.469387755102040782e-02,2.222996482526195465e-04,9.997804934334791893e-01
-3.469387755102040782e-02,2.811768697974231118e-04,9.997292990529017542e-01
-3.469387755102040782e-02,3.556480306223128661e-04,9.996645540739834690e-01
-3.469387755102040782e-02,4.498432668969443876e-04,9.995826702083059345e-01
-3.469387755102040782e-02,5.689866029018298636e-04,9.994791174099475484e-01
-3.469387755102040782e-02,7.196856730011521675e-04,9.993481675035343903e-01
-3.469387755102040782e-02,9.102981779915217267e-04,9.991825801569251819e-01
-3.469387755102040782e-02,1.151395399326448146e-03,9.989732109088264034e-01
-3.469387755102040782e-02,1.456348477501244378e-03,9.987085069156032002e-01
-3.469387755102040782e-02,1.842069969326716331e-03,9.983738808316744429e-01
-3.469387755102040782e-02,2.329951810515372077e-03,9.979509316517752859e-01
-3.469387755102040782e-02,2.947051702551809708e-03,9.974164433057676193e-01
-3.469387755102040782e-02,3.727593720314941773e-03,9.967411610677509026e-01
-3.469387755102040782e-02,4.714866363457394238e-03,9.958882549531997697e-01
-3.469387755102040782e-02,5.963623316594642357e-03,9.948114148030217097e-01
-3.469387755102040782e-02,7.543120063354623143e-03,9.934524972068828896e-01
-3.469387755102040782e-02,9.540954763499944619e-03,9.917386525249205498e-01
-3.469387755102040782e-02,1.206792640639328847e-02,9.895788416486231975e-01
-3.469387755102040782e-02,1.526417967175233356e-02,9.868596442893911025e-01
-3.469387755102040782e-02,1.930697728883249559e-02,9.834403622390950339e-01
-3.469387755102040782e-02,2.442053094548649744e-02,9.791473546792590632e-01
-3.469387755102040782e-02,3.088843596477484910e-02,9.737677983597774478e-01
-3.469387755102040782e-02,3.906939937054620948e-02,9.670431018155858371e-01
-3.469387755102040782e-02,4.941713361323837872e-02,9.586626120407163443e-01
-3.469387755102040782e-02,6.250551925273975518e-02,9.482586369335065379e-01
-3.469387755102040782e-02,7.906043210907701124e-02,9.354044544776912717e-01
-3.469387755102040782e-02,1.000000000000000056e-01,9.196178118857157857e-01
-3.061224489795918990e-02,9.999999999999999547e-07,9.999715505500818002e-01
-3.061224489795918990e-02,1.264855216855295881e-06,9.999713184608093330e-01
-3.061224489795918990e-02,1.599858719606057360e-06,9.999710278606612768e-01
-3.061224489795918990e-02,2.023589647725155726e-06,9.999706597141417852e-01
-3.061224489795918990e-02,2.559547922699533382e-06,9.999701940709432302e-01
-3.061224489795918990e-02,3.237457542817646685e-06,9.999696041581678241e-01
-3.061224489795918990e-02,4.094915062380427237e-06,9.999688586056477702e-01
-3.061224489795918990e-02,5.179474679231212330e-06,9.999679132980038299e-01
-3.061224489795918990e-02,6.551285568595509496e-06,9.999667211598348704e-01
-3.061224489795918990e-02,8.286427728546842542e-06,9.999652128870522017e-01
-3.061224489795918990e-02,1.048113134154685250e-05,9.999633038540020058e-01
-3.061224489795918990e-02,1.325711365590110898e-05,9.999608875289558441e-01
-3.061224489795918990e-02,1.676832936811009972e-05,9.999578337419546825e-01
-3.061224489795918990e-02,2.120950887920192640e-05,9.999539707623884555e-01
-3.061224489795918990e-02,2.682695795279727390e-05,9.999490849234046186e-01
-3.061224489795918990e-02,3.393221771895329857e-05,9.999429050776762473e-01
-3.061224489795918990e-02,4.291934260128778017e-05,9.999350867213465666e-01
-3.061224489795918990e-02,5.428675439323859403e-05,9.999252014552888479e-01
-3.061224489795918990e-02,6.866488450042998925e-05,9.999126943503729992e-01
-3.061224489795918990e-02,8.685113737513520580e-05,9.998968784371454754e-01
-3.061224489795918990e-02,1.098541141987558346e-04,9.998768725412305880e-01
-3.061224489795918990e-02,1.389495494373137348e-04,9.998515662641110913e-01
-3.061224489795918990e-02,1.757510624854793067e-04,9.998195630549538970e-01
-3.061224489795918990e-02,2.222996482526195465e-04,9.997790853407806377e-01
-3.061224489795918990e-02,2.811768697974231118e-04,9.997278897127661601e-01
-3.061224489795918990e-02,3.556480306223128661e-04,9.996631457353649663e-01
-3.061224489795918990e-02,4.498432668969443876e-04,9.995812603779277161e-01
-3.061224489795918990e-02,5.689866029018298636e-04,9.994777095296635272e-01
-3.061224489795918990e-02,7.196856730011521675e-04,9.993467600042745813e-01
-3.061224489795918990e-02,9.102981779915217267e-04,9.991811742621590220e-01
-3.061224489795918990e-02,1.151395399326448146e-03,9.989718042100799167e-01
-3.061224489795918990e-02,1.456348477501244378e-03,9.987071002511601625e-01
-3.061224489795918990e-02,1.842069969326716331e-03,9.983724760181520441e-01
-3.061224489795918990e-02,2.329951810515372077e-03,9.979495271381126908e-01
-3.061224489795918990e-02,2.947051702551809708e-03,9.974150401601419302e-01
-3.061224489795918990e-02,3.727593720314941773e-03,9.967397574043324049e-01
-3.061224489795918990e-02,4.714866363457394238e-03,9.958868548767766393e-01
-3.061224489795918990e-02,5.963623316594642357e-03,9.948100177527600119e-01
-3.061224489795918990e-02,7.543120063354623143e-03,9.934511029019165163e-01
-3.061224489795918990e-02,9.540954763499944619e-03,9.917372639890560393e-01
-3.061224489795918990e-02,1.206792640639328847e-02,9.895774587452652593e-01
-3.061224489795918990e-02,1.526417967175233356e-02,9.868582689839523470e-01
-3.061224489795918990e-02,1.930697728883249559e-02,9.834389939108825196e-01
-3.061224489795918990e-02,2.442053094548649744e-02,9.791459996148623723e-01
-3.061224489795918990e-02,3.088843596477484910e-02,9.737664589688279637e-01
-3.061224489795918990e-02,3.906939937054620948e-02,9.670417834936216872e-01
-3.061224489795918990e-02,4.941713361323837872e-02,9.586613192666909589e-01
-3.061224489795918990e-02,6.250551925273975518e-02,9.482573816562586133e-01
-3.061224489795918990e-02,7.906043210907701124e-02,9.354032502838312002e-01
-3.061224489795918990e-02,1.000000000000000056e-01,9.196166798832757783e-01
-2.653061224489795811e-02,9.999999999999999547e-07,9.999703534455930409e-01
-2.653061224489795811e-02,1.264855216855295881e-06,9.999701243337224543e-01
-2.653061224489795811e-02,1.599858719606057360e-06,9.999698320175247623e-01
-2.653061224489795811e-02,2.023589647725155726e-06,9.999694635459286385e-01
-2.653061224489795811e-02,2.559547922699533382e-06,9.999689974130244741e-01
-2.653061224489795811e-02,3.237457542817646685e-06,9.999684067548916255e-01
-2.653061224489795811e-02,4.094915062380427237e-06,9.999676613834800332e-01
-2.653061224489795811e-02,5.179474679231212330e-06,9.999667179485861590e-01
-2.653061224489795811e-02,6.551285568595509496e-06,9.999655252117192195e-01
-2.653061224489795811e-02,8.286427728546842542e-06,9.999640148884515467e-01
-2.653061224489795811e-02,1.048113134154685250e-05,9.999621069342975455e-01
-2.653061224489795811e-02,1.325711365590110898e-05,9.999596915214489234e-01
-2.653061224489795811e-02,1.676832936811009972e-05,9.999566377241088100e-01
-2.653061224489795811e-02,2.120950887920192640e-05,9.999527729798570741e-01
-2.653061224489795811e-02,2.682695795279727390e-05,9.999478885291374075e-01
-2.653061224489795811e-02,3.393221771895329857e-05,9.999417080945740555e-01
-2.653061224489795811e-02,4.291934260128778017e-05,9.999338901861511975e-01
-2.653061224489795811e-02,5.428675439323859403e-05,9.999240031242015991e-01
-2.653061224489795811e-02,6.866488450042998925e-05,9.999114980620309456e-01
-2.653061224489795811e-02,8.685113737513520580e-05,9.998956789416153512e-01
-2.653061224489795811e-02,1.098541141987558346e-04,9.998756734983725858e-01
-2.653061224489795811e-02,1.389495494373137348e-04,9.998503693982959684e-01
-2.653061224489795811e-02,1.757510624854793067e-04,9.998183644440358231e-01
-2.653061224489795811e-02,2.222996482526195465e-04,9.997778870245460636e-01
-2.653061224489795811e-02,2.811768697974231118e-04,9.997266927938475156e-01
-2.653061224489795811e-02,3.556480306223128661e-04,9.996619468686001042e-01
-2.653061224489795811e-02,4.498432668969443876e-04,9.995800629787143787e-01
-2.653061224489795811e-02,5.689866029018298636e-04,9.994765111744409181e-01
-2.653061224489795811e-02,7.196856730011521675e-04,9.993455595980789141e-01
-2.653061224489795811e-02,9.102981779915217267e-04,9.991799722419510976e-01
-2.653061224489795811e-02,1.151395399326448146e-03,9.989706007468864835e-01
-2.653061224489795811e-02,1.456348477501244378e-03,9.987058960641528316e-01
-2.653061224489795811e-02,1.842069969326716331e-03,9.983712713909673742e-01
-2.653061224489795811e-02,2.329951810515372077e-03,9.979483192059417362e-01
-2.653061224489795811e-02,2.947051702551809708e-03,9.974138301671183759e-01
-2.653061224489795811e-02,3.727593720314941773e-03,9.967385448157396466e-01
-2.653061224489795811e-02,4.714866363457394238e-03,9.958856375771699687e-01
-2.653061224489795811e-02,5.963623316594642357e-03,9.948087949241672945e-01
-2.653061224489795811e-02,7.543120063354623143e-03,9.934498741241576392e-01
-2.653061224489795811e-02,9.540954763499944619e-03,9.917360264818565474e-01
-2.653061224489795811e-02,1.206792640639328847e-02,9.895762093589403063e-01
-2.653061224489795811e-02,1.526417967175233356e-02,9.868570053663419106e-01
-2.653061224489795811e-02,1.930697728883249559e-02,9.834377132375200503e-01
-2.653061224489795811e-02,2.442053094548649744e-02,9.791446958183596116e-01
-2.653061224489795811e-02,3.088843596477484910e-02,9.737651268077116562e-01
-2.653061224489795811e-02,3.906939937054620948e-02,9.670404134558089337e-01
-2.653061224489795811e-02,4.941713361323837872e-02,9.586599015996597473e-01
-2.653061224489795811e-02,6.250551925273975518e-02,9.482559022654537539e-01
-2.653061224489795811e-02,7.906043210907701124e-02,9.354016943589609223e-01
-2.653061224489795811e-02,1.000000000000000056e-01,9.196150192768222098e-01
-2.244897959183672631e-02,9.999999999999999547e-07,9.999694125189525495e-01
-2.244897959183672631e-02,1.264855216855295881e-06,9.999691824224177239e-01
-2.244897959183672631e-02,1.599858719606057360e-06,9.999688896750056344e-01
-2.244897959183672631e-02,2.023589647725155726e-06,9.999685218511622509e-01
-2.244897959183672631e-02,2.559547922699533382e-06,9.999680559786960909e-01
-2.244897959183672631e-02,3.237457542817646685e-06,9.999674665300615217e-01
-2.244897959183672631e-02,4.094915062380427237e-06,9.999667203321672693e-01
-2.244897959183672631e-02,5.179474679231212330e-06,9.999657761682894108e-01
-2.244897959183672631e-02,6.551285568595509496e-06,9.999645840221904614e-01
-2.244897959183672631e-02,8.286427728546842542e-06,9.999630753070257727e-01
-2.244897959183672631e-02,1.048113134154685250e-05,9.999611649479114295e-01
-2.244897959183672631e-02,1.325711365590110898e-05,9.999587507670532061e-01
-2.244897959183672631e-02,1.676832936811009972e-05,9.999556956539088493e-01
-2.244897959183672631e-02,2.120950887920192640e-05,9.999518336599346746e-01
-2.244897959183672631e-02,2.682695795279727390e-05,9.999469462399817044e-01
-2.244897959183672631e-02,3.393221771895329857e-05,9.999407670397947312e-01
-2.244897959183672631e-02,4.291934260128778017e-05,9.999329488811143918e-01
-2.244897959183672631e-02,5.428675439323859403e-05,9.999230624784390953e-01
-2.244897959183672631e-02,6.866488450042998925e-05,9.999105556687116758e-01
-2.244897959183672631e-02,8.685113737513520580e-05,9.998947373809889960e-01
-2.244897959183672631e-02,1.098541141987558346e-04,9.998747316986874578e-01
-2.244897959183672631e-02,1.389495494373137348e-04,9.998494242666552401e-01
-2.244897959183672631e-02,1.757510624854793067e-04,9.998174222608762207e-01
-2.244897959183672631e-02,2.222996482526195465e-04,9.997769434233384489e-01
-2.244897959183672631e-02,2.811768697974231118e-04,9.997257491140878471e-01
-2.244897959183672631e-02,3.556480306223128661e-04,9.996610023617975571e-01
-2.244897959183672631e-02,4.498432668969443876e-04,9.995791180676367738e-01
-2.244897959183672631e-02,5.689866029018298636e-04,9.994755621629576314e-01
-2.244897959183672631e-02,7.196856730011521675e-04,9.993446102513907636e-01
-2.244897959183672631e-02,9.102981779915217267e-04,9.991790198621357533e-01
-2.244897959183672631e-02,1.151395399326448146e-03,9.989696479443661570e-01
-2.244897959183672631e-02,1.456348477501244378e-03,9.987049406103813975e-01
-2.244897959183672631e-02,1.842069969326716331e-03,9.983703121911368106e-01
-2.244897959183672631e-02,2.329951810515372077e-03,9.979473530482608767e-01
-2.244897959183672631e-02,2.947051702551809708e-03,9.974128566567052045e-01
-2.244897959183672631e-02,3.727593720314941773e-03,9.967375643677774955e-01
-2.244897959183672631e-02,4.714866363457394238e-03,9.958846454308664109e-01
-2.244897959183672631e-02,5.963623316594642357e-03,9.948077885730328696e-01
-2.244897959183672631e-02,7.543120063354623143e-03,9.934488506927178220e-01
-2.244897959183672631e-02,9.540954763499944619e-03,9.917349818458582877e-01
-2.244897959183672631e-02,1.206792640639328847e-02,9.895751356629257645e-01
-2.244897959183672631e-02,1.526417967175233356e-02,9.868558967558627160e-01
-2.244897959183672631e-02,1.930697728883249559e-02,9.834365580653861016e-01
-2.244897959183672631e-02,2.442053094548649744e-02,9.791434833714588448e-01
-2.244897959183672631e-02,3.088843596477484910e-02,9.737638409197706402e-01
-2.244897959183672631e-02,3.906939937054620948e-02,9.670390321129717082e-01
-2.244897959183672631e-02,4.941713361323837872e-02,9.586583988132452161e-01
-2.244897959183672631e-02,6.250551925273975518e-02,9.482542427504008220e-01
-2.244897959183672631e-02,7.906043210907701124e-02,9.353998281630542255e-01
-2.244897959183672631e-02,1.000000000000000056e-01,9.196128847676000584e-01
-1.836734693877550839e-02,9.999999999999999547e-07,9.999687590546946225e-01
-1.836734693877550839e-02,1.264855216855295881e-06,9.999685292419444593e-01
-1.836734693877550839e-02,1.599858719606057360e-06,9.999682375691262282e-01
-1.836734693877550839e-02,2.023589647725155726e-06,9.999678688429454176e-01
-1.836734693877550839e-02,2.559547922699533382e-06,9.999674036618522166e-01
-1.836734693877550839e-02,3.237457542817646685e-06,9.999668132235873808e-01
-1.836734693877550839e-02,4.094915062380427237e-06,9.999660673871015870e-01
-1.836734693877550839e-02,5.179474679231212330e-06,9.999651231932736861e-01
-1.836734693877550839e-02,6.551285568595509496e-06,9.999639298892948336e-01
-1.836734693877550839e-02,8.286427728546842542e-06,9.999624206560528972e-01
-1.836734693877550839e-02,1.048113134154685250e-05,9.999605125779409409e-01
-1.836734693877550839e-02,1.325711365590110898e-05,9.999580976740709559e-01
-1.836734693877550839e-02,1.676832936811009972e-05,9.999550427449434009e-01
-1.836734693877550839e-02,2.120950887920192640e-05,9.999511799453140171e-01
-1.836734693877550839e-02,2.682695795279727390e-05,9.999462932166136575e-01
-1.836734693877550839e-02,3.393221771895329857e-05,9.999401119613042788e-01
-1.836734693877550839e-02,4.291934260128778017e-05,9.999322959375080977e-01
-1.836734693877550839e-02,5.428675439323859403e-05,9.999224078236708113e-01
-1.836734693877550839e-02,6.866488450042998925e-05,9.999099012064648351e-01
-1.836734693877550839e-02,8.685113737513520580e-05,9.998940836691567746e-01
-1.836734693877550839e-02,1.098541141987558346e-04,9.998740762338659271e-01
-1.836734693877550839e-02,1.389495494373137348e-04,9.998487702815930245e-01
-1.836734693877550839e-02,1.757510624854793067e-04,9.998167662198242933e-01
-1.836734693877550839e-02,2.222996482526195465e-04,9.997762860805505802e-01
-1.836734693877550839e-02,2.811768697974231118e-04,9.997250924470493239e-01
-1.836734693877550839e-02,3.556480306223128661e-04,9.996603414201027382e-01
-1.836734693877550839e-02,4.498432668969443876e-04,9.995784568960093264e-01
-1.836734693877550839e-02,5.689866029018298636e-04,9.994749000413087892e-01
-1.836734693877550839e-02,7.196856730011521675e-04,9.993439441939464540e-01
-1.836734693877550839e-02,9.102981779915217267e-04,9.991783514191916460e-01
-1.836734693877550839e-02,1.151395399326448146e-03,9.989689755765328583e-01
-1.836734693877550839e-02,1.456348477501244378e-03,9.987042610887878480e-01
-1.836734693877550839e-02,1.842069969326716331e-03,9.983696244029555134e-01
-1.836734693877550839e-02,2.329951810515372077e-03,9.979466597807025163e-01
-1.836734693877550839e-02,2.947051702551809708e-03,9.974121497777630463e-01
-1.836734693877550839e-02,3.727593720314941773e-03,9.967368438953966292e-01
-1.836734693877550839e-02,4.714866363457394238e-03,9.958839086326104484e-01
-1.836734693877550839e-02,5.963623316594642357e-03,9.948070311099993512e-01
-1.836734693877550839e-02,7.543120063354623143e-03,9.934480656888201588e-01
-1.836734693877550839e-02,9.540954763499944619e-03,9.917341618636887901e-01
-1.836734693877550839e-02,1.206792640639328847e-02,9.895742724017838610e-01
-1.836734693877550839e-02,1.526417967175233356e-02,9.868549754763091819e-01
-1.836734693877550839e-02,1.930697728883249559e-02,9.834355675089786475e-01
-1.836734693877550839e-02,2.442053094548649744e-02,9.791424016012507670e-01
-1.836734693877550839e-02,3.088843596477484910e-02,9.737626446567564376e-01
-1.836734693877550839e-02,3.906939937054620948e-02,9.670376922116302731e-01
-1.836734693877550839e-02,4.941713361323837872e-02,9.586568730996599674e-01
-1.836734693877550839e-02,6.250551925273975518e-02,9.482524810126722326e-01
-1.836734693877550839e-02,7.906043210907701124e-02,9.353977617163402591e-01
-1.836734693877550839e-02,1.000000000000000056e-01,9.196104214787546027e-01
-1.428571428571429047e-02,9.999999999999999547e-07,9.999684101640631262e-01
-1.428571428571429047e-02,1.264855216855295881e-06,9.999681793918893113e-01
-1.428571428571429047e-02,1.599858719606057360e-06,9.999678887482150724e-01
-1.428571428571429047e-02,2.023589647725155726e-06,9.999675189056723701e-01
-1.428571428571429047e-02,2.559547922699533382e-06,9.999670527960122790e-01
-1.428571428571429047e-02,3.237457542817646685e-06,9.999664640778190838e-01
-1.428571428571429047e-02,4.094915062380427237e-06,9.999657189021459169e-01
-1.428571428571429047e-02,5.179474679231212330e-06,9.999647756731849801e-01
-1.428571428571429047e-02,6.551285568595509496e-06,9.999635813919961480e-01
-1.428571428571429047e-02,8.286427728546842542e-06,9.999620725845095315e-01
-1.428571428571429047e-02,1.048113134154685250e-05,9.999601634115309334e-01
-1.428571428571429047e-02,1.325711365590110898e-05,9.999577469503105887e-01
-1.428571428571429047e-02,1.676832936811009972e-05,9.999546940270448436e-01
-1.428571428571429047e-02,2.120950887920192640e-05,9.999508294741817904e-01
-1.428571428571429047e-02,2.682695795279727390e-05,9.999459419123770676e-01
-1.428571428571429047e-02,3.393221771895329857e-05,9.999397626294928010e-01
-1.428571428571429047e-02,4.291934260128778017e-05,9.999319442696861238e-01
-1.428571428571429047e-02,5.428675439323859403e-05,9.999220582776056077e-01
-1.428571428571429047e-02,6.866488450042998925e-05,9.999095510849036472e-01
-1.428571428571429047e-02,8.685113737513520580e-05,9.998937316161921052e-01
-1.428571428571429047e-02,1.098541141987558346e-04,9.998737243238272621e-01
-1.428571428571429047e-02,1.389495494373137348e-04,9.998484198944120882e-01
-1.428571428571429047e-02,1.757510624854793067e-04,9.998164115025228726e-01
-1.428571428571429047e-02,2.222996482526195465e-04,9.997759336774492134e-01
-1.428571428571429047e-02,2.811768697974231118e-04,9.997247337966870262e-01
-1.428571428571429047e-02,3.556480306223128661e-04,9.996599866523095956e-01
-1.428571428571429047e-02,4.498432668969443876e-04,9.995780950813228927e-01
-1.428571428571429047e-02,5.689866029018298636e-04,9.994745369657449530e-01
-1.428571428571429047e-02,7.196856730011521675e-04,9.993435796524378079e-01
-1.428571428571429047e-02,9.102981779915217267e-04,9.991779827429470018e-01
-1.428571428571429047e-02,1.151395399326448146e-03,9.989685973833813959e-01
-1.428571428571429047e-02,1.456348477501244378e-03,9.987038764557709669e-01
-1.428571428571429047e-02,1.842069969326716331e-03,9.983692315055447963e-01
-1.428571428571429047e-02,2.329951810515372077e-03,9.979462546031611092e-01
-1.428571428571429047e-02,2.947051702551809708e-03,9.974117337695090901e-01
-1.428571428571429047e-02,3.727593720314941773e-03,9.967364105388404338e-01
-1.428571428571429047e-02,4.714866363457394238e-03,9.958834504533011778e-01
-1.428571428571429047e-02,5.963623316594642357e-03,9.948065436626621905e-01
-1.428571428571429047e-02,7.543120063354623143e-03,9.934475406636316119e-01
-1.428571428571429047e-02,9.540954763499944619e-03,9.917335899706565261e-01
-1.428571428571429047e-02,1.206792640639328847e-02,9.895736428149103370e-01
-1.428571428571429047e-02,1.526417967175233356e-02,9.868542746303647917e-01
-1.428571428571429047e-02,1.930697728883249559e-02,9.834347728535512978e-01
-1.428571428571429047e-02,2.442053094548649744e-02,9.791414923493318989e-01
-1.428571428571429047e-02,3.088843596477484910e-02,9.737615886573389723e-01
-1.428571428571429047e-02,3.906939937054620948e-02,9.670364551494999850e-01
-1.428571428571429047e-02,4.941713361323837872e-02,9.586554082544935795e-01
-1.428571428571429047e-02,6.250551925273975518e-02,9.482507262347529275e-01
-1.428571428571429047e-02,7.906043210907701124e-02,9.353956432798986587e-01
-1.428571428571429047e-02,1.000000000000000056e-01,9.196078456039089577e-01
-1.020408163265305868e-02,9.999999999999999547e-07,9.999683689513330087e-01
-1.020408163265305868e-02,1.264855216855295881e-06,9.999681387517300735e-01
-1.020408163265305868e-02,1.599858719606057360e-06,9.999678475415575418e-01
-1.020408163265305868e-02,2.023589647725155726e-06,9.999674790661042811e-01
-1.020408163265305868e-02,2.559547922699533382e-06,9.999670120323159717e-01
-1.020408163265305868e-02,3.237457542817646685e-06,9.999664219262988096e-01
-1.020408163265305868e-02,4.094915062380427237e-06,9.999656771275905465e-01
-1.020408163265305868e-02,5.179474679231212330e-06,9.999647329144611962e-01
-1.020408163265305868e-02,6.551285568595509496e-06,9.999635385263030418e-01
-1.020408163265305868e-02,8.286427728546842542e-06,9.999620289207966639e-01
-1.020408163265305868e-02,1.048113134154685250e-05,9.999601202344340356e-01
-1.020408163265305868e-02,1.325711365590110898e-05,9.999577055990152008e-01
-1.020408163265305868e-02,1.676832936811009972e-05,9.999546511964720885e-01
-1.020408163265305868e-02,2.120950887920192640e-05,9.999507875692802417e-01
-1.020408163265305868e-02,2.682695795279727390e-05,9.999459022213740278e-01
-1.020408163265305868e-02,3.393221771895329857e-05,9.999397190155404624e-01
-1.020408163265305868e-02,4.291934260128778017e-05,9.999319015383173470e-01
-1.020408163265305868e-02,5.428675439323859403e-05,9.999220152174419507e-01
-1.020408163265305868e-02,6.866488450042998925e-05,9.999095058295742744e-01
-1.020408163265305868e-02,8.685113737513520580e-05,9.998936881642861429e-01
-1.020408163265305868e-02,1.098541141987558346e-04,9.998736793121616451e-01
-1.020408163265305868e-02,1.389495494373137348e-04,9.998483741404500247e-01
-1.020408163265305868e-02,1.757510624854793067e-04,9.998163666418270479e-01
-1.020408163265305868e-02,2.222996482526195465e-04,9.997758832235658089e-01
-1.020408163265305868e-02,2.811768697974231118e-04,9.997246864348167117e-01
-1.020408163265305868e-02,3.556480306223128661e-04,9.996599338760980835e-01
-1.020408163265305868e-02,4.498432668969443876e-04,9.995780419261686145e-01
-1.020408163265305868e-02,5.689866029018298636e-04,9.994744794492581574e-01
-1.020408163265305868e-02,7.196856730011521675e-04,9.993435166314416085e-01
-1.020408163265305868e-02,9.102981779915217267e-04,9.991779156271669571e-01
-1.020408163265305868e-02,1.151395399326448146e-03,9.989685248671682505e-01
-1.020408163265305868e-02,1.456348477501244378e-03,9.987037948707947477e-01
-1.020408163265305868e-02,1.842069969326716331e-03,9.983691390161429924e-01
-1.020408163265305868e-02,2.329951810515372077e-03,9.979461493657297844e-01
-1.020408163265305868e-02,2.947051702551809708e-03,9.974116097609464493e-01
-1.020408163265305868e-02,3.727593720314941773e-03,9.967362627568993050e-01
-1.020408163265305868e-02,4.714866363457394238e-03,9.958832754402409115e-01
-1.020408163265305868e-02,5.963623316594642357e-03,9.948063351127228726e-01
-1.020408163265305868e-02,7.543120063354623143e-03,9.934472899692849968e-01
-1.020408163265305868e-02,9.540954763499944619e-03,9.917332827685023666e-01
-1.020408163265305868e-02,1.206792640639328847e-02,9.895732668214819450e-01
-1.020408163265305868e-02,1.526417967175233356e-02,9.868538139624043470e-01
-1.020408163265305868e-02,1.930697728883249559e-02,9.834342039539539782e-01
-1.020408163265305868e-02,2.442053094548649744e-02,9.791407917297391128e-01
-1.020408163265305868e-02,3.088843596477484910e-02,9.737607241508048350e-01
-1.020408163265305868e-02,3.906939937054620948e-02,9.670353868997775271e-01
-1.020408163265305868e-02,4.941713361323837872e-02,9.586540919946174855e-01
-1.020408163265305868e-02,6.250551925273975518e-02,9.482491086944196956e-01
-1.020408163265305868e-02,7.906043210907701124e-02,9.353936625908894076e-01
-1.020408163265305868e-02,1.000000000000000056e-01,9.196054234531929605e-01
-6.122448979591826879e-03,9.999999999999999547e-07,9.999686243638763461e-01
-6.122448979591826879e-03,1.264855216855295881e-06,9.999683940787259528e-01
-6.122448979591826879e-03,1.599858719606057360e-06,9.999681032142977433e-01
-6.122448979591826879e-03,2.023589647725155726e-06,9.999677344726487505e-01
-6.122448979591826879e-03,2.559547922699533382e-06,9.999672675043644876e-01
-6.122448979591826879e-03,3.237457542817646685e-06,9.999666788984575838e-01
-6.122448979591826879e-03,4.094915062380427237e-06,9.999659321065891282e-01
-6.122448979591826879e-03,5.179474679231212330e-06,9.999649876448808428e-01
-6.122448979591826879e-03,6.551285568595509496e-06,9.999637947189166098e-01
-6.122448979591826879e-03,8.286427728546842542e-06,9.999622857892527250e-01
-6.122448979591826879e-03,1.048113134154685250e-05,9.999603774482124230e-01
-6.122448979591826879e-03,1.325711365590110898e-05,9.999579620632630395e-01
-6.122448979591826879e-03,1.676832936811009972e-05,9.999549068959551201e-01
-6.122448979591826879e-03,2.120950887920192640e-05,9.999510425757242027e-01
-6.122448979591826879e-03,2.682695795279727390e-05,9.999461547180681364e-01
-6.122448979591826879e-03,3.393221771895329857e-05,9.999399753236811739e-01
-6.122448979591826879e-03,4.291934260128778017e-05,9.999321557239500002e-01
-6.122448979591826879e-03,5.428675439323859403e-05,9.999222683882835749e-01
-6.122448979591826879e-03,6.866488450042998925e-05,9.999097607304809898e-01
-6.122448979591826879e-03,8.685113737513520580e-05,9.998939414674226089e-01
-6.122448979591826879e-03,1.098541141987558346e-04,9.998739321333977026e-01
-6.122448979591826879e-03,1.389495494373137348e-04,9.998486244188395933e-01
-6.122448979591826879e-03,1.757510624854793067e-04,9.998166173263954848e-01
-6.122448979591826879e-03,2.222996482526195465e-04,9.997761348991304198e-01
-6.122448979591826879e-03,2.811768697974231118e-04,9.997249318577577926e-01
-6.122448979591826879e-03,3.556480306223128661e-04,9.996601776560709585e-01
-6.122448979591826879e-03,4.498432668969443876e-04,9.995782836370668001e-01
-6.122448979591826879e-03,5.689866029018298636e-04,9.994747177760912038e-01
-6.122448979591826879e-03,7.196856730011521675e-04,9.993437505177088509e-01
-6.122448979591826879e-03,9.102981779915217267e-04,9.991781421635543836e-01
-6.122448979591826879e-03,1.151395399326448146e-03,9.989687446801458481e-01
-6.122448979591826879e-03,1.456348477501244378e-03,9.987040047551370980e-01
-6.122448979591826879e-03,1.842069969326716331e-03,9.983693355261199498e-01
-6.122448979591826879e-03,2.329951810515372077e-03,9.979463316071083279e-01
-6.122448979591826879e-03,2.947051702551809708e-03,9.974117734494625243e-01
-6.122448979591826879e-03,3.727593720314941773e-03,9.967364001268230744e-01
-6.122448979591826879e-03,4.714866363457394238e-03,9.958833853641759770e-01
-6.122448979591826879e-03,5.963623316594642357e-03,9.948064040271209496e-01
-6.122448979591826879e-03,7.543120063354623143e-03,9.934473082023616008e-01
-6.122448979591826879e-03,9.540954763499944619e-03,9.917332452905658347e-01
-6.122448979591826879e-03,1.206792640639328847e-02,9.895731536738177070e-01
-6.122448979591826879e-03,1.526417967175233356e-02,9.868536064871322733e-01
-6.122448979591826879e-03,1.930697728883249559e-02,9.834338835129853296e-01
-6.122448979591826879e-03,2.442053094548649744e-02,9.791403321516594094e-01
-6.122448979591826879e-03,3.088843596477484910e-02,9.737600937513017918e-01
-6.122448979591826879e-03,3.906939937054620948e-02,9.670345545356230366e-01
-6.122448979591826879e-03,4.941713361323837872e-02,9.586530193181294068e-01
-6.122448979591826879e-03,6.250551925273975518e-02,9.482477630059181761e-01
-6.122448979591826879e-03,7.906043210907701124e-02,9.353920055297649805e-01
-6.122448979591826879e-03,1.000000000000000056e-01,9.196034376543797961e-01
-2.040816326530608960e-03,9.999999999999999547e-07,9.999691550667710871e-01
-2.040816326530608960e-03,1.264855216855295881e-06,9.999689242554751223e-01
-2.040816326530608960e-03,1.599858719606057360e-06,9.999686329708279420e-01
-2.040816326530608960e-03,2.023589647725155726e-06,9.999682655247376095e-01
-2.040816326530608960e-03,2.559547922699533382e-06,9.999677986847657074e-01
-2.040816326530608960e-03,3.237457542817646685e-06,9.999672097195753118e-01
-2.040816326530608960e-03,4.094915062380427237e-06,9.999664617145799239e-01
-2.040816326530608960e-03,5.179474679231212330e-06,9.999655187105390697e-01
-2.040816326530608960e-03,6.551285568595509496e-06,9.999643245644729284e-01
-2.040816326530608960e-03,8.286427728546842542e-06,9.999628156556781278e-01
-2.040816326530608960e-03,1.048113134154685250e-05,9.999609079228487518e-01
-2.040816326530608960e-03,1.325711365590110898e-05,9.999584917172280596e-01
-2.040816326530608960e-03,1.676832936811009972e-05,9.999554368550467309e-01
-2.040816326530608960e-03,2.120950887920192640e-05,9.999515717148003136e-01
-2.040816326530608960e-03,2.682695795279727390e-05,9.999466856785158564e-01
-2.040816326530608960e-03,3.393221771895329857e-05,9.999405035077298942e-01
-2.040816326530608960e-03,4.291934260128778017e-05,9.999326851718396414e-01
-2.040816326530608960e-03,5.428675439323859403e-05,9.999227979262511612e-01
-2.040816326530608960e-03,6.866488450042998925e-05,9.999102877242791454e-01
-2.040816326530608960e-03,8.685113737513520580e-05,9.998944680565469145e-01
-2.040816326530608960e-03,1.098541141987558346e-04,9.998744576073747004e-01
-2.040816326530608960e-03,1.389495494373137348e-04,9.998491511210048088e-01
-2.040816326530608960e-03,1.757510624854793067e-04,9.998171409239746676e-01
-2.040816326530608960e-03,2.222996482526195465e-04,9.997766552874657320e-01
-2.040816326530608960e-03,2.811768697974231118e-04,9.997254528418859643e-01
-2.040816326530608960e-03,3.556480306223128661e-04,9.996606949594258884e-01
-2.040816326530608960e-03,4.498432668969443876e-04,9.995787972981419189e-01
-2.040816326530608960e-03,5.689866029018298636e-04,9.994752284255191688e-01
-2.040816326530608960e-03,7.196856730011521675e-04,9.993442563590625438e-01
-2.040816326530608960e-03,9.102981779915217267e-04,9.991786405002736071e-01
-2.040816326530608960e-03,1.151395399326448146e-03,9.989692344096937626e-01
-2.040816326530608960e-03,1.456348477501244378e-03,9.987044861432727849e-01
-2.040816326530608960e-03,1.842069969326716331e-03,9.983698046454899666e-01
-2.040816326530608960e-03,2.329951810515372077e-03,9.979467827784114231e-01
-2.040816326530608960e-03,2.947051702551809708e-03,9.974122040890567309e-01
-2.040816326530608960e-03,3.727593720314941773e-03,9.967368078813035881e-01
-2.040816326530608960e-03,4.714866363457394238e-03,9.958837570366911862e-01
-2.040816326530608960e-03,5.963623316594642357e-03,9.948067365254007477e-01
-2.040816326530608960e-03,7.543120063354623143e-03,9.934475934173586653e-01
-2.040816326530608960e-03,9.540954763499944619e-03,9.917334653243884413e-01
-2.040816326530608960e-03,1.206792640639328847e-02,9.895732975022286659e-01
-2.040816326530608960e-03,1.526417967175233356e-02,9.868536564663648036e-01
-2.040816326530608960e-03,1.930697728883249559e-02,9.834338207662363107e-01
-2.040816326530608960e-03,2.442053094548649744e-02,9.791401333708675825e-01
-2.040816326530608960e-03,3.088843596477484910e-02,9.737597350939865004e-01
-2.040816326530608960e-03,3.906939937054620948e-02,9.670340133575536790e-01
-2.040816326530608960e-03,4.941713361323837872e-02,9.586522784389153173e-01
-2.040816326530608960e-03,6.250551925273975518e-02,9.482468103661073622e-01
-2.040816326530608960e-03,7.906043210907701124e-02,9.353908563934028031e-01
-2.040816326530608960e-03,1.000000000000000056e-01,9.196021352147053518e-01
2.040816326530608960e-03,9.999999999999999547e-07,9.999699256035546879e-01
2.040816326530608960e-03,1.264855216855295881e-06,9.999696949304870408e-01
2.040816326530608960e-03,1.599858719606057360e-06,9.999694027594482337e-01
2.040816326530608960e-03,2.023589647725155726e-06,9.999690343007313631e-01
2.040816326530608960e-03,2.559547922699533382e-06,9.999685672521418933e-01
2.040816326530608960e-03,3.237457542817646685e-06,9.999679785509423269e-01
2.040816326530608960e-03,4.094915062380427237e-06,9.999672338381921932e-01
2.040816326530608960e-03,5.179474679231212330e-06,9.999662878024088153e-01
2.040816326530608960e-03,6.551285568595509496e-06,9.999650948830424158e-01
2.040816326530608960e-03,8.286427728546842542e-06,9.999635848426371432e-01
2.040816326530608960e-03,1.048113134154685250e-05,9.999616757273004364e-01
2.040816326530608960e-03,1.325711365590110898e-05,9.999592612912228118e-01
2.040816326530608960e-03,1.676832936811009972e-05,9.999562068556028249e-01
2.040816326530608960e-03,2.120950887920192640e-05,9.999523438692736743e-01
2.040816326530608960e-03,2.682695795279727390e-05,9.999474544929890518e-01
2.040816326530608960e-03,3.393221771895329857e-05,9.999412739339823553e-01
2.040816326530608960e-03,4.291934260128778017e-05,9.999334561666712862e-01
2.040816326530608960e-03,5.428675439323859403e-05,9.999235658153767803e-01
2.040816326530608960e-03,6.866488450042998925e-05,9.999110555308925452e-01
2.040816326530608960e-03,8.685113737513520580e-05,9.998952365404492060e-01
2.040816326530608960e-03,1.098541141987558346e-04,9.998752253852982719e-01
2.040816326530608960e-03,1.389495494373137348e-04,9.998499174483989060e-01
2.040816326530608960e-03,1.757510624854793067e-04,9.998179053867157773e-01
2.040816326530608960e-03,2.222996482526195465e-04,9.997774190952907203e-01
2.040816326530608960e-03,2.811768697974231118e-04,9.997262140580350787e-01
2.040816326530608960e-03,3.556480306223128661e-04,9.996614544850324080e-01
2.040816326530608960e-03,4.498432668969443876e-04,9.995795531776545673e-01
2.040816326530608960e-03,5.689866029018298636e-04,9.994759788489004926e-01
2.040816326530608960e-03,7.196856730011521675e-04,9.993450010643998294e-01
2.040816326530608960e-03,9.102981779915217267e-04,9.991793807187661081e-01
2.040816326530608960e-03,1.151395399326448146e-03,9.989699655634265429e-01
2.040816326530608960e-03,1.456348477501244378e-03,9.987052072421984672e-01
2.040816326530608960e-03,1.842069969326716331e-03,9.983705125801963787e-01
2.040816326530608960e-03,2.329951810515372077e-03,9.979474740185355630e-01
2.040816326530608960e-03,2.947051702551809708e-03,9.974128750534714261e-01
2.040816326530608960e-03,3.727593720314941773e-03,9.967374525161177834e-01
2.040816326530608960e-03,4.714866363457394238e-03,9.958843716191541073e-01
2.040816326530608960e-03,5.963623316594642357e-03,9.948073098009535542e-01
2.040816326530608960e-03,7.543120063354623143e-03,9.934481155675434216e-01
2.040816326530608960e-03,9.540954763499944619e-03,9.917339295803618837e-01
2.040816326530608960e-03,1.206792640639328847e-02,9.895736890817303788e-01
2.040816326530608960e-03,1.526417967175233356e-02,9.868539586584464951e-01
2.040816326530608960e-03,1.930697728883249559e-02,9.834340166988784215e-01
2.040816326530608960e-03,2.442053094548649744e-02,9.791402076414381650e-01
2.040816326530608960e-03,3.088843596477484910e-02,9.737596756322328684e-01
2.040816326530608960e-03,3.906939937054620948e-02,9.670338060312951844e-01
2.040816326530608960e-03,4.941713361323837872e-02,9.586519310135674932e-01
2.040816326530608960e-03,6.250551925273975518e-02,9.482463496746627030e-01
2.040816326530608960e-03,7.906043210907701124e-02,9.353903502731684139e-01
2.040816326530608960e-03,1.000000000000000056e-01,9.196017202945734326e-01
6.122448979591840756e-03,9.999999999999999547e-07,9.999708966800726628e-01
6.122448979591840756e-03,1.264855216855295881e-06,9.999706661795113583e-01
6.122448979591840756e-03,1.599858719606057360e-06,9.999703734786541398e-01
6.122448979591840756e-03,2.023589647725155726e-06,9.999700048943620523e-01
6.122448979591840756e-03,2.559547922699533382e-06,9.999695401460921840e-01
6.122448979591840756e-03,3.237457542817646685e-06,9.999689505853170957e-01
6.122448979591840756e-03,4.094915062380427237e-06,9.999682032557987155e-01
6.122448979591840756e-03,5.179474679231212330e-06,9.999672599128350825e-01
6.122448979591840756e-03,6.551285568595509496e-06,9.999660667457404006e-01
6.122448979591840756e-03,8.286427728546842542e-06,9.999645573952352651e-01
6.122448979591840756e-03,1.048113134154685250e-05,9.999626465004332054e-01
6.122448979591840756e-03,1.325711365590110898e-05,9.999602325854972662e-01
6.122448979591840756e-03,1.676832936811009972e-05,9.999571768217682122e-01
6.122448979591840756e-03,2.120950887920192640e-05,9.999533139229421774e-01
6.122448979591840756e-03,2.682695795279727390e-05,9.999484254889113855e-01
6.122448979591840756e-03,3.393221771895329857e-05,9.999422432562280472e-01
6.122448979591840756e-03,4.291934260128778017e-05,9.999344231376694481e-01
6.122448979591840756e-03,5.428675439323859403e-05,9.999245353115404633e-01
6.122448979591840756e-03,6.866488450042998925e-05,9.999120273696973094e-01
6.122448979591840756e-03,8.685113737513520580e-05,9.998962062141540930e-01
6.122448979591840756e-03,1.098541141987558346e-04,9.998761942578346940e-01
6.122448979591840756e-03,1.389495494373137348e-04,9.998508833761293735e-01
6.122448979591840756e-03,1.757510624854793067e-04,9.998188707204751502e-01
6.122448979591840756e-03,2.222996482526195465e-04,9.997783836226810106e-01
6.122448979591840756e-03,2.811768697974231118e-04,9.997271763558357449e-01
6.122448979591840756e-03,3.556480306223128661e-04,9.996624141813506004e-01
6.122448979591840756e-03,4.498432668969443876e-04,9.995805102588305457e-01
6.122448979591840756e-03,5.689866029018298636e-04,9.994769329658683699e-01
6.122448979591840756e-03,7.196856730011521675e-04,9.993459501298831427e-01
6.122448979591840756e-03,9.102981779915217267e-04,9.991803224978036413e-01
6.122448979591840756e-03,1.151395399326448146e-03,9.989708995137257519e-01
6.122448979591840756e-03,1.456348477501244378e-03,9.987061315962515451e-01
6.122448979591840756e-03,1.842069969326716331e-03,9.983714241143951673e-01
6.122448979591840756e-03,2.329951810515372077e-03,9.979483703700410269e-01
6.122448979591840756e-03,2.947051702551809708e-03,9.974137513078936701e-01
6.122448979591840756e-03,3.727593720314941773e-03,9.967383052432928769e-01
6.122448979591840756e-03,4.714866363457394238e-03,9.958851948823926881e-01
6.122448979591840756e-03,5.963623316594642357e-03,9.948080957300884375e-01
6.122448979591840756e-03,7.543120063354623143e-03,9.934488577182349900e-01
6.122448979591840756e-03,9.540954763499944619e-03,9.917346147754995123e-01
6.122448979591840756e-03,1.206792640639328847e-02,9.895743071503728672e-01
6.122448979591840756e-03,1.526417967175233356e-02,9.868545007197436769e-01
6.122448979591840756e-03,1.930697728883249559e-02,9.834344697238861510e-01
6.122448979591840756e-03,2.442053094548649744e-02,9.791405584507457682e-01
6.122448979591840756e-03,3.088843596477484910e-02,9.737599232943005001e-01
6.122448979591840756e-03,3.906939937054620948e-02,9.670339613122503897e-01
6.122448979591840756e-03,4.941713361323837872e-02,9.586520200378358947e-01
6.122448979591840756e-03,6.250551925273975518e-02,9.482464410214064277e-01
6.122448979591840756e-03,7.906043210907701124e-02,9.353905740049741624e-01
6.122448979591840756e-03,1.000000000000000056e-01,9.196023051437132168e-01
1.020408163265307255e-02,9.999999999999999547e-07,9.999720253614567955e-01
1.020408163265307255e-02,1.264855216855295881e-06,9.999717957847472638e-01
1.020408163265307255e-02,1.599858719606057360e-06,9.999715038737744255e-01
1.020408163265307255e-02,2.023589647725155726e-06,9.999711346588653349e-01
1.020408163265307255e-02,2.559547922699533382e-06,9.999706695461041406e-01
1.020408163265307255e-02,3.237457542817646685e-06,9.999700787139562674e-01
1.020408163265307255e-02,4.094915062380427237e-06,9.999693342516406958e-01
1.020408163265307255e-02,5.179474679231212330e-06,9.999683903369767091e-01
1.020408163265307255e-02,6.551285568595509496e-06,9.999671959717101322e-01
1.020408163265307255e-02,8.286427728546842542e-06,9.999656861521031281e-01
1.020408163265307255e-02,1.048113134154685250e-05,9.999637764895527026e-01
1.020408163265307255e-02,1.325711365590110898e-05,9.999613598788879010e-01
1.020408163265307255e-02,1.676832936811009972e-05,9.999583060914584154e-01
1.020408163265307255e-02,2.120950887920192640e-05,9.999544417882221259e-01
1.020408163265307255e-02,2.682695795279727390e-05,9.999495539700248292e-01
1.020408163265307255e-02,3.393221771895329857e-05,9.999433726834360270e-01
1.020408163265307255e-02,4.291934260128778017e-05,9.999355525546543833e-01
1.020408163265307255e-02,5.428675439323859403e-05,9.999256614784135522e-01
1.020408163265307255e-02,6.866488450042998925e-05,9.999131531717138088e-01
1.020408163265307255e-02,8.685113737513520580e-05,9.998973309760919026e-01
1.020408163265307255e-02,1.098541141987558346e-04,9.998773193028526185e-01
1.020408163265307255e-02,1.389495494373137348e-04,9.998520076460812867e-01
1.020408163265307255e-02,1.757510624854793067e-04,9.998199955323009425e-01
1.020408163265307255e-02,2.222996482526195465e-04,9.997795047835792426e-01
1.020408163265307255e-02,2.811768697974231118e-04,9.997282959055148188e-01
1.020408163265307255e-02,3.556480306223128661e-04,9.996635312024042541e-01
1.020408163265307255e-02,4.498432668969443876e-04,9.995816267784326525e-01
1.020408163265307255e-02,5.689866029018298636e-04,9.994780443957138605e-01
1.020408163265307255e-02,7.196856730011521675e-04,9.993470567714163311e-01
1.020408163265307255e-02,9.102981779915217267e-04,9.991814243066242662e-01
1.020408163265307255e-02,1.151395399326448146e-03,9.989719959038848573e-01
1.020408163265307255e-02,1.456348477501244378e-03,9.987072166998696154e-01
1.020408163265307255e-02,1.842069969326716331e-03,9.983724990043510994e-01
1.020408163265307255e-02,2.329951810515372077e-03,9.979494313123845606e-01
1.020408163265307255e-02,2.947051702551809708e-03,9.974147955903923668e-01
1.020408163265307255e-02,3.727593720314941773e-03,9.967393268249056248e-01
1.020408163265307255e-02,4.714866363457394238e-03,9.958861907541877168e-01
1.020408163265307255e-02,5.963623316594642357e-03,9.948090578105720505e-01
1.020408163265307255e-02,7.543120063354623143e-03,9.934497791620878759e-01
1.020408163265307255e-02,9.540954763499944619e-03,9.917354898254632234e-01
1.020408163265307255e-02,1.206792640639328847e-02,9.895751263953753707e-01
1.020408163265307255e-02,1.526417967175233356e-02,9.868552561532181189e-01
1.020408163265307255e-02,1.930697728883249559e-02,9.834351578503124358e-01
1.020408163265307255e-02,2.442053094548649744e-02,9.791411769955155053e-01
1.020408163265307255e-02,3.088843596477484910e-02,9.737604776836839005e-01
1.020408163265307255e-02,3.906939937054620948e-02,9.670344774257664255e-01
1.020408163265307255e-02,4.941713361323837872e-02,9.586525568359874905e-01
1.020408163265307255e-02,6.250551925273975518e-02,9.482471007084457559e-01
1.020408163265307255e-02,7.906043210907701124e-02,9.353915455900491116e-01
1.020408163265307255e-02,1.000000000000000056e-01,9.196039044448022226e-01
1.428571428571429047e-02,9.999999999999999547e-07,9.999732679355808340e-01
1.428571428571429047e-02,1.264855216855295881e-06,9.999730366990472463e-01
1.428571428571429047e-02,1.599858719606057360e-06,9.999727458279527026e-01
1.428571428571429047e-02,2.023589647725155726e-06,9.999723773592935627e-01
1.428571428571429047e-02,2.559547922699533382e-06,9.999719120553883789e-01
1.428571428571429047e-02,3.237457542817646685e-06,9.999713216537476912e-01
1.428571428571429047e-02,4.094915062380427237e-06,9.999705751834001566e-01
1.428571428571429047e-02,5.179474679231212330e-06,9.999696318295931974e-01
1.428571428571429047e-02,6.551285568595509496e-06,9.999684367244542349e-01
1.428571428571429047e-02,8.286427728546842542e-06,9.999669283177875512e-01
1.428571428571429047e-02,1.048113134154685250e-05,9.999650182762297446e-01
1.428571428571429047e-02,1.325711365590110898e-05,9.999626018937969318e-01
1.428571428571429047e-02,1.676832936811009972e-05,9.999595472715376854e-01
1.428571428571429047e-02,2.120950887920192640e-05,9.999556830810513164e-01
1.428571428571429047e-02,2.682695795279727390e-05,9.999507952670114719e-01
1.428571428571429047e-02,3.393221771895329857e-05,9.999446134962300947e-01
1.428571428571429047e-02,4.291934260128778017e-05,9.999367929553245604e-01
1.428571428571429047e-02,5.428675439323859403e-05,9.999269018805274634e-01
1.428571428571429047e-02,6.866488450042998925e-05,9.999143931960327025e-01
1.428571428571429047e-02,8.685113737513520580e-05,9.998985722320931080e-01
1.428571428571429047e-02,1.098541141987558346e-04,9.998785597267232372e-01
1.428571428571429047e-02,1.389495494373137348e-04,9.998532473280701272e-01
1.428571428571429047e-02,1.757510624854793067e-04,9.998212322894538540e-01
1.428571428571429047e-02,2.222996482526195465e-04,9.997807419827260400e-01
1.428571428571429047e-02,2.811768697974231118e-04,9.997295316048991909e-01
1.428571428571429047e-02,3.556480306223128661e-04,9.996647637307251033e-01
1.428571428571429047e-02,4.498432668969443876e-04,9.995828564248944170e-01
1.428571428571429047e-02,5.689866029018298636e-04,9.994792707321412673e-01
1.428571428571429047e-02,7.196856730011521675e-04,9.993482807670536205e-01
1.428571428571429047e-02,9.102981779915217267e-04,9.991826417550817574e-01
1.428571428571429047e-02,1.151395399326448146e-03,9.989732089524201442e-01
1.428571428571429047e-02,1.456348477501244378e-03,9.987084217537145481e-01
1.428571428571429047e-02,1.842069969326716331e-03,9.983736953707316175e-01
1.428571428571429047e-02,2.329951810515372077e-03,9.979506160238700296e-01
1.428571428571429047e-02,2.947051702551809708e-03,9.974159653092051769e-01
1.428571428571429047e-02,3.727593720314941773e-03,9.967404777155728368e-01
1.428571428571429047e-02,4.714866363457394238e-03,9.958873188395520604e-01
1.428571428571429047e-02,5.963623316594642357e-03,9.948101637051535162e-01
1.428571428571429047e-02,7.543120063354623143e-03,9.934508533453577650e-01
1.428571428571429047e-02,9.540954763499944619e-03,9.917365247117707616e-01
1.428571428571429047e-02,1.206792640639328847e-02,9.895761210634114180e-01
1.428571428571429047e-02,1.526417967175233356e-02,9.868562050929545748e-01
1.428571428571429047e-02,1.930697728883249559e-02,9.834360604874811118e-01
1.428571428571429047e-02,2.442053094548649744e-02,9.791420388815837983e-01
1.428571428571429047e-02,3.088843596477484910e-02,9.737613241398607178e-01
1.428571428571429047e-02,3.906939937054620948e-02,9.670353436355954013e-01
1.428571428571429047e-02,4.941713361323837872e-02,9.586535178064535812e-01
1.428571428571429047e-02,6.250551925273975518e-02,9.482483014736563520e-01
1.428571428571429047e-02,7.906043210907701124e-02,9.353932206618771339e-01
1.428571428571429047e-02,1.000000000000000056e-01,9.196064386534207324e-01
1.836734693877550839e-02,9.999999999999999547e-07,9.999745809718567635e-01
1.836734693877550839e-02,1.264855216855295881e-06,9.999743510882478370e-01
1.836734693877550839e-02,1.599858719606057360e-06,9.999740599842380506e-01
1.836734693877550839e-02,2.023589647725155726e-06,9.999736906906099287e-01
1.836734693877550839e-02,2.559547922699533382e-06,9.999732231478946076e-01
1.836734693877550839e-02,3.237457542817646685e-06,9.999726343915262827e-01
1.836734693877550839e-02,4.094915062380427237e-06,9.999718879567778274e-01
1.836734693877550839e-02,5.179474679231212330e-06,9.999709446581445116e-01
1.836734693877550839e-02,6.551285568595509496e-06,9.999697521801994560e-01
1.836734693877550839e-02,8.286427728546842542e-06,9.999682395272803115e-01
1.836734693877550839e-02,1.048113134154685250e-05,9.999663308428222708e-01
1.836734693877550839e-02,1.325711365590110898e-05,9.999639170342490280e-01
1.836734693877550839e-02,1.676832936811009972e-05,9.999608591515061207e-01
1.836734693877550839e-02,2.120950887920192640e-05,9.999569956254898973e-01
1.836734693877550839e-02,2.682695795279727390e-05,9.999521086840410522e-01
1.836734693877550839e-02,3.393221771895329857e-05,9.999459254675368003e-01
1.836734693877550839e-02,4.291934260128778017e-05,9.999381063215456722e-01
1.836734693877550839e-02,5.428675439323859403e-05,9.999282160279507892e-01
1.836734693877550839e-02,6.866488450042998925e-05,9.999157064246715354e-01
1.836734693877550839e-02,8.685113737513520580e-05,9.998998830143939198e-01
1.836734693877550839e-02,1.098541141987558346e-04,9.998798691954641216e-01
1.836734693877550839e-02,1.389495494373137348e-04,9.998545560167041435e-01
1.836734693877550839e-02,1.757510624854793067e-04,9.998225411808054908e-01
1.836734693877550839e-02,2.222996482526195465e-04,9.997820506610175517e-01
1.836734693877550839e-02,2.811768697974231118e-04,9.997308392605819272e-01
1.836734693877550839e-02,3.556480306223128661e-04,9.996660713524544439e-01
1.836734693877550839e-02,4.498432668969443876e-04,9.995841617346890029e-01
1.836734693877550839e-02,5.689866029018298636e-04,9.994805751923695469e-01
1.836734693877550839e-02,7.196856730011521675e-04,9.993495798299361077e-01
1.836734693877550839e-02,9.102981779915217267e-04,9.991839368590281767e-01
1.836734693877550839e-02,1.151395399326448146e-03,9.989744989156831290e-01
1.836734693877550839e-02,1.456348477501244378e-03,9.987097077934129485e-01
1.836734693877550839e-02,1.842069969326716331e-03,9.983749735765111710e-01
1.836734693877550839e-02,2.329951810515372077e-03,9.979518843789532134e-01
1.836734693877550839e-02,2.947051702551809708e-03,9.974172222250357045e-01
1.836734693877550839e-02,3.727593720314941773e-03,9.967417214722121832e-01
1.836734693877550839e-02,4.714866363457394238e-03,9.958885488457993596e-01
1.836734693877550839e-02,5.963623316594642357e-03,9.948113712984016921e-01
1.836734693877550839e-02,7.543120063354623143e-03,9.934520382818540218e-01
1.836734693877550839e-02,9.540954763499944619e-03,9.917376869704550568e-01
1.836734693877550839e-02,1.206792640639328847e-02,9.895772558458000301e-01
1.836734693877550839e-02,1.526417967175233356e-02,9.868573129663696930e-01
1.836734693877550839e-02,1.930697728883249559e-02,9.834371453043536659e-01
1.836734693877550839e-02,2.442053094548649744e-02,9.791431186993101443e-01
1.836734693877550839e-02,3.088843596477484910e-02,9.737624206783282999e-01
1.836734693877550839e-02,3.906939937054620948e-02,9.670365153585974705e-01
1.836734693877550839e-02,4.941713361323837872e-02,9.586548606412526041e-01
1.836734693877550839e-02,6.250551925273975518e-02,9.482499701588359420e-01
1.836734693877550839e-02,7.906043210907701124e-02,9.353954821408559939e-01
1.836734693877550839e-02,1.000000000000000056e-01,9.196097227301490706e-01
2.244897959183674019e-02,9.999999999999999547e-07,9.999759291574709108e-01
2.244897959183674019e-02,1.264855216855295881e-06,9.999756989173017585e-01
2.244897959183674019e-02,1.599858719606057360e-06,9.999754056845288064e-01
2.244897959183674019e-02,2.023589647725155726e-06,9.999750379811586098e-01
2.244897959183674019e-02,2.559547922699533382e-06,9.999745738891562263e-01
2.244897959183674019e-02,3.237457542817646685e-06,9.999739824168203395e-01
2.244897959183674019e-02,4.094915062380427237e-06,9.999732343318779026e-01
2.244897959183674019e-02,5.179474679231212330e-06,9.999722923290037535e-01
2.244897959183674019e-02,6.551285568595509496e-06,9.999710977829943115e-01
2.244897959183674019e-02,8.286427728546842542e-06,9.999695896807003770e-01
2.244897959183674019e-02,1.048113134154685250e-05,9.999676791861008551e-01
2.244897959183674019e-02,1.325711365590110898e-05,9.999652656033454212e-01
2.244897959183674019e-02,1.676832936811009972e-05,9.999622082683180535e-01
2.244897959183674019e-02,2.120950887920192640e-05,9.999583453665223942e-01
2.244897959183674019e-02,2.682695795279727390e-05,9.999534565083243454e-01
2.244897959183674019e-02,3.393221771895329857e-05,9.999472748934874478e-01
2.244897959183674019e-02,4.291934260128778017e-05,9.999394536526766686e-01
2.244897959183674019e-02,5.428675439323859403e-05,9.999295635640641500e-01
2.244897959183674019e-02,6.866488450042998925e-05,9.999170530876952956e-01
2.244897959183674019e-02,8.685113737513520580e-05,9.999012309007723198e-01
2.244897959183674019e-02,1.098541141987558346e-04,9.998812171408445471e-01
2.244897959183674019e-02,1.389495494373137348e-04,9.998559023157709280e-01
2.244897959183674019e-02,1.757510624854793067e-04,9.998238879009333502e-01
2.244897959183674019e-02,2.222996482526195465e-04,9.997833962946026665e-01
2.244897959183674019e-02,2.811768697974231118e-04,9.997321841810392629e-01
2.244897959183674019e-02,3.556480306223128661e-04,9.996674153393001472e-01
2.244897959183674019e-02,4.498432668969443876e-04,9.995855047712375319e-01
2.244897959183674019e-02,5.689866029018298636e-04,9.994819149849678563e-01
2.244897959183674019e-02,7.196856730011521675e-04,9.993509185189889399e-01
2.244897959183674019e-02,9.102981779915217267e-04,9.991852750861442978e-01
2.244897959183674019e-02,1.151395399326448146e-03,9.989758323480925073e-01
2.244897959183674019e-02,1.456348477501244378e-03,9.987110364750486635e-01
2.244897959183674019e-02,1.842069969326716331e-03,9.983762968311690189e-01
2.244897959183674019e-02,2.329951810515372077e-03,9.979532041154318689e-01
2.244897959183674019e-02,2.947051702551809708e-03,9.974185335409980757e-01
2.244897959183674019e-02,3.727593720314941773e-03,9.967430254746391105e-01
2.244897959183674019e-02,4.714866363457394238e-03,9.958898419867907581e-01
2.244897959183674019e-02,5.963623316594642357e-03,9.948126542847933740e-01
2.244897959183674019e-02,7.543120063354623143e-03,9.934533070088648055e-01
2.244897959183674019e-02,9.540954763499944619e-03,9.917389426106488770e-01
2.244897959183674019e-02,1.206792640639328847e-02,9.895784989638559681e-01
2.244897959183674019e-02,1.526417967175233356e-02,9.868585471472418602e-01
2.244897959183674019e-02,1.930697728883249559e-02,9.834383820392242903e-01
2.244897959183674019e-02,2.442053094548649744e-02,9.791443756040633106e-01
2.244897959183674019e-02,3.088843596477484910e-02,9.737637339533183889e-01
2.244897959183674019e-02,3.906939937054620948e-02,9.670379433056319751e-01
2.244897959183674019e-02,4.941713361323837872e-02,9.586565055064231178e-01
2.244897959183674019e-02,6.250551925273975518e-02,9.482519996267886331e-01
2.244897959183674019e-02,7.906043210907701124e-02,9.353981706258539530e-01
2.244897959183674019e-02,1.000000000000000056e-01,9.196135014778543670e-01
2.653061224489797199e-02,9.999999999999999547e-07,9.999772824100020552e-01
2.653061224489797199e-02,1.264855216855295881e-06,9.999770520289028575e-01
2.653061224489797199e-02,1.599858719606057360e-06,9.999767593486152961e-01
2.653061224489797199e-02,2.023589647725155726e-06,9.999763914375580098e-01
2.653061224489797199e-02,2.559547922699533382e-06,9.999759250871239624e-01
2.653061224489797199e-02,3.237457542817646685e-06,9.999753354113449788e-01
2.653061224489797199e-02,4.094915062380427237e-06,9.999745886287019214e-01
2.653061224489797199e-02,5.179474679231212330e-06,9.999736447721917498e-01
2.653061224489797199e-02,6.551285568595509496e-06,9.999724515085205434e-01
2.653061224489797199e-02,8.286427728546842542e-06,9.999709411458345132e-01
2.653061224489797199e-02,1.048113134154685250e-05,9.999690320409166944e-01
2.653061224489797199e-02,1.325711365590110898e-05,9.999666159767667262e-01
2.653061224489797199e-02,1.676832936811009972e-05,9.999635612155046704e-01
2.653061224489797199e-02,2.120950887920192640e-05,9.999596972509796622e-01
2.653061224489797199e-02,2.682695795279727390e-05,9.999548078401729878e-01
2.653061224489797199e-02,3.393221771895329857e-05,9.999486265093522341e-01
2.653061224489797199e-02,4.291934260128778017e-05,9.999408062866719238e-01
2.653061224489797199e-02,5.428675439323859403e-05,9.999309138639579375e-01
2.653061224489797199e-02,6.866488450042998925e-05,9.999184053930472160e-01
2.653061224489797199e-02,8.685113737513520580e-05,9.999025832839747441e-01
2.653061224489797199e-02,1.098541141987558346e-04,9.998825690525164900e-01
2.653061224489797199e-02,1.389495494373137348e-04,9.998572554489797426e-01
2.653061224489797199e-02,1.757510624854793067e-04,9.998252397860051266e-01
2.653061224489797199e-02,2.222996482526195465e-04,9.997847472011648362e-01
2.653061224489797199e-02,2.811768697974231118e-04,9.997335352880237780e-01
2.653061224489797199e-02,3.556480306223128661e-04,9.996687659766141376e-01
2.653061224489797199e-02,4.498432668969443876e-04,9.995868527336065901e-01
2.653061224489797199e-02,5.689866029018298636e-04,9.994832631897579978e-01
2.653061224489797199e-02,7.196856730011521675e-04,9.993522656466815590e-01
2.653061224489797199e-02,9.102981779915217267e-04,9.991866215633150583e-01
2.653061224489797199e-02,1.151395399326448146e-03,9.989771780171675664e-01
2.653061224489797199e-02,1.456348477501244378e-03,9.987123794682737365e-01
2.653061224489797199e-02,1.842069969326716331e-03,9.983776392472230032e-01
2.653061224489797199e-02,2.329951810515372077e-03,9.979545407765850751e-01
2.653061224489797199e-02,2.947051702551809708e-03,9.974198701952650126e-01
2.653061224489797199e-02,3.727593720314941773e-03,9.967443586314366222e-01
2.653061224489797199e-02,4.714866363457394238e-03,9.958911702134000121e-01
2.653061224489797199e-02,5.963623316594642357e-03,9.948139779205412703e-01
2.653061224489797199e-02,7.543120063354623143e-03,9.934546295189347065e-01
2.653061224489797199e-02,9.540954763499944619e-03,9.917402635212693163e-01
2.653061224489797199e-02,1.206792640639328847e-02,9.895798194932343694e-01
2.653061224489797199e-02,1.526417967175233356e-02,9.868598778956523265e-01
2.653061224489797199e-02,1.930697728883249559e-02,9.834397347675628565e-01
2.653061224489797199e-02,2.442053094548649744e-02,9.791457710215349941e-01
2.653061224489797199e-02,3.088843596477484910e-02,9.737652102934083453e-01
2.653061224489797199e-02,3.906939937054620948e-02,9.670395604557472380e-01
2.653061224489797199e-02,4.941713361323837872e-02,9.586583636920461560e-01
2.653061224489797199e-02,6.250551925273975518e-02,9.482542621046045062e-01
2.653061224489797199e-02,7.906043210907701124e-02,9.354010885258401409e-01
2.653061224489797199e-02,1.000000000000000056e-01,9.196174766554383595e-01
3.061224489795918990e-02,9.999999999999999547e-07,9.999786135811702392e-01
3.061224489795918990e-02,1.264855216855295881e-06,9.999783837308687806e-01
3.061224489795918990e-02,1.599858719606057360e-06,9.999780918948057984e-01
3.061224489795918990e-02,2.023589647725155726e-06,9.999777241476169864e-01
3.061224489795918990e-02,2.559547922699533382e-06,9.999772571276892563e-01
3.061224489795918990e-02,3.237457542817646685e-06,9.999766674196161054e-01
3.061224489795918990e-02,4.094915062380427237e-06,9.999759220498976031e-01
3.061224489795918990e-02,5.179474679231212330e-06,9.999749772854806817e-01
3.061224489795918990e-02,6.551285568595509496e-06,9.999737841772519120e-01
3.061224489795918990e-02,8.286427728546842542e-06,9.999722748167744202e-01
3.061224489795918990e-02,1.048113134154685250e-05,9.999703652940681309e-01
3.061224489795918990e-02,1.325711365590110898e-05,9.999679485761486797e-01
3.061224489795918990e-02,1.676832936811009972e-05,9.999648924408475192e-01
3.061224489795918990e-02,2.120950887920192640e-05,9.999610288622678977e-01
3.061224489795918990e-02,2.682695795279727390e-05,9.999561418833243787e-01
3.061224489795918990e-02,3.393221771895329857e-05,9.999499593509101336e-01
3.061224489795918990e-02,4.291934260128778017e-05,9.999421384525466472e-01
3.061224489795918990e-02,5.428675439323859403e-05,9.999322475319712966e-01
3.061224489795918990e-02,6.866488450042998925e-05,9.999197373278696510e-01
3.061224489795918990e-02,8.685113737513520580e-05,9.999039161541513066e-01
3.061224489795918990e-02,1.098541141987558346e-04,9.998839012913210977e-01
3.061224489795918990e-02,1.389495494373137348e-04,9.998585888166757751e-01
3.061224489795918990e-02,1.757510624854793067e-04,9.998265725558246331e-01
3.061224489795918990e-02,2.222996482526195465e-04,9.997860798635107571e-01
3.061224489795918990e-02,2.811768697974231118e-04,9.997348678999551375e-01
3.061224489795918990e-02,3.556480306223128661e-04,9.996700986141812129e-01
3.061224489795918990e-02,4.498432668969443876e-04,9.995881846756988764e-01
3.061224489795918990e-02,5.689866029018298636e-04,9.994845962409122375e-01
3.061224489795918990e-02,7.196856730011521675e-04,9.993535992241556754e-01
3.061224489795918990e-02,9.102981779915217267e-04,9.991879541674556497e-01
3.061224489795918990e-02,1.151395399326448146e-03,9.989785109416690068e-01
3.061224489795918990e-02,1.456348477501244378e-03,9.987137131458525552e-01
3.061224489795918990e-02,1.842069969326716331e-03,9.983789718033823091e-01
3.061224489795918990e-02,2.329951810515372077e-03,9.979558769394633044e-01
3.061224489795918990e-02,2.947051702551809708e-03,9.974212037488370264e-01
3.061224489795918990e-02,3.727593720314941773e-03,9.967456928446626341e-01
3.061224489795918990e-02,4.714866363457394238e-03,9.958925079504933331e-01
3.061224489795918990e-02,5.963623316594642357e-03,9.948153195973621354e-01
3.061224489795918990e-02,7.543120063354623143e-03,9.934559759779364452e-01
3.061224489795918990e-02,9.540954763499944619e-03,9.917416177813390687e-01
3.061224489795918990e-02,1.206792640639328847e-02,9.895811904028080086e-01
3.061224489795918990e-02,1.526417967175233356e-02,9.868612707057485833e-01
3.061224489795918990e-02,1.930697728883249559e-02,9.834411647712664184e-01
3.061224489795918990e-02,2.442053094548649744e-02,9.791472614753123915e-01
3.061224489795918990e-02,3.088843596477484910e-02,9.737667952666150262e-01
3.061224489795918990e-02,3.906939937054620948e-02,9.670412971705864003e-01
3.061224489795918990e-02,4.941713361323837872e-02,9.586603400493521887e-01
3.061224489795918990e-02,6.250551925273975518e-02,9.482566109004864074e-01
3.061224489795918990e-02,7.906043210907701124e-02,9.354040287242152418e-01
3.061224489795918990e-02,1.000000000000000056e-01,9.196213362947017744e-01
3.469387755102040782e-02,9.999999999999999547e-07,9.999799101958634084e-01
3.469387755102040782e-02,1.264855216855295881e-06,9.999796795768722824e-01
3.469387755102040782e-02,1.599858719606057360e-06,9.999793881106202598e-01
3.469387755102040782e-02,2.023589647725155726e-06,9.999790192948365686e-01
3.469387755102040782e-02,2.559547922699533382e-06,9.999785512998065062e-01
3.469387755102040782e-02,3.237457542817646685e-06,9.999779626174235547e-01
3.469387755102040782e-02,4.094915062380427237e-06,9.999772168478717749e-01
3.469387755102040782e-02,5.179474679231212330e-06,9.999762730036202418e-01
3.469387755102040782e-02,6.551285568595509496e-06,9.999750790045410787e-01
3.469387755102040782e-02,8.286427728546842542e-06,9.999735687094881698e-01
3.469387755102040782e-02,1.048113134154685250e-05,9.999716584544805498e-01
3.469387755102040782e-02,1.325711365590110898e-05,9.999692434735516500e-01
3.469387755102040782e-02,1.676832936811009972e-05,9.999661876683990647e-01
3.469387755102040782e-02,2.120950887920192640e-05,9.999623242751323193e-01
3.469387755102040782e-02,2.682695795279727390e-05,9.999574364363047474e-01
3.469387755102040782e-02,3.393221771895329857e-05,9.999512536027314047e-01
3.469387755102040782e-02,4.291934260128778017e-05,9.999434342353989980e-01
3.469387755102040782e-02,5.428675439323859403e-05,9.999335444630488290e-01
3.469387755102040782e-02,6.866488450042998925e-05,9.999210335059575128e-01
3.469387755102040782e-02,8.685113737513520580e-05,9.999052087220944296e-01
3.469387755102040782e-02,1.098541141987558346e-04,9.998851951389405857e-01
3.469387755102040782e-02,1.389495494373137348e-04,9.998598840335550797e-01
3.469387755102040782e-02,1.757510624854793067e-04,9.998278680574017585e-01
3.469387755102040782e-02,2.222996482526195465e-04,9.997873766885906344e-01
3.469387755102040782e-02,2.811768697974231118e-04,9.997361638609011392e-01
3.469387755102040782e-02,3.556480306223128661e-04,9.996713944523419881e-01
3.469387755102040782e-02,4.498432668969443876e-04,9.995894836932057714e-01
3.469387755102040782e-02,5.689866029018298636e-04,9.994858947749407641e-01
3.469387755102040782e-02,7.196856730011521675e-04,9.993548983118796247e-01
3.469387755102040782e-02,9.102981779915217267e-04,9.991892544117287889e-01
3.469387755102040782e-02,1.151395399326448146e-03,9.989798118939527960e-01
3.469387755102040782e-02,1.456348477501244378e-03,9.987150165337034258e-01
3.469387755102040782e-02,1.842069969326716331e-03,9.983802790945937033e-01
3.469387755102040782e-02,2.329951810515372077e-03,9.979571848711323856e-01
3.469387755102040782e-02,2.947051702551809708e-03,9.974225188918814933e-01
3.469387755102040782e-02,3.727593720314941773e-03,9.967470144802202947e-01
3.469387755102040782e-02,4.714866363457394238e-03,9.958938350767592151e-01
3.469387755102040782e-02,5.963623316594642357e-03,9.948166548723962332e-01
3.469387755102040782e-02,7.543120063354623143e-03,9.934573250468808903e-01
3.469387755102040782e-02,9.540954763499944619e-03,9.917429867495799467e-01
3.469387755102040782e-02,1.206792640639328847e-02,9.895825825868090897e-01
3.469387755102040782e-02,1.526417967175233356e-02,9.868626989084026135e-01
3.469387755102040782e-02,1.930697728883249559e-02,9.834426400622318098e-01
3.469387755102040782e-02,2.442053094548649744e-02,9.791488038254462234e-01
3.469387755102040782e-02,3.088843596477484910e-02,9.737684347716982769e-01
3.469387755102040782e-02,3.906939937054620948e-02,9.670430784944774594e-01
3.469387755102040782e-02,4.941713361323837872e-02,9.586623297448383374e-01
3.469387755102040782e-02,6.250551925273975518e-02,9.482589141465234128e-01
3.469387755102040782e-02,7.906043210907701124e-02,9.354067919739306181e-01
3.469387755102040782e-02,1.000000000000000056e-01,9.196247911106535389e-01
3.877551020408162574e-02,9.999999999999999547e-07,9.999811524202983914e-01
3.877551020408162574e-02,1.264855216855295881e-06,9.999809232015612892e-01
3.877551020408162574e-02,1.599858719606057360e-06,9.999806306944529766e-01
3.877551020408162574e-02,2.023589647725155726e-06,9.999802621618023579e-01
3.877551020408162574e-02,2.559547922699533382e-06,9.999797969049124546e-01
3.877551020408162574e-02,3.237457542817646685e-06,9.999792067730156608e-01
3.877551020408162574e-02,4.094915062380427237e-06,9.999784599384362593e-01
3.877551020408162574e-02,5.179474679231212330e-06,9.999775166099500456e-01
3.877551020408162574e-02,6.551285568595509496e-06,9.999763222999838996e-01
3.877551020408162574e-02,8.286427728546842542e-06,9.999748136599885262e-01
3.877551020408162574e-02,1.048113134154685250e-05,9.999729047145575755e-01
3.877551020408162574e-02,1.325711365590110898e-05,9.999704878652369011e-01
3.877551020408162574e-02,1.676832936811009972e-05,9.999674335186918839e-01
3.877551020408162574e-02,2.120950887920192640e-05,9.999635685703228694e-01
3.877551020408162574e-02,2.682695795279727390e-05,9.999586800707352952e-01
3.877551020408162574e-02,3.393221771895329857e-05,9.999524981261868062e-01
3.877551020408162574e-02,4.291934260128778017e-05,9.999446783953712670e-01
3.877551020408162574e-02,5.428675439323859403e-05,9.999347875468401758e-01
3.877551020408162574e-02,6.866488450042998925e-05,9.999222789678807732e-01
3.877551020408162574e-02,8.685113737513520580e-05,9.999064534823454142e-01
3.877551020408162574e-02,1.098541141987558346e-04,9.998864420588884361e-01
3.877551020408162574e-02,1.389495494373137348e-04,9.998611288796089847e-01
3.877551020408162574e-02,1.757510624854793067e-04,9.998291128978761266e-01
3.877551020408162574e-02,2.222996482526195465e-04,9.997886223010473694e-01
3.877551020408162574e-02,2.811768697974231118e-04,9.997374106409467887e-01
3.877551020408162574e-02,3.556480306223128661e-04,9.996726435643016329e-01
3.877551020408162574e-02,4.498432668969443876e-04,9.995907315000772675e-01
3.877551020408162574e-02,5.689866029018298636e-04,9.994871448422755211e-01
3.877551020408162574e-02,7.196856730011521675e-04,9.993561504219933278e-01
3.877551020408162574e-02,9.102981779915217267e-04,9.991905080137597484e-01
3.877551020408162574e-02,1.151395399326448146e-03,9.989810707294085601e-01
3.877551020408162574e-02,1.456348477501244378e-03,9.987162787356743676e-01
3.877551020408162574e-02,1.842069969326716331e-03,9.983815438671450604e-01
3.877551020408162574e-02,2.329951810515372077e-03,9.979584573303243999e-01
3.877551020408162574e-02,2.947051702551809708e-03,9.974237977280453471e-01
3.877551020408162574e-02,3.727593720314941773e-03,9.967483010923972042e-01
3.877551020408162574e-02,4.714866363457394238e-03,9.958951329585447043e-01
3.877551020408162574e-02,5.963623316594642357e-03,9.948179688624967376e-01
3.877551020408162574e-02,7.543120063354623143e-03,9.934586610501473514e-01
3.877551020408162574e-02,9.540954763499944619e-03,9.917443432963898298e-01
3.877551020408162574e-02,1.206792640639328847e-02,9.895839726112675150e-01
3.877551020408162574e-02,1.526417967175233356e-02,9.868641284366959088e-01
3.877551020408162574e-02,1.930697728883249559e-02,9.834441224175839436e-01
3.877551020408162574e-02,2.442053094548649744e-02,9.791503544807307335e-01
3.877551020408162574e-02,3.088843596477484910e-02,9.737700772353341527e-01
3.877551020408162574e-02,3.906939937054620948e-02,9.670448393227907280e-01
3.877551020408162574e-02,4.941713361323837872e-02,9.586642511720400162e-01
3.877551020408162574e-02,6.250551925273975518e-02,9.482610475064491284e-01
3.877551020408162574e-02,7.906043210907701124e-02,9.354092155938243947e-01
3.877551020408162574e-02,1.000000000000000056e-01,9.196276052994667438e-01
4.285714285714287142e-02,9.999999999999999547e-07,9.999823396247383700e-01
4.285714285714287142e-02,1.264855216855295881e-06,9.999821081990509786e-01
4.285714285714287142e-02,1.599858719606057360e-06,9.999818170126063555e-01
4.285714285714287142e-02,2.023589647725155726e-06,9.999814473789441216e-01
4.285714285714287142e-02,2.559547922699533382e-06,9.999809824544059200e-01
4.285714285714287142e-02,3.237457542817646685e-06,9.999803932678930085e-01
4.285714285714287142e-02,4.094915062380427237e-06,9.999796463459698082e-01
4.285714285714287142e-02,5.179474679231212330e-06,9.999787022403552328e-01
4.285714285714287142e-02,6.551285568595509496e-06,9.999775068384473276e-01
4.285714285714287142e-02,8.286427728546842542e-06,9.999759995363051157e-01
4.285714285714287142e-02,1.048113134154685250e-05,9.999740883751053744e-01
4.285714285714287142e-02,1.325711365590110898e-05,9.999716728753698103e-01
4.285714285714287142e-02,1.676832936811009972e-05,9.999686177914783869e-01
4.285714285714287142e-02,2.120950887920192640e-05,9.999647525731962805e-01
4.285714285714287142e-02,2.682695795279727390e-05,9.999598665129093567e-01
4.285714285714287142e-02,3.393221771895329857e-05,9.999536849069657896e-01
4.285714285714287142e-02,4.291934260128778017e-05,9.999458642369499772e-01
4.285714285714287142e-02,5.428675439323859403e-05,9.999359745855237458e-01
4.285714285714287142e-02,6.866488450042998925e-05,9.999234630566640192e-01
4.285714285714287142e-02,8.685113737513520580e-05,9.999076418864063509e-01
4.285714285714287142e-02,1.098541141987558346e-04,9.998876287950396735e-01
4.285714285714287142e-02,1.389495494373137348e-04,9.998623174074271480e-01
4.285714285714287142e-02,1.757510624854793067e-04,9.998303026318062781e-01
4.285714285714287142e-02,2.222996482526195465e-04,9.997898117041371657e-01
4.285714285714287142e-02,2.811768697974231118e-04,9.997386006199885378e-01
4.285714285714287142e-02,3.556480306223128661e-04,9.996738339602017076e-01
4.285714285714287142e-02,4.498432668969443876e-04,9.995919254155380962e-01
4.285714285714287142e-02,5.689866029018298636e-04,9.994883393963747142e-01
4.285714285714287142e-02,7.196856730011521675e-04,9.993573488925868720e-01
4.285714285714287142e-02,9.102981779915217267e-04,9.991917078255070361e-01
4.285714285714287142e-02,1.151395399326448146e-03,9.989822736225797417e-01
4.285714285714287142e-02,1.456348477501244378e-03,9.987174864204763081e-01
4.285714285714287142e-02,1.842069969326716331e-03,9.983827596265298920e-01
4.285714285714287142e-02,2.329951810515372077e-03,9.979596784286834943e-01
4.285714285714287142e-02,2.947051702551809708e-03,9.974250276861890141e-01
4.285714285714287142e-02,3.727593720314941773e-03,9.967495455599498788e-01
4.285714285714287142e-02,4.714866363457394238e-03,9.958963915875655992e-01
4.285714285714287142e-02,5.963623316594642357e-03,9.948192469232978175e-01
4.285714285714287142e-02,7.543120063354623143e-03,9.934599610901377886e-01
4.285714285714287142e-02,9.540954763499944619e-03,9.917456740599034370e-01
4.285714285714287142e-02,1.206792640639328847e-02,9.895853381684200922e-01
4.285714285714287142e-02,1.526417967175233356e-02,9.868655371183133740e-01
4.285714285714287142e-02,1.930697728883249559e-02,9.834455849443471953e-01
4.285714285714287142e-02,2.442053094548649744e-02,9.791518819851974254e-01
4.285714285714287142e-02,3.088843596477484910e-02,9.737716780175443843e-01
4.285714285714287142e-02,3.906939937054620948e-02,9.670465275393225202e-01
4.285714285714287142e-02,4.941713361323837872e-02,9.586660284599314297e-01
4.285714285714287142e-02,6.250551925273975518e-02,9.482629211509694400e-01
4.285714285714287142e-02,7.906043210907701124e-02,9.354111769802705423e-01
4.285714285714287142e-02,1.000000000000000056e-01,9.196296223259562419e-01
4.693877551020408934e-02,9.999999999999999547e-07,9.999834626970942608e-01
4.693877551020408934e-02,1.264855216855295881e-06,9.999832311013753250e-01
4.693877551020408934e-02,1.599858719606057360e-06,9.999829403475630762e-01
4.693877551020408934e-02,2.023589647725155726e-06,9.999825718540092945e-01
4.693877551020408934e-02,2.559547922699533382e-06,9.999821044212127141e-01
4.693877551020408934e-02,3.237457542817646685e-06,9.999815154235188741e-01
4.693877551020408934e-02,4.094915062380427237e-06,9.999807697420023400e-01
4.693877551020408934e-02,5.179474679231212330e-06,9.999798256819302233e-01
4.693877551020408934e-02,6.551285568595509496e-06,9.999786314640209950e-01
4.693877551020408934e-02,8.286427728546842542e-06,9.999771214163197808e-01
4.693877551020408934e-02,1.048113134154685250e-05,9.999752121914994296e-01
4.693877551020408934e-02,1.325711365590110898e-05,9.999727953208851217e-01
4.693877551020408934e-02,1.676832936811009972e-05,9.999697420741091580e-01
4.693877551020408934e-02,2.120950887920192640e-05,9.999658775498528884e-01
4.693877551020408934e-02,2.682695795279727390e-05,9.999609908771618372e-01
4.693877551020408934e-02,3.393221771895329857e-05,9.999548088901544229e-01
4.693877551020408934e-02,4.291934260128778017e-05,9.999469885289571369e-01
4.693877551020408934e-02,5.428675439323859403e-05,9.999370979980227725e-01
4.693877551020408934e-02,6.866488450042998925e-05,9.999245896406482315e-01
4.693877551020408934e-02,8.685113737513520580e-05,9.999087665607487851e-01
4.693877551020408934e-02,1.098541141987558346e-04,9.998887537764534761e-01
4.693877551020408934e-02,1.389495494373137348e-04,9.998634422637647790e-01
4.693877551020408934e-02,1.757510624854793067e-04,9.998314302995526814e-01
4.693877551020408934e-02,2.222996482526195465e-04,9.997909394822228624e-01
4.693877551020408934e-02,2.811768697974231118e-04,9.997397291618742576e-01
4.693877551020408934e-02,3.556480306223128661e-04,9.996749635955071156e-01
4.693877551020408934e-02,4.498432668969443876e-04,9.995930565923281108e-01
4.693877551020408934e-02,5.689866029018298636e-04,9.994894737786012007e-01
4.693877551020408934e-02,7.196856730011521675e-04,9.993584838101422507e-01
4.693877551020408934e-02,9.102981779915217267e-04,9.991928490567064669e-01
4.693877551020408934e-02,1.151395399326448146e-03,9.989834172752948271e-01
4.693877551020408934e-02,1.456348477501244378e-03,9.987186360182949141e-01
4.693877551020408934e-02,1.842069969326716331e-03,9.983839198424978578e-01
4.693877551020408934e-02,2.329951810515372077e-03,9.979608449340540144e-01
4.693877551020408934e-02,2.947051702551809708e-03,9.974262052586426730e-01
4.693877551020408934e-02,3.727593720314941773e-03,9.967507372250623554e-01
4.693877551020408934e-02,4.714866363457394238e-03,9.958976006308857265e-01
4.693877551020408934e-02,5.963623316594642357e-03,9.948204764899193364e-01
4.693877551020408934e-02,7.543120063354623143e-03,9.934612144431257397e-01
4.693877551020408934e-02,9.540954763499944619e-03,9.917469595285602901e-01
4.693877551020408934e-02,1.206792640639328847e-02,9.895866600760865328e-01
4.693877551020408934e-02,1.526417967175233356e-02,9.868669037802635380e-01
4.693877551020408934e-02,1.930697728883249559e-02,9.834469996787482682e-01
4.693877551020408934e-02,2.442053094548649744e-02,9.791533483752529188e-01
4.693877551020408934e-02,3.088843596477484910e-02,9.737731988702283958e-01
4.693877551020408934e-02,3.906939937054620948e-02,9.670480910603661551e-01
4.693877551020408934e-02,4.941713361323837872e-02,9.586676155192830340e-01
4.693877551020408934e-02,6.250551925273975518e-02,9.482644801332628104e-01
4.693877551020408934e-02,7.906043210907701124e-02,9.354126116776246835e-01
4.693877551020408934e-02,1.000000000000000056e-01,9.196307742403455610e-01
5.102040816326530726e-02,9.999999999999999547e-07,9.999845203183694853e-01
5.102040816326530726e-02,1.264855216855295881e-06,9.999842889323063977e-01
5.102040816326530726e-02,1.599858719606057360e-06,9.999839980121683070e-01
5.102040816326530726e-02,2.023589647725155726e-06,9.999836292300763319e-01
5.102040816326530726e-02,2.559547922699533382e-06,9.999831619686924133e-01
5.102040816326530726e-02,3.237457542817646685e-06,9.999825723922656229e-01
5.102040816326530726e-02,4.094915062380427237e-06,9.999818274364474791e-01
5.102040816326530726e-02,5.179474679231212330e-06,9.999808845313679084e-01
5.102040816326530726e-02,6.551285568595509496e-06,9.999796895657895313e-01
5.102040816326530726e-02,8.286427728546842542e-06,9.999781802467475611e-01
5.102040816326530726e-02,1.048113134154685250e-05,9.999762712964631595e-01
5.102040816326530726e-02,1.325711365590110898e-05,9.999738556462195449e-01
5.102040816326530726e-02,1.676832936811009972e-05,9.999708000826366128e-01
5.102040816326530726e-02,2.120950887920192640e-05,9.999669366731344100e-01
5.102040816326530726e-02,2.682695795279727390e-05,9.999620490372268522e-01
5.102040816326530726e-02,3.393221771895329857e-05,9.999558659088162438e-01
5.102040816326530726e-02,4.291934260128778017e-05,9.999480469662654913e-01
5.102040816326530726e-02,5.428675439323859403e-05,9.999381573181785887e-01
5.102040816326530726e-02,6.866488450042998925e-05,9.999256491165402494e-01
5.102040816326530726e-02,8.685113737513520580e-05,9.999098257194725115e-01
5.102040816326530726e-02,1.098541141987558346e-04,9.998898146568921952e-01
5.102040816326530726e-02,1.389495494373137348e-04,9.998645038187897738e-01
5.102040816326530726e-02,1.757510624854793067e-04,9.998324906632675146e-01
5.102040816326530726e-02,2.222996482526195465e-04,9.997920023965324310e-01
5.102040816326530726e-02,2.811768697974231118e-04,9.997407934352480208e-01
5.102040816326530726e-02,3.556480306223128661e-04,9.996760290568940110e-01
5.102040816326530726e-02,4.498432668969443876e-04,9.995941237064478457e-01
5.102040816326530726e-02,5.689866029018298636e-04,9.994905431975813492e-01
5.102040816326530726e-02,7.196856730011521675e-04,9.993595565416142357e-01
5.102040816326530726e-02,9.102981779915217267e-04,9.991939258029230997e-01
5.102040816326530726e-02,1.151395399326448146e-03,9.989845008540659821e-01
5.102040816326530726e-02,1.456348477501244378e-03,9.987197238260062671e-01
5.102040816326530726e-02,1.842069969326716331e-03,9.983850125052490254e-01
5.102040816326530726e-02,2.329951810515372077e-03,9.979619499473865174e-01
5.102040816326530726e-02,2.947051702551809708e-03,9.974273220045070110e-01
5.102040816326530726e-02,3.727593720314941773e-03,9.967518678225337769e-01
5.102040816326530726e-02,4.714866363457394238e-03,9.958987489775572577e-01
5.102040816326530726e-02,5.963623316594642357e-03,9.948216497959455618e-01
5.102040816326530726e-02,7.543120063354623143e-03,9.934624144242151234e-01
5.102040816326530726e-02,9.540954763499944619e-03,9.917481893246947733e-01
5.102040816326530726e-02,1.206792640639328847e-02,9.895879251003775190e-01
5.102040816326530726e-02,1.526417967175233356e-02,9.868682097033547596e-01
5.102040816326530726e-02,1.930697728883249559e-02,9.834483502783220032e-01
5.102040816326530726e-02,2.442053094548649744e-02,9.791547363401710280e-01
5.102040816326530726e-02,3.088843596477484910e-02,9.737746160962340580e-01
5.102040816326530726e-02,3.906939937054620948e-02,9.670495096036739735e-01
5.102040816326530726e-02,4.941713361323837872e-02,9.586689830340455742e-01
5.102040816326530726e-02,6.250551925273975518e-02,9.482657015282511814e-01
5.102040816326530726e-02,7.906043210907701124e-02,9.354135180792623183e-01
5.102040816326530726e-02,1.000000000000000056e-01,9.196310889409167189e-01
5.510204081632655293e-02,9.999999999999999547e-07,9.999855129571519896e-01
5.510204081632655293e-02,1.264855216855295881e-06,9.999852824944163165e-01
5.510204081632655293e-02,1.599858719606057360e-06,9.999849907141418193e-01
5.510204081632655293e-02,2.023589647725155726e-06,9.999846234088289876e-01
5.510204081632655293e-02,2.559547922699533382e-06,9.999841560729387790e-01
5.510204081632655293e-02,3.237457542817646685e-06,9.999835661948630605e-01
5.510204081632655293e-02,4.094915062380427237e-06,9.999828204560862188e-01
5.510204081632655293e-02,5.179474679231212330e-06,9.999818769566674037e-01
5.510204081632655293e-02,6.551285568595509496e-06,9.999806836196927229e-01
5.510204081632655293e-02,8.286427728546842542e-06,9.999791733769411994e-01
5.510204081632655293e-02,1.048113134154685250e-05,9.999772638115839163e-01
5.510204081632655293e-02,1.325711365590110898e-05,9.999748495852475161e-01
5.510204081632655293e-02,1.676832936811009972e-05,9.999717940448132891e-01
5.510204081632655293e-02,2.120950887920192640e-05,9.999679296010622886e-01
5.510204081632655293e-02,2.682695795279727390e-05,9.999630416049584136e-01
5.510204081632655293e-02,3.393221771895329857e-05,9.999568604537312222e-01
5.510204081632655293e-02,4.291934260128778017e-05,9.999490409108499067e-01
5.510204081632655293e-02,5.428675439323859403e-05,9.999391520382415743e-01
5.510204081632655293e-02,6.866488450042998925e-05,9.999266427606871011e-01
5.510204081632655293e-02,8.685113737513520580e-05,9.999108204348478024e-01
5.510204081632655293e-02,1.098541141987558346e-04,9.998908089578086855e-01
5.510204081632655293e-02,1.389495494373137348e-04,9.998655004781841216e-01
5.510204081632655293e-02,1.757510624854793067e-04,9.998334880942656433e-01
5.510204081632655293e-02,2.222996482526195465e-04,9.997929993387453251e-01
5.510204081632655293e-02,2.811768697974231118e-04,9.997417916430361151e-01
5.510204081632655293e-02,3.556480306223128661e-04,9.996770311345305471e-01
5.510204081632655293e-02,4.498432668969443876e-04,9.995951261703982516e-01
5.510204081632655293e-02,5.689866029018298636e-04,9.994915480427909449e-01
5.510204081632655293e-02,7.196856730011521675e-04,9.993605643921708026e-01
5.510204081632655293e-02,9.102981779915217267e-04,9.991949385280115559e-01
5.510204081632655293e-02,1.151395399326448146e-03,9.989855170674364349e-01
5.510204081632655293e-02,1.456348477501244378e-03,9.987207458914358904e-01
5.510204081632655293e-02,1.842069969326716331e-03,9.983860425238638703e-01
5.510204081632655293e-02,2.329951810515372077e-03,9.979629909419679423e-01
5.510204081632655293e-02,2.947051702551809708e-03,9.974283744032491628e-01
5.510204081632655293e-02,3.727593720314941773e-03,9.967529344652976686e-01
5.510204081632655293e-02,4.714866363457394238e-03,9.958998351882211164e-01
5.510204081632655293e-02,5.963623316594642357e-03,9.948227554381401383e-01
5.510204081632655293e-02,7.543120063354623143e-03,9.934635446894074517e-01
5.510204081632655293e-02,9.540954763499944619e-03,9.917493512089463614e-01
5.510204081632655293e-02,1.206792640639328847e-02,9.895891225577219119e-01
5.510204081632655293e-02,1.526417967175233356e-02,9.868694417769401372e-01
5.510204081632655293e-02,1.930697728883249559e-02,9.834496135850960830e-01
5.510204081632655293e-02,2.442053094548649744e-02,9.791560268882720797e-01
5.510204081632655293e-02,3.088843596477484910e-02,9.737759092577077391e-01
5.510204081632655293e-02,3.906939937054620948e-02,9.670507689308643906e-01
5.510204081632655293e-02,4.941713361323837872e-02,9.586701306282066071e-01
5.510204081632655293e-02,6.250551925273975518e-02,9.482666014557662448e-01
5.510204081632655293e-02,7.906043210907701124e-02,9.354139477128726732e-01
5.510204081632655293e-02,1.000000000000000056e-01,9.196306767883790645e-01
5.918367346938777085e-02,9.999999999999999547e-07,9.999864410020881111e-01
5.918367346938777085e-02,1.264855216855295881e-06,9.999862117629634284e-01
5.918367346938777085e-02,1.599858719606057360e-06,9.999859183181953881e-01
5.918367346938777085e-02,2.023589647725155726e-06,9.999855498365215478e-01
5.918367346938777085e-02,2.559547922699533382e-06,9.999850833047090326e-01
5.918367346938777085e-02,3.237457542817646685e-06,9.999844926453975713e-01
5.918367346938777085e-02,4.094915062380427237e-06,9.999837478960084125e-01
5.918367346938777085e-02,5.179474679231212330e-06,9.999828044365846047e-01
5.918367346938777085e-02,6.551285568595509496e-06,9.999816116081265971e-01
5.918367346938777085e-02,8.286427728546842542e-06,9.999801011631539449e-01
5.918367346938777085e-02,1.048113134154685250e-05,9.999781906631791673e-01
5.918367346938777085e-02,1.325711365590110898e-05,9.999757755486151645e-01
5.918367346938777085e-02,1.676832936811009972e-05,9.999727213793189184e-01
5.918367346938777085e-02,2.120950887920192640e-05,9.999688568737180594e-01
5.918367346938777085e-02,2.682695795279727390e-05,9.999639689485063654e-01
5.918367346938777085e-02,3.393221771895329857e-05,9.999577882048612532e-01
5.918367346938777085e-02,4.291934260128778017e-05,9.999499695798617083e-01
5.918367346938777085e-02,5.428675439323859403e-05,9.999400783755423294e-01
5.918367346938777085e-02,6.866488450042998925e-05,9.999275702163639146e-01
5.918367346938777085e-02,8.685113737513520580e-05,9.999117501167178457e-01
5.918367346938777085e-02,1.098541141987558346e-04,9.998917387406908164e-01
5.918367346938777085e-02,1.389495494373137348e-04,9.998664294216262904e-01
5.918367346938777085e-02,1.757510624854793067e-04,9.998344187901344604e-01
5.918367346938777085e-02,2.222996482526195465e-04,9.997939309516027384e-01
5.918367346938777085e-02,2.811768697974231118e-04,9.997427253655155610e-01
5.918367346938777085e-02,3.556480306223128661e-04,9.996779632576511254e-01
5.918367346938777085e-02,4.498432668969443876e-04,9.995960633448930377e-01
5.918367346938777085e-02,5.689866029018298636e-04,9.994924876793359614e-01
5.918367346938777085e-02,7.196856730011521675e-04,9.993615084637031964e-01
5.918367346938777085e-02,9.102981779915217267e-04,9.991958844657883310e-01
5.918367346938777085e-02,1.151395399326448146e-03,9.989864671604919977e-01
5.918367346938777085e-02,1.456348477501244378e-03,9.987217036264963710e-01
5.918367346938777085e-02,1.842069969326716331e-03,9.983870052384843374e-01
5.918367346938777085e-02,2.329951810515372077e-03,9.979639641946975726e-01
5.918367346938777085e-02,2.947051702551809708e-03,9.974293593796229596e-01
5.918367346938777085e-02,3.727593720314941773e-03,9.967539352175219802e-01
5.918367346938777085e-02,4.714866363457394238e-03,9.959008510391907931e-01
5.918367346938777085e-02,5.963623316594642357e-03,9.948237925741814092e-01
5.918367346938777085e-02,7.543120063354623143e-03,9.934646067462655772e-01
5.918367346938777085e-02,9.540954763499944619e-03,9.917504396063968608e-01
5.918367346938777085e-02,1.206792640639328847e-02,9.895902389596757942e-01
5.918367346938777085e-02,1.526417967175233356e-02,9.868705878753187832e-01
5.918367346938777085e-02,1.930697728883249559e-02,9.834507857964129851e-01
5.918367346938777085e-02,2.442053094548649744e-02,9.791572115978794955e-01
5.918367346938777085e-02,3.088843596477484910e-02,9.737770796786380245e-01
5.918367346938777085e-02,3.906939937054620948e-02,9.670518737946642851e-01
5.918367346938777085e-02,4.941713361323837872e-02,9.586710749623488237e-01
5.918367346938777085e-02,6.250551925273975518e-02,9.482672285320422612e-01
5.918367346938777085e-02,7.906043210907701124e-02,9.354139962853473822e-01
5.918367346938777085e-02,1.000000000000000056e-01,9.196297182942234638e-01
6.326530612244898877e-02,9.999999999999999547e-07,9.999873025785877001e-01
6.326530612244898877e-02,1.264855216855295881e-06,9.999870730176452227e-01
6.326530612244898877e-02,1.599858719606057360e-06,9.999867804589634979e-01
6.326530612244898877e-02,2.023589647725155726e-06,9.999864128332321966e-01
6.326530612244898877e-02,2.559547922699533382e-06,9.999859473253723818e-01
6.326530612244898877e-02,3.237457542817646685e-06,9.999853562597046386e-01
6.326530612244898877e-02,4.094915062380427237e-06,9.999846100059812670e-01
6.326530612244898877e-02,5.179474679231212330e-06,9.999836686114851325e-01
6.326530612244898877e-02,6.551285568595509496e-06,9.999824733362813189e-01
6.326530612244898877e-02,8.286427728546842542e-06,9.999809628606911582e-01
6.326530612244898877e-02,1.048113134154685250e-05,9.999790535592666396e-01
6.326530612244898877e-02,1.325711365590110898e-05,9.999766407578900562e-01
6.326530612244898877e-02,1.676832936811009972e-05,9.999735839880812271e-01
6.326530612244898877e-02,2.120950887920192640e-05,9.999697204616191382e-01
6.326530612244898877e-02,2.682695795279727390e-05,9.999648334080706302e-01
6.326530612244898877e-02,3.393221771895329857e-05,9.999586526947642495e-01
6.326530612244898877e-02,4.291934260128778017e-05,9.999508338567916210e-01
6.326530612244898877e-02,5.428675439323859403e-05,9.999409442161352191e-01
6.326530612244898877e-02,6.866488450042998925e-05,9.999284357201044804e-01
6.326530612244898877e-02,8.685113737513520580e-05,9.999126150910305766e-01
6.326530612244898877e-02,1.098541141987558346e-04,9.998926051569489992e-01
6.326530612244898877e-02,1.389495494373137348e-04,9.998672948475214595e-01
6.326530612244898877e-02,1.757510624854793067e-04,9.998352841023111504e-01
6.326530612244898877e-02,2.222996482526195465e-04,9.997947995377954866e-01
6.326530612244898877e-02,2.811768697974231118e-04,9.997435940386714126e-01
6.326530612244898877e-02,3.556480306223128661e-04,9.996788336621251769e-01
6.326530612244898877e-02,4.498432668969443876e-04,9.995969353079550146e-01
6.326530612244898877e-02,5.689866029018298636e-04,9.994933600417623687e-01
6.326530612244898877e-02,7.196856730011521675e-04,9.993623841211188852e-01
6.326530612244898877e-02,9.102981779915217267e-04,9.991967632541873812e-01
6.326530612244898877e-02,1.151395399326448146e-03,9.989873528573438577e-01
6.326530612244898877e-02,1.456348477501244378e-03,9.987225949795685009e-01
6.326530612244898877e-02,1.842069969326716331e-03,9.983879042983895280e-01
6.326530612244898877e-02,2.329951810515372077e-03,9.979648700466527966e-01
6.326530612244898877e-02,2.947051702551809708e-03,9.974302762336872963e-01
6.326530612244898877e-02,3.727593720314941773e-03,9.967548633680675119e-01
6.326530612244898877e-02,4.714866363457394238e-03,9.959017966440764091e-01
6.326530612244898877e-02,5.963623316594642357e-03,9.948247563534390325e-01
6.326530612244898877e-02,7.543120063354623143e-03,9.934655908983677230e-01
6.326530612244898877e-02,9.540954763499944619e-03,9.917514467358689023e-01
6.326530612244898877e-02,1.206792640639328847e-02,9.895912709755577685e-01
6.326530612244898877e-02,1.526417967175233356e-02,9.868716445927812053e-01
6.326530612244898877e-02,1.930697728883249559e-02,9.834518579186299903e-01
6.326530612244898877e-02,2.442053094548649744e-02,9.791582883469726051e-01
6.326530612244898877e-02,3.088843596477484910e-02,9.737781263703517709e-01
6.326530612244898877e-02,3.906939937054620948e-02,9.670528336738216657e-01
6.326530612244898877e-02,4.941713361323837872e-02,9.586718508400992045e-01
6.326530612244898877e-02,6.250551925273975518e-02,9.482676507220433315e-01
6.326530612244898877e-02,7.906043210907701124e-02,9.354137863396509989e-01
6.326530612244898877e-02,1.000000000000000056e-01,9.196284315390806929e-01
6.734693877551020669e-02,9.999999999999999547e-07,9.999881028876425049e-01
6.734693877551020669e-02,1.264855216855295881e-06,9.999878725506295973e-01
6.734693877551020669e-02,1.599858719606057360e-06,9.999875824932368262e-01
6.734693877551020669e-02,2.023589647725155726e-06,9.999872133116344264e-01
6.734693877551020669e-02,2.559547922699533382e-06,9.999867479696662453e-01
6.734693877551020669e-02,3.237457542817646685e-06,9.999861577077289176e-01
6.734693877551020669e-02,4.094915062380427237e-06,9.999854119258274610e-01
6.734693877551020669e-02,5.179474679231212330e-06,9.999844673415938523e-01
6.734693877551020669e-02,6.551285568595509496e-06,9.999832749478918537e-01
6.734693877551020669e-02,8.286427728546842542e-06,9.999817642588675337e-01
6.734693877551020669e-02,1.048113134154685250e-05,9.999798569457475361e-01
6.734693877551020669e-02,1.325711365590110898e-05,9.999774395971979812e-01
6.734693877551020669e-02,1.676832936811009972e-05,9.999743844049281405e-01
6.734693877551020669e-02,2.120950887920192640e-05,9.999705221097811014e-01
6.734693877551020669e-02,2.682695795279727390e-05,9.999656351126036125e-01
6.734693877551020669e-02,3.393221771895329857e-05,9.999594535794977812e-01
6.734693877551020669e-02,4.291934260128778017e-05,9.999516338710185970e-01
6.734693877551020669e-02,5.428675439323859403e-05,9.999417450774514826e-01
6.734693877551020669e-02,6.866488450042998925e-05,9.999292368023213751e-01
6.734693877551020669e-02,8.685113737513520580e-05,9.999134171381389713e-01
6.734693877551020669e-02,1.098541141987558346e-04,9.998934067722936581e-01
6.734693877551020669e-02,1.389495494373137348e-04,9.998680984548404815e-01
6.734693877551020669e-02,1.757510624854793067e-04,9.998360880725470912e-01
6.734693877551020669e-02,2.222996482526195465e-04,9.997956016714488747e-01
6.734693877551020669e-02,2.811768697974231118e-04,9.997443992826993142e-01
6.734693877551020669e-02,3.556480306223128661e-04,9.996796418413117502e-01
6.734693877551020669e-02,4.498432668969443876e-04,9.995977433878040497e-01
6.734693877551020669e-02,5.689866029018298636e-04,9.994941705938351628e-01
6.734693877551020669e-02,7.196856730011521675e-04,9.993631969462143383e-01
6.734693877551020669e-02,9.102981779915217267e-04,9.991975793207461543e-01
6.734693877551020669e-02,1.151395399326448146e-03,9.989881710683583549e-01
6.734693877551020669e-02,1.456348477501244378e-03,9.987234206108346335e-01
6.734693877551020669e-02,1.842069969326716331e-03,9.983887343991648677e-01
6.734693877551020669e-02,2.329951810515372077e-03,9.979657082748292218e-01
6.734693877551020669e-02,2.947051702551809708e-03,9.974311242241108433e-01
6.734693877551020669e-02,3.727593720314941773e-03,9.967557233364310321e-01
6.734693877551020669e-02,4.714866363457394238e-03,9.959026693645240957e-01
6.734693877551020669e-02,5.963623316594642357e-03,9.948256430914429460e-01
6.734693877551020669e-02,7.543120063354623143e-03,9.934664971568509806e-01
6.734693877551020669e-02,9.540954763499944619e-03,9.917523735891815573e-01
6.734693877551020669e-02,1.206792640639328847e-02,9.895922189715454786e-01
6.734693877551020669e-02,1.526417967175233356e-02,9.868726104769619534e-01
6.734693877551020669e-02,1.930697728883249559e-02,9.834528346719066949e-01
6.734693877551020669e-02,2.442053094548649744e-02,9.791592597096339112e-01
6.734693877551020669e-02,3.088843596477484910e-02,9.737790617415630345e-01
6.734693877551020669e-02,3.906939937054620948e-02,9.670536768378364956e-01
6.734693877551020669e-02,4.941713361323837872e-02,9.586725001772087307e-01
6.734693877551020669e-02,6.250551925273975518e-02,9.482679455320685014e-01
6.734693877551020669e-02,7.906043210907701124e-02,9.354134560254497854e-01
6.734693877551020669e-02,1.000000000000000056e-01,9.196270459647899465e-01
7.142857142857142461e-02,9.999999999999999547e-07,9.999888438900706999e-01
7.142857142857142461e-02,1.264855216855295881e-06,9.999886138951736836e-01
7.142857142857142461e-02,1.599858719606057360e-06,9.999883232090748253e-01
7.142857142857142461e-02,2.023589647725155726e-06,9.999879533392125319e-01
7.142857142857142461e-02,2.559547922699533382e-06,9.999874885532527014e-01
7.142857142857142461e-02,3.237457542817646685e-06,9.999868957255669821e-01
7.142857142857142461e-02,4.094915062380427237e-06,9.999861515466313966e-01
7.142857142857142461e-02,5.179474679231212330e-06,9.999852076346403829e-01
7.142857142857142461e-02,6.551285568595509496e-06,9.999840140483360340e-01
7.142857142857142461e-02,8.286427728546842542e-06,9.999825055678556174e-01
7.142857142857142461e-02,1.048113134154685250e-05,9.999805971656379189e-01
7.142857142857142461e-02,1.325711365590110898e-05,9.999781809805573518e-01
7.142857142857142461e-02,1.676832936811009972e-05,9.999751245377346276e-01
7.142857142857142461e-02,2.120950887920192640e-05,9.999712618875916670e-01
7.142857142857142461e-02,2.682695795279727390e-05,9.999663761375123805e-01
7.142857142857142461e-02,3.393221771895329857e-05,9.999601940392034427e-01
7.142857142857142461e-02,4.291934260128778017e-05,9.999523761751598627e-01
7.142857142857142461e-02,5.428675439323859403e-05,9.999424858888965595e-01
7.142857142857142461e-02,6.866488450042998925e-05,9.999299778481713918e-01
7.142857142857142461e-02,8.685113737513520580e-05,9.999141594795752930e-01
7.142857142857142461e-02,1.098541141987558346e-04,9.998941478396514704e-01
7.142857142857142461e-02,1.389495494373137348e-04,9.998688406257828509e-01
7.142857142857142461e-02,1.757510624854793067e-04,9.998368309732770243e-01
7.142857142857142461e-02,2.222996482526195465e-04,9.997963448501510086e-01
7.142857142857142461e-02,2.811768697974231118e-04,9.997451433069518556e-01
7.142857142857142461e-02,3.556480306223128661e-04,9.996803861126730695e-01
7.142857142857142461e-02,4.498432668969443876e-04,9.995984887865914104e-01
7.142857142857142461e-02,5.689866029018298636e-04,9.994949190909393488e-01
7.142857142857142461e-02,7.196856730011521675e-04,9.993639461194780971e-01
7.142857142857142461e-02,9.102981779915217267e-04,9.991983333644341991e-01
7.142857142857142461e-02,1.151395399326448146e-03,9.989889282311829044e-01
7.142857142857142461e-02,1.456348477501244378e-03,9.987241807701454643e-01
7.142857142857142461e-02,1.842069969326716331e-03,9.983895007991088200e-01
7.142857142857142461e-02,2.329951810515372077e-03,9.979664796819289752e-01
7.142857142857142461e-02,2.947051702551809708e-03,9.974319047972605157e-01
7.142857142857142461e-02,3.727593720314941773e-03,9.967565119765581239e-01
7.142857142857142461e-02,4.714866363457394238e-03,9.959034689531857110e-01
7.142857142857142461e-02,5.963623316594642357e-03,9.948264559844079979e-01
7.142857142857142461e-02,7.543120063354623143e-03,9.934673273761402967e-01
7.142857142857142461e-02,9.540954763499944619e-03,9.917532179160402084e-01
7.142857142857142461e-02,1.206792640639328847e-02,9.895930801791307241e-01
7.142857142857142461e-02,1.526417967175233356e-02,9.868734863851016392e-01
7.142857142857142461e-02,1.930697728883249559e-02,9.834537167125267931e-01
7.142857142857142461e-02,2.442053094548649744e-02,9.791601340896629591e-01
7.142857142857142461e-02,3.088843596477484910e-02,9.737798978672660422e-01
7.142857142857142461e-02,3.906939937054620948e-02,9.670544241503656879e-01
7.142857142857142461e-02,4.941713361323837872e-02,9.586730699379366616e-01
7.142857142857142461e-02,6.250551925273975518e-02,9.482681898563634082e-01
7.142857142857142461e-02,7.906043210907701124e-02,9.354131357935048241e-01
7.142857142857142461e-02,1.000000000000000056e-01,9.196257790167245982e-01
7.551020408163267028e-02,9.999999999999999547e-07,9.999895236104642260e-01
7.551020408163267028e-02,1.264855216855295881e-06,9.999892929599820679e-01
7.551020408163267028e-02,1.599858719606057360e-06,9.999890017917825169e-01
7.551020408163267028e-02,2.023589647725155726e-06,9.999886321585459426e-01
7.551020408163267028e-02,2.559547922699533382e-06,9.999881677226929444e-01
7.551020408163267028e-02,3.237457542817646685e-06,9.999875768444788093e-01
7.551020408163267028e-02,4.094915062380427237e-06,9.999868297376529602e-01
7.551020408163267028e-02,5.179474679231212330e-06,9.999858875633887978e-01
7.551020408163267028e-02,6.551285568595509496e-06,9.999846935117195912e-01
7.551020408163267028e-02,8.286427728546842542e-06,9.999831849273675966e-01
7.551020408163267028e-02,1.048113134154685250e-05,9.999812757178656586e-01
7.551020408163267028e-02,1.325711365590110898e-05,9.999788612054674175e-01
7.551020408163267028e-02,1.676832936811009972e-05,9.999758053279496073e-01
7.551020408163267028e-02,2.120950887920192640e-05,9.999719416412099493e-01
7.551020408163267028e-02,2.682695795279727390e-05,9.999670541931291456e-01
7.551020408163267028e-02,3.393221771895329857e-05,9.999608729086512104e-01
7.551020408163267028e-02,4.291934260128778017e-05,9.999530548678411401e-01
7.551020408163267028e-02,5.428675439323859403e-05,9.999431667025892034e-01
7.551020408163267028e-02,6.866488450042998925e-05,9.999306582191048731e-01
7.551020408163267028e-02,8.685113737513520580e-05,9.999148393843145799e-01
7.551020408163267028e-02,1.098541141987558346e-04,9.998948291095349772e-01
7.551020408163267028e-02,1.389495494373137348e-04,9.998695211708374941e-01
7.551020408163267028e-02,1.757510624854793067e-04,9.998375125969596322e-01
7.551020408163267028e-02,2.222996482526195465e-04,9.997970282871597725e-01
7.551020408163267028e-02,2.811768697974231118e-04,9.997458264784002679e-01
7.551020408163267028e-02,3.556480306223128661e-04,9.996810710533641231e-01
7.551020408163267028e-02,4.498432668969443876e-04,9.995991741071442727e-01
7.551020408163267028e-02,5.689866029018298636e-04,9.994956057413564299e-01
7.551020408163267028e-02,7.196856730011521675e-04,9.993646347596809587e-01
7.551020408163267028e-02,9.102981779915217267e-04,9.991990229781616550e-01
7.551020408163267028e-02,1.151395399326448146e-03,9.989896202879369191e-01
7.551020408163267028e-02,1.456348477501244378e-03,9.987248762517887402e-01
7.551020408163267028e-02,1.842069969326716331e-03,9.983902020404259448e-01
7.551020408163267028e-02,2.329951810515372077e-03,9.979671858163583487e-01
7.551020408163267028e-02,2.947051702551809708e-03,9.974326165245670506e-01
7.551020408163267028e-02,3.727593720314941773e-03,9.967572324662703487e-01
7.551020408163267028e-02,4.714866363457394238e-03,9.959041993093125100e-01
7.551020408163267028e-02,5.963623316594642357e-03,9.948271960692003368e-01
7.551020408163267028e-02,7.543120063354623143e-03,9.934680783353003752e-01
7.551020408163267028e-02,9.540954763499944619e-03,9.917539842429854424e-01
7.551020408163267028e-02,1.206792640639328847e-02,9.895938586374006807e-01
7.551020408163267028e-02,1.526417967175233356e-02,9.868742738461584452e-01
7.551020408163267028e-02,1.930697728883249559e-02,9.834545114901301899e-01
7.551020408163267028e-02,2.442053094548649744e-02,9.791609196148985950e-01
7.551020408163267028e-02,3.088843596477484910e-02,9.737806538790824140e-01
7.551020408163267028e-02,3.906939937054620948e-02,9.670551021237275835e-01
7.551020408163267028e-02,4.941713361323837872e-02,9.586736022763084897e-01
7.551020408163267028e-02,6.250551925273975518e-02,9.482684510725957194e-01
7.551020408163267028e-02,7.906043210907701124e-02,9.354129294019799534e-01
7.551020408163267028e-02,1.000000000000000056e-01,9.196247920545017607e-01
7.959183673469388820e-02,9.999999999999999547e-07,9.999901442076319924e-01
7.959183673469388820e-02,1.264855216855295881e-06,9.999899133554103203e-01
7.959183673469388820e-02,1.599858719606057360e-06,9.999896209371018641e-01
7.959183673469388820e-02,2.023589647725155726e-06,9.999892530121138323e-01
7.959183673469388820e-02,2.559547922699533382e-06,9.999887870631181119e-01
7.959183673469388820e-02,3.237457542817646685e-06,9.999881962383557754e-01
7.959183673469388820e-02,4.094915062380427237e-06,9.999874523686592687e-01
7.959183673469388820e-02,5.179474679231212330e-06,9.999865092052537818e-01
7.959183673469388820e-02,6.551285568595509496e-06,9.999853148681006054e-01
7.959183673469388820e-02,8.286427728546842542e-06,9.999838050713240056e-01
7.959183673469388820e-02,1.048113134154685250e-05,9.999818948659515705e-01
7.959183673469388820e-02,1.325711365590110898e-05,9.999794792118923414e-01
7.959183673469388820e-02,1.676832936811009972e-05,9.999764260301902130e-01
7.959183673469388820e-02,2.120950887920192640e-05,9.999725624891278031e-01
7.959183673469388820e-02,2.682695795279727390e-05,9.999676757433865193e-01
7.959183673469388820e-02,3.393221771895329857e-05,9.999614941426832049e-01
7.959183673469388820e-02,4.291934260128778017e-05,9.999536769298138505e-01
7.959183673469388820e-02,5.428675439323859403e-05,9.999437868889822223e-01
7.959183673469388820e-02,6.866488450042998925e-05,9.999312792852884657e-01
7.959183673469388820e-02,8.685113737513520580e-05,9.999154594347987590e-01
7.959183673469388820e-02,1.098541141987558346e-04,9.998954508293735888e-01
7.959183673469388820e-02,1.389495494373137348e-04,9.998701433445319475e-01
7.959183673469388820e-02,1.757510624854793067e-04,9.998381339694581982e-01
7.959183673469388820e-02,2.222996482526195465e-04,9.997976507774177790e-01
7.959183673469388820e-02,2.811768697974231118e-04,9.997464488686043094e-01
7.959183673469388820e-02,3.556480306223128661e-04,9.996816935776755564e-01
7.959183673469388820e-02,4.498432668969443876e-04,9.995997981155417822e-01
7.959183673469388820e-02,5.689866029018298636e-04,9.994962302144405619e-01
7.959183673469388820e-02,7.196856730011521675e-04,9.993652621238101608e-01
7.959183673469388820e-02,9.102981779915217267e-04,9.991996514495024018e-01
7.959183673469388820e-02,1.151395399326448146e-03,9.989902523403021428e-01
7.959183673469388820e-02,1.456348477501244378e-03,9.987255084202648625e-01
7.959183673469388820e-02,1.842069969326716331e-03,9.983908380015786843e-01
7.959183673469388820e-02,2.329951810515372077e-03,9.979678288045025214e-01
7.959183673469388820e-02,2.947051702551809708e-03,9.974332623936859044e-01
7.959183673469388820e-02,3.727593720314941773e-03,9.967578838980130085e-01
7.959183673469388820e-02,4.714866363457394238e-03,9.959048570791676491e-01
7.959183673469388820e-02,5.963623316594642357e-03,9.948278639971378512e-01
7.959183673469388820e-02,7.543120063354623143e-03,9.934687548701397475e-01
7.959183673469388820e-02,9.540954763499944619e-03,9.917546736495027604e-01
7.959183673469388820e-02,1.206792640639328847e-02,9.895945576777493979e-01
7.959183673469388820e-02,1.526417967175233356e-02,9.868749818400559537e-01
7.959183673469388820e-02,1.930697728883249559e-02,9.834552235279236942e-01
7.959183673469388820e-02,2.442053094548649744e-02,9.791616280479179535e-01
7.959183673469388820e-02,3.088843596477484910e-02,9.737813386327528464e-01
7.959183673469388820e-02,3.906939937054620948e-02,9.670557356718322284e-01
7.959183673469388820e-02,4.941713361323837872e-02,9.586741260894235950e-01
7.959183673469388820e-02,6.250551925273975518e-02,9.482687752883662835e-01
7.959183673469388820e-02,7.906043210907701124e-02,9.354129089606542102e-01
7.959183673469388820e-02,1.000000000000000056e-01,9.196241978708132869e-01
8.367346938775510612e-02,9.999999999999999547e-07,9.999907020727953899e-01
8.367346938775510612e-02,1.264855216855295881e-06,9.999904731880251418e-01
8.367346938775510612e-02,1.599858719606057360e-06,9.999901809480248316e-01
8.367346938775510612e-02,2.023589647725155726e-06,9.999898126690360822e-01
8.367346938775510612e-02,2.559547922699533382e-06,9.999893486303855772e-01
8.367346938775510612e-02,3.237457542817646685e-06,9.999887571776683304e-01
8.367346938775510612e-02,4.094915062380427237e-06,9.999880101062481597e-01
8.367346938775510612e-02,5.179474679231212330e-06,9.999870671483236384e-01
8.367346938775510612e-02,6.551285568595509496e-06,9.999858734192015319e-01
8.367346938775510612e-02,8.286427728546842542e-06,9.999843641074244172e-01
8.367346938775510612e-02,1.048113134154685250e-05,9.999824547523215035e-01
8.367346938775510612e-02,1.325711365590110898e-05,9.999800397037358346e-01
8.367346938775510612e-02,1.676832936811009972e-05,9.999769856385473110e-01
8.367346938775510612e-02,2.120950887920192640e-05,9.999731220602723347e-01
8.367346938775510612e-02,2.682695795279727390e-05,9.999682347452499842e-01
8.367346938775510612e-02,3.393221771895329857e-05,9.999620541794187467e-01
8.367346938775510612e-02,4.291934260128778017e-05,9.999542354150805501e-01
8.367346938775510612e-02,5.428675439323859403e-05,9.999443478212879377e-01
8.367346938775510612e-02,6.866488450042998925e-05,9.999318394815598365e-01
8.367346938775510612e-02,8.685113737513520580e-05,9.999160207797398447e-01
8.367346938775510612e-02,1.098541141987558346e-04,9.998960124008915429e-01
8.367346938775510612e-02,1.389495494373137348e-04,9.998707032011709961e-01
8.367346938775510612e-02,1.757510624854793067e-04,9.998386959363604332e-01
8.367346938775510612e-02,2.222996482526195465e-04,9.997982112579161251e-01
8.367346938775510612e-02,2.811768697974231118e-04,9.997470097429370650e-01
8.367346938775510612e-02,3.556480306223128661e-04,9.996822562308226301e-01
8.367346938775510612e-02,4.498432668969443876e-04,9.996003605930019464e-01
8.367346938775510612e-02,5.689866029018298636e-04,9.994967942442394282e-01
8.367346938775510612e-02,7.196856730011521675e-04,9.993658266467084772e-01
8.367346938775510612e-02,9.102981779915217267e-04,9.992002180579133697e-01
8.367346938775510612e-02,1.151395399326448146e-03,9.989908193546850335e-01
8.367346938775510612e-02,1.456348477501244378e-03,9.987260793200367637e-01
8.367346938775510612e-02,1.842069969326716331e-03,9.983914105428313146e-01
8.367346938775510612e-02,2.329951810515372077e-03,9.979684026438012667e-01
8.367346938775510612e-02,2.947051702551809708e-03,9.974338413089323119e-01
8.367346938775510612e-02,3.727593720314941773e-03,9.967584669315298074e-01
8.367346938775510612e-02,4.714866363457394238e-03,9.959054473203354796e-01
8.367346938775510612e-02,5.963623316594642357e-03,9.948284617327192159e-01
8.367346938775510612e-02,7.543120063354623143e-03,9.934693587607782428e-01
8.367346938775510612e-02,9.540954763499944619e-03,9.917552850136996945e-01
8.367346938775510612e-02,1.206792640639328847e-02,9.895951804729667955e-01
8.367346938775510612e-02,1.526417967175233356e-02,9.868756126082337543e-01
8.367346938775510612e-02,1.930697728883249559e-02,9.834558610737228479e-01
8.367346938775510612e-02,2.442053094548649744e-02,9.791622650598751365e-01
8.367346938775510612e-02,3.088843596477484910e-02,9.737819670503607972e-01
8.367346938775510612e-02,3.906939937054620948e-02,9.670563304201676980e-01
8.367346938775510612e-02,4.941713361323837872e-02,9.586746565851719248e-01
8.367346938775510612e-02,6.250551925273975518e-02,9.482691839995166516e-01
8.367346938775510612e-02,7.906043210907701124e-02,9.354131011431020548e-01
8.367346938775510612e-02,1.000000000000000056e-01,9.196240299582343347e-01
8.775510204081635179e-02,9.999999999999999547e-07,9.999911993428618473e-01
8.775510204081635179e-02,1.264855216855295881e-06,9.999909679687555286e-01
8.775510204081635179e-02,1.599858719606057360e-06,9.999906768539128521e-01
8.775510204081635179e-02,2.023589647725155726e-06,9.999903077357192860e-01
8.775510204081635179e-02,2.559547922699533382e-06,9.999898427236263432e-01
8.775510204081635179e-02,3.237457542817646685e-06,9.999892509562988696e-01
8.775510204081635179e-02,4.094915062380427237e-06,9.999885053837698212e-01
8.775510204081635179e-02,5.179474679231212330e-06,9.999875636577434390e-01
8.775510204081635179e-02,6.551285568595509496e-06,9.999863690886834355e-01
8.775510204081635179e-02,8.286427728546842542e-06,9.999848594222752185e-01
8.775510204081635179e-02,1.048113134154685250e-05,9.999829507866053735e-01
8.775510204081635179e-02,1.325711365590110898e-05,9.999805346146338758e-01
8.775510204081635179e-02,1.676832936811009972e-05,9.999774808512884583e-01
8.775510204081635179e-02,2.120950887920192640e-05,9.999736172589643868e-01
8.775510204081635179e-02,2.682695795279727390e-05,9.999687304685914713e-01
8.775510204081635179e-02,3.393221771895329857e-05,9.999625492793352555e-01
8.775510204081635179e-02,4.291934260128778017e-05,9.999547313524445036e-01
8.775510204081635179e-02,5.428675439323859403e-05,9.999448428161242797e-01
8.775510204081635179e-02,6.866488450042998925e-05,9.999323356399334450e-01
8.775510204081635179e-02,8.685113737513520580e-05,9.999165152055742301e-01
8.775510204081635179e-02,1.098541141987558346e-04,9.998965073566342676e-01
8.775510204081635179e-02,1.389495494373137348e-04,9.998711995843213574e-01
8.775510204081635179e-02,1.757510624854793067e-04,9.998391912880564281e-01
8.775510204081635179e-02,2.222996482526195465e-04,9.997987088192432648e-01
8.775510204081635179e-02,2.811768697974231118e-04,9.997475076420454521e-01
8.775510204081635179e-02,3.556480306223128661e-04,9.996827533293390911e-01
8.775510204081635179e-02,4.498432668969443876e-04,9.996008590994009957e-01
8.775510204081635179e-02,5.689866029018298636e-04,9.994972935025867589e-01
8.775510204081635179e-02,7.196856730011521675e-04,9.993663260514656921e-01
8.775510204081635179e-02,9.102981779915217267e-04,9.992007174898476229e-01
8.775510204081635179e-02,1.151395399326448146e-03,9.989913211311818309e-01
8.775510204081635179e-02,1.456348477501244378e-03,9.987265819085443530e-01
8.775510204081635179e-02,1.842069969326716331e-03,9.983919151760493049e-01
8.775510204081635179e-02,2.329951810515372077e-03,9.979689088849289513e-01
8.775510204081635179e-02,2.947051702551809708e-03,9.974343499991397133e-01
8.775510204081635179e-02,3.727593720314941773e-03,9.967589822753665230e-01
8.775510204081635179e-02,4.714866363457394238e-03,9.959059642606402640e-01
8.775510204081635179e-02,5.963623316594642357e-03,9.948289851138970574e-01
8.775510204081635179e-02,7.543120063354623143e-03,9.934698906503612870e-01
8.775510204081635179e-02,9.540954763499944619e-03,9.917558224457125871e-01
8.775510204081635179e-02,1.206792640639328847e-02,9.895957258492390496e-01
8.775510204081635179e-02,1.526417967175233356e-02,9.868761655770196262e-01
8.775510204081635179e-02,1.930697728883249559e-02,9.834564228787121554e-01
8.775510204081635179e-02,2.442053094548649744e-02,9.791628333040991450e-01
8.775510204081635179e-02,3.088843596477484910e-02,9.737825361595487950e-01
8.775510204081635179e-02,3.906939937054620948e-02,9.670568930623469894e-01
8.775510204081635179e-02,4.941713361323837872e-02,9.586751945185713053e-01
8.775510204081635179e-02,6.250551925273975518e-02,9.482696681653720594e-01
8.775510204081635179e-02,7.906043210907701124e-02,9.354134890264015345e-01
8.775510204081635179e-02,1.000000000000000056e-01,9.196242504429780196e-01
9.183673469387756971e-02,9.999999999999999547e-07,9.999916219596438616e-01
9.183673469387756971e-02,1.264855216855295881e-06,9.999913928933427121e-01
9.183673469387756971e-02,1.599858719606057360e-06,9.999911017576832428e-01
9.183673469387756971e-02,2.023589647725155726e-06,9.999907324093849637e-01
9.183673469387756971e-02,2.559547922699533382e-06,9.999902654296732862e-01
9.183673469387756971e-02,3.237457542817646685e-06,9.999896751337276068e-01
9.183673469387756971e-02,4.094915062380427237e-06,9.999889300196345143e-01
9.183673469387756971e-02,5.179474679231212330e-06,9.999879852363785515e-01
9.183673469387756971e-02,6.551285568595509496e-06,9.999867925266695545e-01
9.183673469387756971e-02,8.286427728546842542e-06,9.999852826614775703e-01
9.183673469387756971e-02,1.048113134154685250e-05,9.999833742799496550e-01
9.183673469387756971e-02,1.325711365590110898e-05,9.999809575671768647e-01
9.183673469387756971e-02,1.676832936811009972e-05,9.999779049513441986e-01
9.183673469387756971e-02,2.120950887920192640e-05,9.999740414882738460e-01
9.183673469387756971e-02,2.682695795279727390e-05,9.999691542079754969e-01
9.183673469387756971e-02,3.393221771895329857e-05,9.999629728113856864e-01
9.183673469387756971e-02,4.291934260128778017e-05,9.999551550006492429e-01
9.183673469387756971e-02,5.428675439323859403e-05,9.999452662922966306e-01
9.183673469387756971e-02,6.866488450042998925e-05,9.999327601254383024e-01
9.183673469387756971e-02,8.685113737513520580e-05,9.999169385344863770e-01
9.183673469387756971e-02,1.098541141987558346e-04,9.998969315185400886e-01
9.183673469387756971e-02,1.389495494373137348e-04,9.998716239931910721e-01
9.183673469387756971e-02,1.757510624854793067e-04,9.998396162669229703e-01
9.183673469387756971e-02,2.222996482526195465e-04,9.997991324770356680e-01
9.183673469387756971e-02,2.811768697974231118e-04,9.997479325488121127e-01
9.183673469387756971e-02,3.556480306223128661e-04,9.996831775727018643e-01
9.183673469387756971e-02,4.498432668969443876e-04,9.996012845399181446e-01
9.183673469387756971e-02,5.689866029018298636e-04,9.994977200345855906e-01
9.183673469387756971e-02,7.196856730011521675e-04,9.993667525418595821e-01
9.183673469387756971e-02,9.102981779915217267e-04,9.992011444753239324e-01
9.183673469387756971e-02,1.151395399326448146e-03,9.989917498619240721e-01
9.183673469387756971e-02,1.456348477501244378e-03,9.987270117087829746e-01
9.183673469387756971e-02,1.842069969326716331e-03,9.983923457926628942e-01
9.183673469387756971e-02,2.329951810515372077e-03,9.979693423513755768e-01
9.183673469387756971e-02,2.947051702551809708e-03,9.974347842245461226e-01
9.183673469387756971e-02,3.727593720314941773e-03,9.967594189007380479e-01
9.183673469387756971e-02,4.714866363457394238e-03,9.959064048433471372e-01
9.183673469387756971e-02,5.963623316594642357e-03,9.948294303984026588e-01
9.183673469387756971e-02,7.543120063354623143e-03,9.934703390763809372e-01
9.183673469387756971e-02,9.540954763499944619e-03,9.917562791940277567e-01
9.183673469387756971e-02,1.206792640639328847e-02,9.895961895729331603e-01
9.183673469387756971e-02,1.526417967175233356e-02,9.868766389123366789e-01
9.183673469387756971e-02,1.930697728883249559e-02,9.834569071036912691e-01
9.183673469387756971e-02,2.442053094548649744e-02,9.791633289766826787e-01
9.183673469387756971e-02,3.088843596477484910e-02,9.737830419519748482e-01
9.183673469387756971e-02,3.906939937054620948e-02,9.670574117228631916e-01
9.183673469387756971e-02,4.941713361323837872e-02,9.586757188353739467e-01
9.183673469387756971e-02,6.250551925273975518e-02,9.482701971198214119e-01
9.183673469387756971e-02,7.906043210907701124e-02,9.354140118612720434e-01
9.183673469387756971e-02,1.000000000000000056e-01,9.196247566857307376e-01
9.591836734693878763e-02,9.999999999999999547e-07,9.999919618266427390e-01
9.591836734693878763e-02,1.264855216855295881e-06,9.999917309674887234e-01
9.591836734693878763e-02,1.599858719606057360e-06,9.999914406166017233e-01
9.591836734693878763e-02,2.023589647725155726e-06,9.999910708066694909e-01
9.591836734693878763e-02,2.559547922699533382e-06,9.999906049496070093e-01
9.591836734693878763e-02,3.237457542817646685e-06,9.999900163176675960e-01
9.591836734693878763e-02,4.094915062380427237e-06,9.999892696385276336e-01
9.591836734693878763e-02,5.179474679231212330e-06,9.999883255663610804e-01
9.591836734693878763e-02,6.551285568595509496e-06,9.999871322312327004e-01
9.591836734693878763e-02,8.286427728546842542e-06,9.999856229027374033e-01
9.591836734693878763e-02,1.048113134154685250e-05,9.999837152076527236e-01
9.591836734693878763e-02,1.325711365590110898e-05,9.999812994130781174e-01
9.591836734693878763e-02,1.676832936811009972e-05,9.999782441909123021e-01
9.591836734693878763e-02,2.120950887920192640e-05,9.999743811505469315e-01
9.591836734693878763e-02,2.682695795279727390e-05,9.999694956823458325e-01
9.591836734693878763e-02,3.393221771895329857e-05,9.999633135930438010e-01
9.591836734693878763e-02,4.291934260128778017e-05,9.999554959903287354e-01
9.591836734693878763e-02,5.428675439323859403e-05,9.999456047980305184e-01
9.591836734693878763e-02,6.866488450042998925e-05,9.999330977010519872e-01
9.591836734693878763e-02,8.685113737513520580e-05,9.999172799019367952e-01
9.591836734693878763e-02,1.098541141987558346e-04,9.998972711496831867e-01
9.591836734693878763e-02,1.389495494373137348e-04,9.998719629887127258e-01
9.591836734693878763e-02,1.757510624854793067e-04,9.998399562189831391e-01
9.591836734693878763e-02,2.222996482526195465e-04,9.997994730764646620e-01
9.591836734693878763e-02,2.811768697974231118e-04,9.997482729131950130e-01
9.591836734693878763e-02,3.556480306223128661e-04,9.996835178848141323e-01
9.591836734693878763e-02,4.498432668969443876e-04,9.996016252567546667e-01
9.591836734693878763e-02,5.689866029018298636e-04,9.994980610827498557e-01
9.591836734693878763e-02,7.196856730011521675e-04,9.993670934651385229e-01
9.591836734693878763e-02,9.102981779915217267e-04,9.992014868709589992e-01
9.591836734693878763e-02,1.151395399326448146e-03,9.989920930658717779e-01
9.591836734693878763e-02,1.456348477501244378e-03,9.987273548844712856e-01
9.591836734693878763e-02,1.842069969326716331e-03,9.983926907726237143e-01
9.591836734693878763e-02,2.329951810515372077e-03,9.979696892085537785e-01
9.591836734693878763e-02,2.947051702551809708e-03,9.974351347326657624e-01
9.591836734693878763e-02,3.727593720314941773e-03,9.967597697498328246e-01
9.591836734693878763e-02,4.714866363457394238e-03,9.959067602124737073e-01
9.591836734693878763e-02,5.963623316594642357e-03,9.948297864713618877e-01
9.591836734693878763e-02,7.543120063354623143e-03,9.934707008111973714e-01
9.591836734693878763e-02,9.540954763499944619e-03,9.917566456585876766e-01
9.591836734693878763e-02,1.206792640639328847e-02,9.895965639356802956e-01
9.591836734693878763e-02,1.526417967175233356e-02,9.868770228362876429e-01
9.591836734693878763e-02,1.930697728883249559e-02,9.834573003893808396e-01
9.591836734693878763e-02,2.442053094548649744e-02,9.791637342651589027e-01
9.591836734693878763e-02,3.088843596477484910e-02,9.737834661461264307e-01
9.591836734693878763e-02,3.906939937054620948e-02,9.670578554379488656e-01
9.591836734693878763e-02,4.941713361323837872e-02,9.586761951079527666e-01
9.591836734693878763e-02,6.250551925273975518e-02,9.482707090017177265e-01
9.591836734693878763e-02,7.906043210907701124e-02,9.354145794497593647e-01
9.591836734693878763e-02,1.000000000000000056e-01,9.196254049134157116e-01
1.000000000000000056e-01,9.999999999999999547e-07,9.999922006948464004e-01
1.000000000000000056e-01,1.264855216855295881e-06,9.999919709201137152e-01
1.000000000000000056e-01,1.599858719606057360e-06,9.999916791671098482e-01
1.000000000000000056e-01,2.023589647725155726e-06,9.999913108745915880e-01
1.000000000000000056e-01,2.559547922699533382e-06,9.999908455600234891e-01
1.000000000000000056e-01,3.237457542817646685e-06,9.999902534617498562e-01
1.000000000000000056e-01,4.094915062380427237e-06,9.999895091759131160e-01
1.000000000000000056e-01,5.179474679231212330e-06,9.999885646511629256e-01
1.000000000000000056e-01,6.551285568595509496e-06,9.999873714165055105e-01
1.000000000000000056e-01,8.286427728546842542e-06,9.999858616439261105e-01
1.000000000000000056e-01,1.048113134154685250e-05,9.999839530798857457e-01
1.000000000000000056e-01,1.325711365590110898e-05,9.999815372830517246e-01
1.000000000000000056e-01,1.676832936811009972e-05,9.999784826163593543e-01
1.000000000000000056e-01,2.120950887920192640e-05,9.999746207781520235e-01
1.000000000000000056e-01,2.682695795279727390e-05,9.999697345057643183e-01
1.000000000000000056e-01,3.393221771895329857e-05,9.999635515591700496e-01
1.000000000000000056e-01,4.291934260128778017e-05,9.999557340670687244e-01
1.000000000000000056e-01,5.428675439323859403e-05,9.999458446814540880e-01
1.000000000000000056e-01,6.866488450042998925e-05,9.999333392154069466e-01
1.000000000000000056e-01,8.685113737513520580e-05,9.999175196196997684e-01
1.000000000000000056e-01,1.098541141987558346e-04,9.998975105772737182e-01
1.000000000000000056e-01,1.389495494373137348e-04,9.998722027830940773e-01
1.000000000000000056e-01,1.757510624854793067e-04,9.998401951626000317e-01
1.000000000000000056e-01,2.222996482526195465e-04,9.997997117209733720e-01
1.000000000000000056e-01,2.811768697974231118e-04,9.997485117678774902e-01
1.000000000000000056e-01,3.556480306223128661e-04,9.996837593365038854e-01
1.000000000000000056e-01,4.498432668969443876e-04,9.996018648350744051e-01
1.000000000000000056e-01,5.689866029018298636e-04,9.994983027711424883e-01
1.000000000000000056e-01,7.196856730011521675e-04,9.993673354121682673e-01
1.000000000000000056e-01,9.102981779915217267e-04,9.992017284570132718e-01
1.000000000000000056e-01,1.151395399326448146e-03,9.989923348307209183e-01
1.000000000000000056e-01,1.456348477501244378e-03,9.987275992116109169e-01
1.000000000000000056e-01,1.842069969326716331e-03,9.983929332409917645e-01
1.000000000000000056e-01,2.329951810515372077e-03,9.979699327596133207e-01
1.000000000000000056e-01,2.947051702551809708e-03,9.974353814342624691e-01
1.000000000000000056e-01,3.727593720314941773e-03,9.967600153543899610e-01
1.000000000000000056e-01,4.714866363457394238e-03,9.959070081235682492e-01
1.000000000000000056e-01,5.963623316594642357e-03,9.948300383718801099e-01
1.000000000000000056e-01,7.543120063354623143e-03,9.934709570350390706e-01
1.000000000000000056e-01,9.540954763499944619e-03,9.917569050398390429e-01
1.000000000000000056e-01,1.206792640639328847e-02,9.895968287711643940e-01
1.000000000000000056e-01,1.526417967175233356e-02,9.868772969262645800e-01
1.000000000000000056e-01,1.930697728883249559e-02,9.834575837678563026e-01
1.000000000000000056e-01,2.442053094548649744e-02,9.791640307790459019e-01
1.000000000000000056e-01,3.088843596477484910e-02,9.737837824222294048e-01
1.000000000000000056e-01,3.906939937054620948e-02,9.670581967992724071e-01
1.000000000000000056e-01,4.941713361323837872e-02,9.586765685121326763e-01
1.000000000000000056e-01,6.250551925273975518e-02,9.482711367345635356e-01
1.000000000000000056e-01,7.906043210907701124e-02,9.354150795982468791e-01
1.000000000000000056e-01,1.000000000000000056e-01,9.196260195751421174e-01
