t, Stokes_half_amp, Pump1_half_amp, Pump2_half_amp
0.000000000000000000e+00,7.811489408304490974e-07,9.820259283654170350e-12,-9.820259283654170350e-12
8.008008008008007939e-02,8.419669079274206801e-07,1.085306388077665016e-11,-1.085306388077665016e-11
1.601601601601601588e-01,9.073381343657726805e-07,1.199208590915945100e-11,-1.199208590915945100e-11
2.402402402402402382e-01,9.775889248819006569e-07,1.324799239038233441e-11,-1.324799239038233441e-11
3.203203203203203175e-01,1.053067836767572923e-06,1.463249471853658870e-11,-1.463249471853658870e-11
4.004004004004003692e-01,1.134147112615858472e-06,1.615844815774154763e-11,-1.615844815774154763e-11
4.804804804804804763e-01,1.221224199199127769e-06,1.783996054301045768e-11,-1.783996054301045768e-11
5.605605605605605835e-01,1.314723357233092890e-06,1.969251100878620648e-11,-1.969251100878620648e-11
6.406406406406406351e-01,1.415097367015106505e-06,2.173307964072834044e-11,-2.173307964072834044e-11
7.207207207207206867e-01,1.522829335168722459e-06,2.398028902351341956e-11,-2.398028902351341956e-11
8.008008008008007383e-01,1.638434607980563162e-06,2.645455874098459364e-11,-2.645455874098459364e-11
8.808808808808809010e-01,1.762462797079728990e-06,2.917827397545594383e-11,-2.917827397545594383e-11
9.609609609609609526e-01,1.895499923484826768e-06,3.217596945089123900e-11,-3.217596945089123900e-11
1.041041041041041115e+00,2.038170686329454305e-06,3.547453007061515429e-11,-3.547453007061515429e-11
1.121121121121121167e+00,2.191140862873935847e-06,3.910340971480757978e-11,-3.910340971480757978e-11
1.201201201201201219e+00,2.355119846719555659e-06,4.309486978695635372e-11,-4.309486978695635372e-11
1.281281281281281270e+00,2.530863331461635767e-06,4.748423923241923574e-11,-4.748423923241923574e-11
1.361361361361361322e+00,2.719176147350296113e-06,5.231019789705602481e-11,-5.231019789705602481e-11
1.441441441441441373e+00,2.920915258872174086e-06,5.761508525036489197e-11,-5.761508525036489197e-11
1.521521521521521425e+00,3.136992931523746808e-06,6.344523666659794733e-11,-6.344523666659794733e-11
1.601601601601601477e+00,3.368380076417131488e-06,6.985134963988889824e-11,-6.985134963988889824e-11
1.681681681681681750e+00,3.616109781742479646e-06,7.688888250654274344e-11,-7.688888250654274344e-11
1.761761761761761802e+00,3.881281040508061636e-06,8.461848846040356604e-11,-8.461848846040356604e-11
1.841841841841841854e+00,4.165062684389477498e-06,9.310648787683322431e-11,-9.310648787683322431e-11
1.921921921921921905e+00,4.468697533944070243e-06,1.024253822085477924e-10,-1.024253822085477924e-10
2.002002002002002179e+00,4.793506775885103315e-06,1.126544129837462642e-10,-1.126544129837462642e-10
2.082082082082082231e+00,5.140894578563367339e-06,1.238801697250613954e-10,-1.238801697250613954e-10
2.162162162162162282e+00,5.512352957271544651e-06,1.361972509184437673e-10,-1.361972509184437673e-10
2.242242242242242334e+00,5.909466901469102964e-06,1.497089824957958642e-10,-1.497089824957958642e-10
2.322322322322322385e+00,6.333919776522787242e-06,1.645281986558047190e-10,-1.645281986558047190e-10
2.402402402402402437e+00,6.787499013070564982e-06,1.807780902358612628e-10,-1.807780902358612628e-10
2.482482482482482489e+00,7.272102097644482480e-06,1.985931262662628129e-10,-1.985931262662628129e-10
2.562562562562562540e+00,7.789742878731163963e-06,2.181200547882181156e-10,-2.181200547882181156e-10
2.642642642642642592e+00,8.342558203007543324e-06,2.395189895018415548e-10,-2.395189895018415548e-10
2.722722722722722644e+00,8.932814897063331367e-06,2.629645893318384649e-10,-2.629645893318384649e-10
2.802802802802802695e+00,9.562917110511856057e-06,2.886473385595472893e-10,-2.886473385595472893e-10
2.882882882882882747e+00,1.023541403699619880e-05,3.167749357732910824e-10,-3.167749357732910824e-10
2.962962962962962798e+00,1.095300803021851725e-05,3.475738005375619241e-10,-3.475738005375619241e-10
3.043043043043042850e+00,1.171856313275692940e-05,3.812907073786945129e-10,-3.812907073786945129e-10
3.123123123123122902e+00,1.253511403608655760e-05,4.181945574337366967e-10,-4.181945574337366967e-10
3.203203203203202953e+00,1.340587549088804932e-05,4.585782989139109855e-10,-4.585782989139109855e-10
3.283283283283283449e+00,1.433425218740988646e-05,5.027610083982058756e-10,-5.027610083982058756e-10
3.363363363363363501e+00,1.532384912634754550e-05,5.510901459004719490e-10,-5.510901459004719490e-10
3.443443443443443552e+00,1.637848250141455309e-05,6.039439976492376073e-10,-6.039439976492376073e-10
3.523523523523523604e+00,1.750219111550753025e-05,6.617343215880930574e-10,-6.617343215880930574e-10
3.603603603603603656e+00,1.869924835310614848e-05,7.249092117508196129e-10,-7.249092117508196129e-10
3.683683683683683707e+00,1.997417473230407757e-05,7.939561988949051528e-10,-7.939561988949051528e-10
3.763763763763763759e+00,2.133175106063341756e-05,8.694056060952239038e-10,-8.694056060952239038e-10
3.843843843843843811e+00,2.277703221962437750e-05,9.518341794124755506e-10,-9.518341794124755506e-10
3.923923923923923862e+00,2.431536160383376661e-05,1.041869015265078814e-09,-1.041869015265078814e-09
4.004004004004004358e+00,2.595238624087861369e-05,1.140191807754966229e-09,-1.140191807754966229e-09
4.084084084084084409e+00,2.769407261982472082e-05,1.247543440934753834e-09,-1.247543440934753834e-09
4.164164164164164461e+00,2.954672325610275529e-05,1.364728952863546436e-09,-1.364728952863546436e-09
4.244244244244244513e+00,3.151699402195693058e-05,1.492622900289059149e-09,-1.492622900289059149e-09
4.324324324324324564e+00,3.361191227227123483e-05,1.632175154923899455e-09,-1.632175154923899455e-09
4.404404404404404616e+00,3.583889579646573728e-05,1.784417164562432015e-09,-1.784417164562432015e-09
4.484484484484484668e+00,3.820577262800557136e-05,1.950468714721450600e-09,-1.950468714721450600e-09
4.564564564564564719e+00,4.072080174392576202e-05,2.131545229093370960e-09,-2.131545229093370960e-09
4.644644644644644771e+00,4.339269468762773561e-05,2.328965649885308856e-09,-2.328965649885308856e-09
4.724724724724724823e+00,4.623063814906512857e-05,2.544160942093079708e-09,-2.544160942093079708e-09
4.804804804804804874e+00,4.924431753727757780e-05,2.778683268937661092e-09,-2.778683268937661092e-09
4.884884884884884926e+00,5.244394158106334815e-05,3.034215889086324404e-09,-3.034215889086324404e-09
4.964964964964964977e+00,5.584026799435245911e-05,3.312583829904556232e-09,-3.312583829904556232e-09
5.045045045045045029e+00,5.944463024352344152e-05,3.615765394852953421e-09,-3.615765394852953421e-09
5.125125125125125081e+00,6.326896545437144220e-05,3.945904567270174194e-09,-3.945904567270174194e-09
5.205205205205205132e+00,6.732584349647925746e-05,4.305324377185499610e-09,-4.305324377185499610e-09
5.285285285285285184e+00,7.162849728195134775e-05,4.696541302498991210e-09,-4.696541302498991210e-09
5.365365365365365236e+00,7.619085431304238793e-05,5.122280780871496790e-09,-5.122280780871496790e-09
5.445445445445445287e+00,8.102756950767438595e-05,5.585493914000966080e-09,-5.585493914000966080e-09
5.525525525525525339e+00,8.615405932048313879e-05,6.089375451643430565e-09,-6.089375451643430565e-09
5.605605605605605390e+00,9.158653715503736932e-05,6.637383148789795739e-09,-6.637383148789795739e-09
5.685685685685685442e+00,9.734205002180086033e-05,7.233258595854795156e-09,-7.233258595854795156e-09
5.765765765765765494e+00,1.034385163218500697e-04,7.881049628593870714e-09,-7.881049628593870714e-09
5.845845845845845545e+00,1.098947645042321118e-04,8.585134431764983183e-09,-8.585134431764983183e-09
5.925925925925925597e+00,1.167305721157557192e-04,9.350247458318564641e-09,-9.350247458318564641e-09
6.006006006006005649e+00,1.239667043729690077e-04,1.018150729415846530e-08,-1.018150729415846530e-08
6.086086086086085700e+00,1.316249507385032231e-04,1.108444660729900230e-08,-1.108444660729900230e-08
6.166166166166165752e+00,1.397281569270509042e-04,1.206504432957687188e-08,-1.206504432957687188e-08
6.246246246246245803e+00,1.483002480743225585e-04,1.312976022899487624e-08,-1.312976022899487624e-08
6.326326326326325855e+00,1.573662361453442295e-04,1.428557204130877169e-08,-1.428557204130877169e-08
6.406406406406405907e+00,1.669522005647828232e-04,1.554001534065641557e-08,-1.554001534065641557e-08
6.486486486486486847e+00,1.770852248633710360e-04,1.690122634090365242e-08,-1.690122634090365242e-08
6.566566566566566898e+00,1.877932629546016246e-04,1.837798783198508932e-08,-1.837798783198508932e-08
6.646646646646646950e+00,1.991048952948248451e-04,1.997977846888801475e-08,-1.997977846888801475e-08
6.726726726726727001e+00,2.110489161001224132e-04,2.171682564510949317e-08,-2.171682564510949317e-08
6.806806806806807053e+00,2.236536660646599236e-04,2.360016219745182213e-08,-2.360016219745182213e-08
6.886886886886887105e+00,2.369459882995110110e-04,2.564168720495624302e-08,-2.564168720495624302e-08
6.966966966966967156e+00,2.509496357315286574e-04,2.785423116166326901e-08,-2.785423116166326901e-08
7.047047047047047208e+00,2.656828928632197690e-04,3.025162582077105608e-08,-3.025162582077105608e-08
7.127127127127127260e+00,2.811550902720954636e-04,3.284877902670338622e-08,-3.284877902670338622e-08
7.207207207207207311e+00,2.973615831942919051e-04,3.566175487165014633e-08,-3.566175487165014633e-08
7.287287287287287363e+00,3.142766329824249363e-04,3.870785953435492657e-08,-3.870785953435492657e-08
7.367367367367367414e+00,3.318434698903250692e-04,4.200573318137208457e-08,-4.200573318137208457e-08
7.447447447447447466e+00,3.499606265478327305e-04,4.557544833475010744e-08,-4.557544833475010744e-08
7.527527527527527518e+00,3.684634146086020884e-04,4.943861513519035925e-08,-4.943861513519035925e-08
7.607607607607607569e+00,3.870991759802620076e-04,5.361849395625300092e-08,-5.361849395625300092e-08
7.687687687687687621e+00,4.054946817320293395e-04,5.814011585320032988e-08,-5.814011585320032988e-08
7.767767767767767673e+00,4.231137871923945745e-04,6.303041135966571187e-08,-6.303041135966571187e-08
7.847847847847847724e+00,4.392031964123527341e-04,6.831834817658753142e-08,-6.831834817658753142e-08
7.927927927927927776e+00,4.527239634125064375e-04,7.403507833085054568e-08,-7.403507833085054568e-08
8.008008008008008716e+00,4.622661865440748060e-04,8.021409541592099021e-08,-8.021409541592099021e-08
8.088088088088088767e+00,4.659442652102162383e-04,8.689140256355843861e-08,-8.689140256355843861e-08
8.168168168168168819e+00,4.612701176686279407e-04,9.410569183461247947e-08,-9.410569183461247947e-08
8.248248248248248871e+00,4.450019388464477319e-04,1.018985357580952013e-07,-1.018985357580952013e-07
8.328328328328328922e+00,4.129664416941844995e-04,1.103145917915194973e-07,-1.103145917915194973e-07
8.408408408408408974e+00,3.598531050472865553e-04,1.194018205222628681e-07,-1.194018205222628681e-07
8.488488488488489025e+00,2.789797694864554569e-04,1.292117184801585085e-07,-1.292117184801585085e-07
8.568568568568569077e+00,1.620299950653007227e-04,1.397995664866732967e-07,-1.397995664866732967e-07
8.648648648648649129e+00,-1.236076858918697466e-06,1.512246945276098159e-07,-1.512246945276098159e-07
8.728728728728729180e+00,-2.232940444401624539e-04,1.635507642069662777e-07,-1.635507642069662777e-07
8.808808808808809232e+00,-5.191856528721788691e-04,1.768460699236321282e-07,-1.768460699236321282e-07
8.888888888888889284e+00,-9.068602481353292338e-04,1.911838600165742327e-07,-1.911838600165742327e-07
8.968968968968969335e+00,-1.407518198455446918e-03,2.066426792580222828e-07,-2.066426792580222828e-07
9.049049049049049387e+00,-2.045945158856786635e-03,2.233067342527557071e-07,-2.233067342527557071e-07
9.129129129129129439e+00,-2.850824098703208867e-03,2.412662835466180008e-07,-2.412662835466180008e-07
9.209209209209209490e+00,-3.855010253929255521e-03,2.606180545898612462e-07,-2.606180545898612462e-07
9.289289289289289542e+00,-5.095752712094914552e-03,2.814656901842537281e-07,-2.814656901842537281e-07
9.369369369369369593e+00,-6.614845288363053327e-03,3.039202277265755057e-07,-3.039202277265755057e-07
9.449449449449449645e+00,-8.458688784148508943e-03,3.281006155247255162e-07,-3.281006155247255162e-07
9.529529529529529697e+00,-1.067824668761305565e-02,3.541342718103198826e-07,-3.541342718103198826e-07
9.609609609609609748e+00,-1.332887688549271206e-02,3.821576939361539668e-07,-3.821576939361539668e-07
9.689689689689689800e+00,-1.647002296727869547e-02,4.123171277932531674e-07,-4.123171277932531674e-07
9.769769769769769852e+00,-2.016475011622740135e-02,4.447693109099475536e-07,-4.447693109099475536e-07
9.849849849849849903e+00,-2.447911223897690849e-02,4.796823072377745581e-07,-4.796823072377745581e-07
9.929929929929929955e+00,-2.948133867553152931e-02,5.172364575495026755e-07,-5.172364575495026755e-07
1.001001001001001001e+01,-3.524083030668647559e-02,5.576254769573872037e-07,-5.576254769573872037e-07
1.009009009009009006e+01,-4.182695588305229695e-02,6.010577405941228499e-07,-6.010577405941228499e-07
1.017017017017017011e+01,-4.930763972497601705e-02,6.477578102546064786e-07,-6.477578102546064786e-07
1.025025025025025016e+01,-5.774773147634928300e-02,6.979682689890569860e-07,-6.979682689890569860e-07
1.033033033033033021e+01,-6.720714741341693443e-02,7.519519473815290789e-07,-7.519519473815290789e-07
1.041041041041041026e+01,-7.773877127232946271e-02,8.099946444945181902e-07,-8.099946444945181902e-07
1.049049049049049032e+01,-8.938610141868996717e-02,8.724084679244382184e-07,-8.724084679244382184e-07
1.057057057057057037e+01,-1.021806316883923649e-01,9.395359404801075890e-07,-9.395359404801075890e-07
1.065065065065065042e+01,-1.161389572134324255e-01,1.011755044620961730e-06,-1.011755044620961730e-06
1.073073073073073047e+01,-1.312596064541710350e-01,1.089485398385501085e-06,-1.089485398385501085e-06
1.081081081081081052e+01,-1.475196194761399238e-01,1.173195775867618889e-06,-1.173195775867618889e-06
1.089089089089089057e+01,-1.648709235231387293e-01,1.263413198394695823e-06,-1.263413198394695823e-06
1.097097097097097063e+01,-1.832366032507285469e-01,1.360733825709826250e-06,-1.360733825709826250e-06
1.105105105105105068e+01,-2.025072266871652260e-01,1.465835865271485055e-06,-1.465835865271485055e-06
1.113113113113113073e+01,-2.225374689378684101e-01,1.579494687436331631e-06,-1.579494687436331631e-06
1.121121121121121078e+01,-2.431433698708486413e-01,1.702600280006557063e-06,-1.702600280006557063e-06
1.129129129129129083e+01,-2.641006599359906892e-01,1.836177093430799168e-06,-1.836177093430799168e-06
1.137137137137137088e+01,-2.851446731827116943e-01,1.981406215763637882e-06,-1.981406215763637882e-06
1.145145145145145094e+01,-3.059724142095002763e-01,2.139649675456877830e-06,-2.139649675456877830e-06
1.153153153153153099e+01,-3.262473261353530662e-01,2.312476505966667556e-06,-2.312476505966667556e-06
1.161161161161161104e+01,-3.456071887602418236e-01,2.501690030598053707e-06,-2.501690030598053707e-06
1.169169169169169109e+01,-3.636753367129476056e-01,2.709355656718731941e-06,-2.709355656718731941e-06
1.177177177177177114e+01,-3.800750227879799992e-01,2.937828328375009768e-06,-2.937828328375009768e-06
1.185185185185185119e+01,-3.944462889557002194e-01,3.189778700734403997e-06,-3.189778700734403997e-06
1.193193193193193125e+01,-4.064642111528026791e-01,3.468217091711247159e-06,-3.468217091711247159e-06
1.201201201201201130e+01,-4.158569514652874499e-01,3.776514350600908820e-06,-3.776514350600908820e-06
1.209209209209209135e+01,-4.224217946411779057e-01,4.118418961956101030e-06,-4.118418961956101030e-06
1.217217217217217140e+01,-4.260373603363694084e-01,4.498069959730260297e-06,-4.498069959730260297e-06
1.225225225225225145e+01,-4.266705121722118021e-01,4.920005529990644369e-06,-4.920005529990644369e-06
1.233233233233233150e+01,-4.243770980586015207e-01,5.389167487301912518e-06,-5.389167487301912518e-06
1.241241241241241156e+01,-4.192964450663576037e-01,5.910902075177431835e-06,-5.910902075177431835e-06
1.249249249249249161e+01,-4.116403375885114846e-01,6.490957727923387730e-06,-6.490957727923387730e-06
1.257257257257257166e+01,-4.016778657712697376e-01,7.135480519225547798e-06,-7.135480519225547798e-06
1.265265265265265171e+01,-3.897179209105536279e-01,7.851008011291760744e-06,-7.851008011291760744e-06
1.273273273273273176e+01,-3.760911880900276727e-01,8.644462124528985865e-06,-8.644462124528985865e-06
1.281281281281281181e+01,-3.611332741222686993e-01,9.523141500575766109e-06,-9.523141500575766109e-06
1.289289289289289364e+01,-3.451701986687146229e-01,1.049471366356173339e-05,-1.049471366356173339e-05
1.297297297297297369e+01,-3.285069798656048423e-01,1.156720712457666001e-05,-1.156720712457666001e-05
1.305305305305305374e+01,-3.114195655010654207e-01,1.274900344296926047e-05,-1.274900344296926047e-05
1.313313313313313380e+01,-2.941499689570407083e-01,1.404882916581469141e-05,-1.404882916581469141e-05
1.321321321321321385e+01,-2.769042004158970283e-01,1.547574751538402399e-05,-1.547574751538402399e-05
1.329329329329329390e+01,-2.598524401254048155e-01,1.703914967903343700e-05,-1.703914967903343700e-05
1.337337337337337395e+01,-2.431308618655948772e-01,1.874874556846369111e-05,-1.874874556846369111e-05
1.345345345345345400e+01,-2.268445511699583861e-01,2.061455394668258105e-05,-2.061455394668258105e-05
1.353353353353353405e+01,-2.110710437022867703e-01,2.264689186278641194e-05,-2.264689186278641194e-05
1.361361361361361411e+01,-1.958641088803352581e-01,2.485636338011521711e-05,-2.485636338011521711e-05
1.369369369369369416e+01,-1.812575040211594490e-01,2.725384762756671918e-05,-2.725384762756671918e-05
1.377377377377377421e+01,-1.672685138269497662e-01,2.985048624375479792e-05,-2.985048624375479792e-05
1.385385385385385426e+01,-1.539011636255628035e-01,3.265767031765283424e-05,-3.265767031765283424e-05
1.393393393393393431e+01,-1.411490511990373120e-01,3.568702695676987736e-05,-3.568702695676987736e-05
1.401401401401401436e+01,-1.289977825559888436e-01,3.895040563481173509e-05,-3.895040563481173509e-05
1.409409409409409442e+01,-1.174270241188487274e-01,4.245986448575480595e-05,-4.245986448575480595e-05
1.417417417417417447e+01,-1.064122003526478122e-01,4.622765672098496899e-05,-4.622765672098496899e-05
1.425425425425425452e+01,-9.592587460788967735e-02,5.026621735130196460e-05,-5.026621735130196460e-05
1.433433433433433457e+01,-8.593885421498746735e-02,5.458815039707378905e-05,-5.458815039707378905e-05
1.441441441441441462e+01,-7.642106051569753922e-02,5.920621676816067427e-05,-5.920621676816067427e-05
1.449449449449449467e+01,-6.734220197212956172e-02,6.413332299110398663e-05,-6.413332299110398663e-05
1.457457457457457473e+01,-5.867228475726716380e-02,6.938251095501528495e-05,-6.938251095501528495e-05
1.465465465465465478e+01,-5.038199099776214523e-02,7.496694884000018187e-05,-7.496694884000018187e-05
1.473473473473473483e+01,-4.244295056990803061e-02,8.089992338316065001e-05,-8.089992338316065001e-05
1.481481481481481488e+01,-3.482792829867330936e-02,8.719483362776986064e-05,-8.719483362776986064e-05
1.489489489489489493e+01,-2.751094472898621759e-02,9.386518629104076341e-05,-9.386518629104076341e-05
1.497497497497497498e+01,-2.046734540812008424e-02,1.009245928754623451e-04,-1.009245928754623451e-04
1.505505505505505504e+01,-1.367383082211591494e-02,1.083867686383045367e-04,-1.083867686383045367e-04
1.513513513513513509e+01,-7.108456765427942359e-03,1.162655335232729367e-04,-1.162655335232729367e-04
1.521521521521521514e+01,-7.506129521566151652e-04,1.245748151481740752e-04,-1.245748151481740752e-04
1.529529529529529519e+01,5.419013955794176746e-03,1.333286539324867685e-04,-1.333286539324867685e-04
1.537537537537537524e+01,1.141848806074681824e-02,1.425412104393199034e-04,-1.425412104393199034e-04
1.545545545545545529e+01,1.726467892005437849e-02,1.522267749972754905e-04,-1.522267749972754905e-04
1.553553553553553535e+01,2.297332032543132618e-02,1.623997796594829721e-04,-1.623997796594829721e-04
1.561561561561561540e+01,2.855907097858454216e-02,1.730748125493596415e-04,-1.730748125493596415e-04
1.569569569569569545e+01,3.403557542091050631e-02,1.842666346356641033e-04,-1.842666346356641033e-04
1.577577577577577550e+01,3.941552401419307766e-02,1.959901989733081791e-04,-1.959901989733081791e-04
1.585585585585585555e+01,4.471071111321751890e-02,2.082606724407511545e-04,-2.082606724407511545e-04
1.593593593593593560e+01,4.993209083588191766e-02,2.210934600000556032e-04,-2.210934600000556032e-04
1.601601601601601743e+01,5.508983004317325599e-02,2.345042315016137397e-04,-2.345042315016137397e-04
1.609609609609609748e+01,6.019335830020412781e-02,2.485089510522229639e-04,-2.485089510522229639e-04
1.617617617617617753e+01,6.525141471068689192e-02,2.631239089624257620e-04,-2.631239089624257620e-04
1.625625625625625759e+01,7.027209160745928607e-02,2.783657562868642249e-04,-2.783657562868642249e-04
1.633633633633633764e+01,7.526287514542598367e-02,2.942515419697462479e-04,-2.942515419697462479e-04
1.641641641641641769e+01,8.023068289470956793e-02,3.107987526067129409e-04,-3.107987526067129409e-04
1.649649649649649774e+01,8.518189856697350182e-02,3.280253548333805780e-04,-3.280253548333805780e-04
1.657657657657657779e+01,9.012240402753649016e-02,3.459498403506628262e-04,-3.459498403506628262e-04
1.665665665665665784e+01,9.505760876386762370e-02,3.645912735969855547e-04,-3.645912735969855547e-04
1.673673673673673790e+01,9.999247698938203144e-02,3.839693420775054373e-04,-3.839693420775054373e-04
1.681681681681681795e+01,1.049315525638000873e-01,4.041044093607850892e-04,-4.041044093607850892e-04
1.689689689689689800e+01,1.098789819139490559e-01,4.250175707537529350e-04,-4.250175707537529350e-04
1.697697697697697805e+01,1.148385351361002060e-01,4.467307116658433353e-04,-4.467307116658433353e-04
1.705705705705705810e+01,1.198136254554855312e-01,4.692665686735058303e-04,-4.692665686735058303e-04
1.713713713713713815e+01,1.248073272160782482e-01,4.926487932962811400e-04,-4.926487932962811400e-04
1.721721721721721821e+01,1.298223925663415379e-01,5.169020184950789141e-04,-5.169020184950789141e-04
1.729729729729729826e+01,1.348612669981592294e-01,5.420519279028773556e-04,-5.420519279028773556e-04
1.737737737737737831e+01,1.399261038919419609e-01,5.681253277971251093e-04,-5.681253277971251093e-04
1.745745745745745836e+01,1.450187782127290159e-01,5.951502218213843053e-04,-5.951502218213843053e-04
1.753753753753753841e+01,1.501408994922623086e-01,6.231558884619605972e-04,-6.231558884619605972e-04
1.761761761761761846e+01,1.552938242256904355e-01,6.521729612829553794e-04,-6.521729612829553794e-04
1.769769769769769852e+01,1.604786678048089887e-01,6.822335119200548205e-04,-6.822335119200548205e-04
1.777777777777777857e+01,1.656963160991551942e-01,7.133711358296557616e-04,-7.133711358296557616e-04
1.785785785785785862e+01,1.709474367880941537e-01,7.456210407861522558e-04,-7.456210407861522558e-04
1.793793793793793867e+01,1.762324905403717945e-01,7.790201381153455005e-04,-7.790201381153455005e-04
1.801801801801801872e+01,1.815517421266762688e-01,8.136071366466209303e-04,-8.136071366466209303e-04
1.809809809809809877e+01,1.869052715416124333e-01,8.494226393610025769e-04,-8.494226393610025769e-04
1.817817817817817883e+01,1.922929852030882958e-01,8.865092427059135865e-04,-8.865092427059135865e-04
1.825825825825825888e+01,1.977146272858695819e-01,9.249116385407470196e-04,-9.249116385407470196e-04
1.833833833833833893e+01,2.031697912359912150e-01,9.646767186705808685e-04,-9.646767186705808685e-04
1.841841841841841898e+01,2.086579315039672200e-01,1.005853681918002012e-03,-1.005853681918002012e-03
1.849849849849849903e+01,2.141783755199380135e-01,1.048494143675193346e-03,-1.048494143675193346e-03
1.857857857857857908e+01,2.197303359253765243e-01,1.092652247871826092e-03,-1.092652247871826092e-03
1.865865865865865914e+01,2.253129230664638882e-01,1.138384781285703331e-03,-1.138384781285703331e-03
1.873873873873873919e+01,2.309251577373493958e-01,1.185751290115950440e-03,-1.185751290115950440e-03
1.881881881881881924e+01,2.365659841536614238e-01,1.234814198731850297e-03,-1.234814198731850297e-03
1.889889889889889929e+01,2.422342831259697848e-01,1.285638930502802603e-03,-1.285638930502802603e-03
1.897897897897897934e+01,2.479288853894516254e-01,1.338294030608675389e-03,-1.338294030608675389e-03
1.905905905905905939e+01,2.536485850361125394e-01,1.392851290723885358e-03,-1.392851290723885358e-03
1.913913913913913944e+01,2.593921529865584330e-01,1.449385875463332553e-03,-1.449385875463332553e-03
1.921921921921921950e+01,2.651583504282397086e-01,1.507976450473530071e-03,-1.507976450473530071e-03
1.929929929929929955e+01,2.709459421394582734e-01,1.568705312048885745e-03,-1.568705312048885745e-03
1.937937937937937960e+01,2.767537096108110273e-01,1.631658518149794578e-03,-1.631658518149794578e-03
1.945945945945945965e+01,2.825804638688810821e-01,1.696926020697781456e-03,-1.696926020697781456e-03
1.953953953953953970e+01,2.884250579057143771e-01,1.764601799022008687e-03,-1.764601799022008687e-03
1.961961961961961975e+01,2.942863986110948460e-01,1.834783994330814287e-03,-1.834783994330814287e-03
1.969969969969969981e+01,3.001634581053120310e-01,1.907575045084386207e-03,-1.907575045084386207e-03
1.977977977977977986e+01,3.060552843718799543e-01,1.983081823145427941e-03,-1.983081823145427941e-03
1.985985985985985991e+01,3.119610110894773802e-01,2.061415770588497995e-03,-2.061415770588497995e-03
1.993993993993993996e+01,3.178798665699654746e-01,2.142693037052348804e-03,-2.142693037052348804e-03
2.002002002002002001e+01,3.238111817120717939e-01,2.227034617523737138e-03,-2.227034617523737138e-03
2.010010010010010006e+01,3.297543968910975898e-01,2.314566490447678235e-03,-2.314566490447678235e-03
2.018018018018018012e+01,3.357090677145806445e-01,2.405419756063304632e-03,-2.405419756063304632e-03
2.026026026026026017e+01,3.416748695814919023e-01,2.499730774871778208e-03,-2.499730774871778208e-03
2.034034034034034022e+01,3.476516009987547506e-01,2.597641306149095150e-03,-2.597641306149095150e-03
2.042042042042042027e+01,3.536391856207269924e-01,2.699298646422495108e-03,-2.699298646422495108e-03
2.050050050050050032e+01,3.596376729909286918e-01,2.804855767836151627e-03,-2.804855767836151627e-03
2.058058058058058037e+01,3.656472379807557127e-01,2.914471456337610136e-03,-2.914471456337610136e-03
2.066066066066066043e+01,3.716681789341544917e-01,3.028310449622346936e-03,-3.028310449622346936e-03
2.074074074074074048e+01,3.777009145427172587e-01,3.146543574778894528e-03,-3.146543574778894528e-03
2.082082082082082053e+01,3.837459794907681077e-01,3.269347885581269913e-03,-3.269347885581269913e-03
2.090090090090090058e+01,3.898040189220379759e-01,3.396906799378533303e-03,-3.396906799378533303e-03
2.098098098098098063e+01,3.958757817929197120e-01,3.529410233534630188e-03,-3.529410233534630188e-03
2.106106106106106068e+01,4.019621131923628576e-01,3.667054741372563487e-03,-3.667054741372563487e-03
2.114114114114114074e+01,4.080639457144002447e-01,3.810043647576146289e-03,-3.810043647576146289e-03
2.122122122122122079e+01,4.141822899806965053e-01,3.958587183003454794e-03,-3.958587183003454794e-03
2.130130130130130084e+01,4.203182244186126071e-01,4.112902618861585119e-03,-4.112902618861585119e-03
2.138138138138138089e+01,4.264728844037010136e-01,4.273214400190072058e-03,-4.273214400190072058e-03
2.146146146146146094e+01,4.326474508830392418e-01,4.439754278594514394e-03,-4.439754278594514394e-03
2.154154154154154099e+01,4.388431385928379669e-01,4.612761444164907923e-03,-4.612761444164907923e-03
2.162162162162162105e+01,4.450611839885919019e-01,4.792482656507924231e-03,-4.792482656507924231e-03
2.170170170170170110e+01,4.513028330050847803e-01,4.979172374810382842e-03,-4.979172374810382842e-03
2.178178178178178115e+01,4.575693287555002153e-01,5.173092886843023291e-03,-5.173092886843023291e-03
2.186186186186186120e+01,4.638618992799420360e-01,5.374514436803153050e-03,-5.374514436803153050e-03
2.194194194194194125e+01,4.701817454471782787e-01,5.583715351881324805e-03,-5.583715351881324805e-03
2.202202202202202130e+01,4.765300291047660508e-01,5.800982167425325006e-03,-5.800982167425325006e-03
2.210210210210210136e+01,4.829078615665943208e-01,6.026609750561375684e-03,-6.026609750561375684e-03
2.218218218218218141e+01,4.893162925186489431e-01,6.260901422118373381e-03,-6.260901422118373381e-03
2.226226226226226146e+01,4.957562994157987402e-01,6.504169076686560497e-03,-6.504169076686560497e-03
2.234234234234234151e+01,5.022287774313404229e-01,6.756733300626623431e-03,-6.756733300626623431e-03
2.242242242242242156e+01,5.087345300118287783e-01,7.018923487831588322e-03,-7.018923487831588322e-03
2.250250250250250161e+01,5.152742600844495424e-01,7.291077953028417442e-03,-7.291077953028417442e-03
2.258258258258258167e+01,5.218485619500656814e-01,7.573544042389245522e-03,-7.573544042389245522e-03
2.266266266266266172e+01,5.284579138867815384e-01,7.866678241210534397e-03,-7.866678241210534397e-03
2.274274274274274177e+01,5.351026714850077859e-01,8.170846278401928953e-03,-8.170846278401928953e-03
2.282282282282282182e+01,5.417830617224571599e-01,8.486423227511339512e-03,-8.486423227511339512e-03
2.290290290290290187e+01,5.484991777801471180e-01,8.813793604000634552e-03,-8.813793604000634552e-03
2.298298298298298192e+01,5.552509745969558264e-01,9.153351458472278046e-03,-9.153351458472278046e-03
2.306306306306306197e+01,5.620382651527264795e-01,9.505500465533165896e-03,-9.505500465533165896e-03
2.314314314314314203e+01,5.688607174620927687e-01,9.870654007969935015e-03,-9.870654007969935015e-03
2.322322322322322208e+01,5.757178522600117088e-01,1.024923525589959035e-02,-1.024923525589959035e-02
2.330330330330330213e+01,5.826090413554603220e-01,1.064167724054550235e-02,-1.064167724054550235e-02
2.338338338338338218e+01,5.895335066236211397e-01,1.104842292227966975e-02,-1.104842292227966975e-02
2.346346346346346223e+01,5.964903196073433334e-01,1.146992525256284451e-02,-1.146992525256284451e-02
2.354354354354354228e+01,6.034784016959041653e-01,1.190664722940336546e-02,-1.190664722940336546e-02
2.362362362362362234e+01,6.104965248460909599e-01,1.235906194594800153e-02,-1.235906194594800153e-02
2.370370370370370239e+01,6.175433128120009219e-01,1.282765263181071674e-02,-1.282765263181071674e-02
2.378378378378378244e+01,6.246172428477964056e-01,1.331291268673667587e-02,-1.331291268673667587e-02
2.386386386386386249e+01,6.317166478473559277e-01,1.381534570619444291e-02,-1.381534570619444291e-02
2.394394394394394254e+01,6.388397188873982113e-01,1.433546549848296707e-02,-1.433546549848296707e-02
2.402402402402402259e+01,6.459845081393797983e-01,1.487379609293413077e-02,-1.487379609293413077e-02
2.410410410410410265e+01,6.531489321158568950e-01,1.543087173878881363e-02,-1.543087173878881363e-02
2.418418418418418270e+01,6.603307752193614544e-01,1.600723689432096558e-02,-1.600723689432096558e-02
2.426426426426426275e+01,6.675276935645599874e-01,1.660344620578139974e-02,-1.660344620578139974e-02
2.434434434434434280e+01,6.747372190427260996e-01,1.722006447572905011e-02,-1.722006447572905011e-02
2.442442442442442285e+01,6.819567636001599986e-01,1.785766662031992510e-02,-1.785766662031992510e-02
2.450450450450450290e+01,6.891836237063515558e-01,1.851683761512070911e-02,-1.851683761512070911e-02
2.458458458458458296e+01,6.964149849861770436e-01,1.919817242901405985e-02,-1.919817242901405985e-02
2.466466466466466301e+01,7.036479269935697056e-01,1.990227594576513687e-02,-1.990227594576513687e-02
2.474474474474474306e+01,7.108794281055008657e-01,2.062976287281825458e-02,-2.062976287281825458e-02
2.482482482482482311e+01,7.181063705167733957e-01,2.138125763689700462e-02,-2.138125763689700462e-02
2.490490490490490316e+01,7.253255453187456014e-01,2.215739426598198336e-02,-2.215739426598198336e-02
2.498498498498498321e+01,7.325336576444604342e-01,2.295881625724404199e-02,-2.295881625724404199e-02
2.506506506506506327e+01,7.397273318660033681e-01,2.378617643051672212e-02,-2.378617643051672212e-02
2.514514514514514332e+01,7.469031168309548940e-01,2.464013676689398233e-02,-2.464013676689398233e-02
2.522522522522522337e+01,7.540574911257394985e-01,2.552136823204639166e-02,-2.552136823204639166e-02
2.530530530530530342e+01,7.611868683550627734e-01,2.643055058385364656e-02,-2.643055058385364656e-02
2.538538538538538347e+01,7.682876024273815885e-01,2.736837216395909475e-02,-2.736837216395909475e-02
2.546546546546546352e+01,7.753559928392156353e-01,2.833552967285886404e-02,-2.833552967285886404e-02
2.554554554554554358e+01,7.823882899491572118e-01,2.933272792814375918e-02,-2.933272792814375918e-02
2.562562562562562363e+01,7.893807002354180646e-01,3.036067960552499972e-02,-3.036067960552499972e-02
2.570570570570570723e+01,7.963293915320047711e-01,3.142010496227914257e-02,-3.142010496227914257e-02
2.578578578578578728e+01,8.032304982368975166e-01,3.251173154275854849e-02,-3.251173154275854849e-02
2.586586586586586733e+01,8.100801264885446606e-01,3.363629386562560358e-02,-3.363629386562560358e-02
2.594594594594594739e+01,8.168743593066306596e-01,3.479453309247555748e-02,-3.479453309247555748e-02
2.602602602602602744e+01,8.236092616938772704e-01,3.598719667752698498e-02,-3.598719667752698498e-02
2.610610610610610749e+01,8.302808856955745664e-01,3.721503799806716306e-02,-3.721503799806716306e-02
2.618618618618618754e+01,8.368852754141492545e-01,3.847881596535397686e-02,-3.847881596535397686e-02
2.626626626626626759e+01,8.434184719773460959e-01,3.977929461568584929e-02,-3.977929461568584929e-02
2.634634634634634764e+01,8.498765184571811515e-01,4.111724268136317945e-02,-4.111724268136317945e-02
2.642642642642642770e+01,8.562554647381834805e-01,4.249343314127899257e-02,-4.249343314127899257e-02
2.650650650650650775e+01,8.625513723337251415e-01,4.390864275088705859e-02,-4.390864275088705859e-02
2.658658658658658780e+01,8.687603191486719112e-01,4.536365155130919757e-02,-4.536365155130919757e-02
2.666666666666666785e+01,8.748784041872720296e-01,4.685924235735625804e-02,-4.685924235735625804e-02
2.674674674674674790e+01,8.809017522053501636e-01,4.839620022424945267e-02,-4.839620022424945267e-02
2.682682682682682795e+01,8.868265183052572720e-01,4.997531189284116354e-02,-4.997531189284116354e-02
2.690690690690690801e+01,8.926488924728266383e-01,5.159736521314804009e-02,-5.159736521314804009e-02
2.698698698698698806e+01,8.983651040555988843e-01,5.326314854601946203e-02,-5.326314854601946203e-02
2.706706706706706811e+01,9.039714261807779705e-01,5.497345014277719294e-02,-5.497345014277719294e-02
2.714714714714714816e+01,9.094641801122983482e-01,5.672905750267444314e-02,-5.672905750267444314e-02
2.722722722722722821e+01,9.148397395459811898e-01,5.853075670803126879e-02,-5.853075670803126879e-02
2.730730730730730826e+01,9.200945348415185965e-01,6.037933173691596711e-02,-6.037933173691596711e-02
2.738738738738738832e+01,9.252250571902786991e-01,6.227556375325051657e-02,-6.227556375325051657e-02
2.746746746746746837e+01,9.302278627181043147e-01,6.422023037422802672e-02,-6.422023037422802672e-02
2.754754754754754842e+01,9.350995765213676592e-01,6.621410491493694150e-02,-6.621410491493694150e-02
2.762762762762762847e+01,9.398368966352691478e-01,6.825795561009703749e-02,-6.825795561009703749e-02
2.770770770770770852e+01,9.444365979332124406e-01,7.035254481281565109e-02,-7.035254481281565109e-02
2.778778778778778857e+01,9.488955359554561708e-01,7.249862817028022988e-02,-7.249862817028022988e-02
2.786786786786786863e+01,9.532106506658627465e-01,7.469695377630745925e-02,-7.469695377630745925e-02
2.794794794794794868e+01,9.573789701347130698e-01,7.694826130067175529e-02,-7.694826130067175529e-02
2.802802802802802873e+01,9.613976141461881841e-01,7.925328109514108432e-02,-7.925328109514108432e-02
2.810810810810810878e+01,9.652637977284541648e-01,8.161273327614591844e-02,-8.161273327614591844e-02
2.818818818818818883e+01,9.689748346044505523e-01,8.402732678401195199e-02,-8.402732678401195199e-02
2.826826826826826888e+01,9.725281405611974073e-01,8.649775841868316550e-02,-8.649775841868316550e-02
2.834834834834834894e+01,9.759212367350991180e-01,8.902471185186386360e-02,-8.902471185186386360e-02
2.842842842842842899e+01,9.791517528111435276e-01,9.160885661550574599e-02,-9.160885661550574599e-02
2.850850850850850904e+01,9.822174301329701374e-01,9.425084706656319811e-02,-9.425084706656319811e-02
2.858858858858858909e+01,9.851161247210612482e-01,9.695132132794083424e-02,-9.695132132794083424e-02
2.866866866866866914e+01,9.878458101959193272e-01,9.971090020555264943e-02,-9.971090020555264943e-02
2.874874874874874919e+01,9.904045806027341747e-01,1.025301860814137184e-01,-1.025301860814137184e-01
2.882882882882882924e+01,9.927906531338106522e-01,1.054097617826846994e-01,-1.054097617826846994e-01
2.890890890890890930e+01,9.950023707449299204e-01,1.083501894265922194e-01,-1.083501894265922194e-01
2.898898898898898935e+01,9.970382046611653282e-01,1.113520092411520723e-01,-1.113520092411520723e-01
2.906906906906906940e+01,9.988967567673179282e-01,1.144157383616316581e-01,-1.144157383616316581e-01
2.914914914914914945e+01,1.000576761877960186e+00,1.175418696026993837e-01,-1.175418696026993837e-01
2.922922922922922950e+01,1.002077089881245442e+00,1.207308702062275946e-01,-1.207308702062275946e-01
2.930930930930930955e+01,1.003396747750467055e+00,1.239831805647405721e-01,-1.239831805647405721e-01
2.938938938938938961e+01,1.004534881416748293e+00,1.272992129205303413e-01,-1.272992129205303413e-01
2.946946946946946966e+01,1.005490777495414489e+00,1.306793500405072639e-01,-1.306793500405072639e-01
2.954954954954954971e+01,1.006263864858019774e+00,1.341239438669051542e-01,-1.341239438669051542e-01
2.962962962962962976e+01,1.006853716041716584e+00,1.376333141440299057e-01,-1.376333141440299057e-01
2.970970970970970981e+01,1.007260048486483761e+00,1.412077470213202179e-01,-1.412077470213202179e-01
2.978978978978978986e+01,1.007482725589821992e+00,1.448474936330934604e-01,-1.448474936330934604e-01
2.986986986986986992e+01,1.007521757568364595e+00,1.485527686554697080e-01,-1.485527686554697080e-01
2.994994994994994997e+01,1.007377302114351059e+00,1.523237488411105511e-01,-1.523237488411105511e-01
3.003003003003003002e+01,1.007049664834189562e+00,1.561605715325825317e-01,-1.561605715325825317e-01
3.011011011011011007e+01,1.006539299455724512e+00,1.600633331553529826e-01,-1.600633331553529826e-01
3.019019019019019012e+01,1.005846807789391173e+00,1.640320876916592785e-01,-1.640320876916592785e-01
3.027027027027027017e+01,1.004972939427748013e+00,1.680668451367615113e-01,-1.680668451367615113e-01
3.035035035035035023e+01,1.003918591167106689e+00,1.721675699393949432e-01,-1.721675699393949432e-01
3.043043043043043028e+01,1.002684806133709916e+00,1.763341794285886721e-01,-1.763341794285886721e-01
3.051051051051051033e+01,1.001272772596108140e+00,1.805665422294120692e-01,-1.805665422294120692e-01
3.059059059059059038e+01,9.996838224448648669e-01,1.848644766706565301e-01,-1.848644766706565301e-01
3.067067067067067043e+01,9.979194293197179988e-01,1.892277491879522933e-01,-1.892277491879522933e-01
3.075075075075075048e+01,9.959812063636297452e-01,1.936560727263721138e-01,-1.936560727263721138e-01
3.083083083083083054e+01,9.938709035829329519e-01,1.981491051471782616e-01,-1.981491051471782616e-01
3.091091091091091059e+01,9.915904047927766030e-01,2.027064476440293972e-01,-2.027064476440293972e-01
3.099099099099099064e+01,9.891417241262586701e-01,2.073276431746798876e-01,-2.073276431746798876e-01
3.107107107107107069e+01,9.865270020863857736e-01,2.120121749149828649e-01,-2.120121749149828649e-01
3.115115115115115074e+01,9.837485011211274388e-01,2.167594647428286725e-01,-2.167594647428286725e-01
3.123123123123123079e+01,9.808086007015888175e-01,2.215688717605244495e-01,-2.215688717605244495e-01
3.131131131131131085e+01,9.777097918853823177e-01,2.264396908650418150e-01,-2.264396908650418150e-01
3.139139139139139090e+01,9.744546713497831414e-01,2.313711513765085437e-01,-2.313711513765085437e-01
3.147147147147147095e+01,9.710459348803750501e-01,2.363624157362880784e-01,-2.363624157362880784e-01
3.155155155155155100e+01,9.674863703046908681e-01,2.414125782869862846e-01,-2.414125782869862846e-01
3.163163163163163105e+01,9.637788498645045721e-01,2.465206641476944960e-01,-2.465206641476944960e-01
3.171171171171171110e+01,9.599263220237048699e-01,2.516856281987284172e-01,-2.516856281987284172e-01
3.179179179179179116e+01,9.559318027148575592e-01,2.569063541910345805e-01,-2.569063541910345805e-01
3.187187187187187121e+01,9.517983660331627016e-01,2.621816539962532056e-01,-2.621816539962532056e-01
3.195195195195195126e+01,9.475291343932907839e-01,2.675102670141584760e-01,-2.675102670141584760e-01
3.203203203203203486e+01,9.431272681721097895e-01,2.728908597547810566e-01,-2.728908597547810566e-01
3.211211211211211491e+01,9.385959548691098497e-01,2.783220256129344539e-01,-2.783220256129344539e-01
3.219219219219219497e+01,9.339383978258638530e-01,2.838022848530751818e-01,-2.838022848530751818e-01
3.227227227227227502e+01,9.291578045544991449e-01,2.893300848223708255e-01,-2.893300848223708255e-01
3.235235235235235507e+01,9.242573747374861481e-01,2.949038004095410614e-01,-2.949038004095410614e-01
3.243243243243243512e+01,9.192402879717527231e-01,3.005217347663457494e-01,-3.005217347663457494e-01
3.251251251251251517e+01,9.141096913411163039e-01,3.061821203075817954e-01,-3.061821203075817954e-01
3.259259259259259522e+01,9.088686869138457025e-01,3.118831200040053098e-01,-3.118831200040053098e-01
3.267267267267267528e+01,9.035203192738101574e-01,3.176228289807216387e-01,-3.176228289807216387e-01
3.275275275275275533e+01,8.980675632050231227e-01,3.233992764312512702e-01,-3.233992764312512702e-01
3.283283283283283538e+01,8.925133116607141259e-01,3.292104278546650886e-01,-3.292104278546650886e-01
3.291291291291291543e+01,8.868603641588731490e-01,3.350541876198868119e-01,-3.350541876198868119e-01
3.299299299299299548e+01,8.811114157543322722e-01,3.409284018574738062e-01,-3.409284018574738062e-01
3.307307307307307553e+01,8.752690467453316803e-01,3.468308616749649631e-01,-3.468308616749649631e-01
3.315315315315315559e+01,8.693357132784619301e-01,3.527593066872206085e-01,-3.527593066872206085e-01
3.323323323323323564e+01,8.633137390180606330e-01,3.587114288481564883e-01,-3.587114288481564883e-01
3.331331331331331569e+01,8.572053080467438857e-01,3.646848765649636226e-01,-3.646848765649636226e-01
3.339339339339339574e+01,8.510124591610259692e-01,3.706772590703849013e-01,-3.706772590703849013e-01
3.347347347347347579e+01,8.447370817191267589e-01,3.766861510230125609e-01,-3.766861510230125609e-01
3.355355355355355584e+01,8.383809131880443077e-01,3.827090972999978025e-01,-3.827090972999978025e-01
3.363363363363363590e+01,8.319455385225509314e-01,3.887436179411710158e-01,-3.887436179411710158e-01
3.371371371371371595e+01,8.254323914904746484e-01,3.947872131985163402e-01,-3.947872131985163402e-01
3.379379379379379600e+01,8.188427580359596281e-01,4.008373686403728375e-01,-4.008373686403728375e-01
3.387387387387387605e+01,8.121777817458051274e-01,4.068915602558473843e-01,-4.068915602558473843e-01
3.395395395395395610e+01,8.054384714541528156e-01,4.129472595018429115e-01,-4.129472595018429115e-01
3.403403403403403615e+01,7.986257109862957559e-01,4.190019382330104625e-01,-4.190019382330104625e-01
3.411411411411411621e+01,7.917402710064830318e-01,4.250530734539672562e-01,-4.250530734539672562e-01
3.419419419419419626e+01,7.847828228959737862e-01,4.310981518333708573e-01,-4.310981518333708573e-01
3.427427427427427631e+01,7.777539545471401361e-01,4.371346739210253962e-01,-4.371346739210253962e-01
3.435435435435435636e+01,7.706541879197539302e-01,4.431601580121433681e-01,-4.431601580121433681e-01
3.443443443443443641e+01,7.634839981659390373e-01,4.491721436072190765e-01,-4.491721436072190765e-01
3.451451451451451646e+01,7.562438340919851454e-01,4.551681944216438014e-01,-4.551681944216438014e-01
3.459459459459459651e+01,7.489341396908389958e-01,4.611459009061528169e-01,-4.611459009061528169e-01
3.467467467467467657e+01,7.415553764485711685e-01,4.671028822472819142e-01,-4.671028822472819142e-01
3.475475475475475662e+01,7.341080461016975534e-01,4.730367878260732795e-01,-4.730367878260732795e-01
3.483483483483483667e+01,7.265927135034323525e-01,4.789452981231197559e-01,-4.789452981231197559e-01
3.491491491491491672e+01,7.190100292441646834e-01,4.848261250683745804e-01,-4.848261250683745804e-01
3.499499499499499677e+01,7.113607516662471264e-01,4.906770118447759677e-01,-4.906770118447759677e-01
3.507507507507507682e+01,7.036457679163943268e-01,4.964957321653066802e-01,-4.964957321653066802e-01
3.515515515515515688e+01,6.958661136899433330e-01,5.022800890533645202e-01,-5.022800890533645202e-01
3.523523523523523693e+01,6.880229913406862297e-01,5.080279131659677372e-01,-5.080279131659677372e-01
3.531531531531531698e+01,6.801177860565195132e-01,5.137370607080851137e-01,-5.137370607080851137e-01
3.539539539539539703e+01,6.721520798352593751e-01,5.194054109940351438e-01,-5.194054109940351438e-01
3.547547547547547708e+01,6.641276630354298049e-01,5.250308637182239391e-01,-5.250308637182239391e-01
3.555555555555555713e+01,6.560465433216284836e-01,5.306113360023275716e-01,-5.306113360023275716e-01
3.563563563563563719e+01,6.479109518734680329e-01,5.361447592892814029e-01,-5.361447592892814029e-01
3.571571571571571724e+01,6.397233467789441574e-01,5.416290761560275113e-01,-5.416290761560275113e-01
3.579579579579579729e+01,6.314864135854302285e-01,5.470622371169046039e-01,-5.470622371169046039e-01
3.587587587587587734e+01,6.232030630339374655e-01,5.524421974879151209e-01,-5.524421974879151209e-01
3.595595595595595739e+01,6.148764260529365755e-01,5.577669143789204531e-01,-5.577669143789204531e-01
3.603603603603603744e+01,6.065098461351250414e-01,5.630343438762936970e-01,-5.630343438762936970e-01
3.611611611611611750e+01,5.981068692635435058e-01,5.682424384728470557e-01,-5.682424384728470557e-01
3.619619619619619755e+01,5.896712315915820790e-01,5.733891447951691145e-01,-5.733891447951691145e-01
3.627627627627627760e+01,5.812068451125772528e-01,5.784724016710738326e-01,-5.784724016710738326e-01
3.635635635635635765e+01,5.727177815801157701e-01,5.834901385719243327e-01,-5.834901385719243327e-01
3.643643643643643770e+01,5.642082549583550266e-01,5.884402744563700383e-01,-5.884402744563700383e-01
3.651651651651651775e+01,5.556826026925825168e-01,5.933207170337665426e-01,-5.933207170337665426e-01
3.659659659659659781e+01,5.471452660949761571e-01,5.981293624574339773e-01,-5.981293624574339773e-01
3.667667667667667786e+01,5.386007701381613222e-01,6.028640954501429672e-01,-6.028640954501429672e-01
3.675675675675675791e+01,5.300537029413971979e-01,6.075227898569572904e-01,-6.075227898569572904e-01
3.683683683683683796e+01,5.215086952207382831e-01,6.121033096139490981e-01,-6.121033096139490981e-01
3.691691691691691801e+01,5.129703999567255535e-01,6.166035101154232478e-01,-6.166035101154232478e-01
3.699699699699699806e+01,5.044434725119353313e-01,6.210212399572208053e-01,-6.210212399572208053e-01
3.707707707707707812e+01,4.959325514060523576e-01,6.253543430294599137e-01,-6.253543430294599137e-01
3.715715715715715817e+01,4.874422399301043818e-01,6.296006609287138067e-01,-6.296006609287138067e-01
3.723723723723723822e+01,4.789770887540459876e-01,6.337580356571201889e-01,-6.337580356571201889e-01
3.731731731731731827e+01,4.705415796540061146e-01,6.378243125742251163e-01,-6.378243125742251163e-01
3.739739739739739832e+01,4.621401104581011610e-01,6.417973435664217075e-01,-6.417973435664217075e-01
3.747747747747747837e+01,4.537769812830437788e-01,6.456749903986093164e-01,-6.456749903986093164e-01
3.755755755755755843e+01,4.454563821087977882e-01,6.494551282130679448e-01,-6.494551282130679448e-01
3.763763763763763848e+01,4.371823817150171099e-01,6.531356491414499477e-01,-6.531356491414499477e-01
3.771771771771771853e+01,4.289589179817994147e-01,6.567144659971502207e-01,-6.567144659971502207e-01
3.779779779779779858e+01,4.207897895385332987e-01,6.601895160170327959e-01,-6.601895160170327959e-01
3.787787787787787863e+01,4.126786487279756610e-01,6.635587646234984982e-01,-6.635587646234984982e-01
3.795795795795795868e+01,4.046289958388926689e-01,6.668202091800787823e-01,-6.668202091800787823e-01
3.803803803803803874e+01,3.966441745490523196e-01,6.699718827160894286e-01,-6.699718827160894286e-01
3.811811811811811879e+01,3.887273685111050647e-01,6.730118575982801943e-01,-6.730118575982801943e-01
3.819819819819819884e+01,3.808815990071760527e-01,6.759382491298477902e-01,-6.759382491298477902e-01
3.827827827827827889e+01,3.731097235930344591e-01,6.787492190595642017e-01,-6.787492190595642017e-01
3.835835835835835894e+01,3.654144356497837087e-01,6.814429789860977360e-01,-6.814429789860977360e-01
3.843843843843843899e+01,3.577982647597673371e-01,6.840177936448114115e-01,-6.840177936448114115e-01
3.851851851851851904e+01,3.502635778234401975e-01,6.864719840664093020e-01,-6.864719840664093020e-01
3.859859859859859910e+01,3.428125808355730331e-01,6.888039305987448957e-01,-6.888039305987448957e-01
3.867867867867867915e+01,3.354473212413970340e-01,6.910120757848799977e-01,-6.910120757848799977e-01
3.875875875875875920e+01,3.281696907966036303e-01,6.930949270921021865e-01,-6.930949270921021865e-01
3.883883883883883925e+01,3.209814288591722464e-01,6.950510594880653370e-01,-6.950510594880653370e-01
3.891891891891891930e+01,3.138841260452617243e-01,6.968791178614969217e-01,-6.968791178614969217e-01
3.899899899899899935e+01,3.068792281862331439e-01,6.985778192860571112e-01,-6.985778192860571112e-01
3.907907907907907941e+01,2.999680405286569429e-01,7.001459551269064718e-01,-7.001459551269064718e-01
3.915915915915915946e+01,2.931517321243610752e-01,7.015823929903820533e-01,-7.015823929903820533e-01
3.923923923923923951e+01,2.864313403624616505e-01,7.028860785178894233e-01,-7.028860785178894233e-01
3.931931931931931956e+01,2.798077756001927097e-01,7.040560370257037404e-01,-7.040560370257037404e-01
3.939939939939939961e+01,2.732818258542371037e-01,7.050913749928608976e-01,-7.050913749928608976e-01
3.947947947947947966e+01,2.668541615185906490e-01,7.059912813996903624e-01,-7.059912813996903624e-01
3.955955955955955972e+01,2.605253400794431684e-01,7.067550289198577529e-01,-7.067550289198577529e-01
3.963963963963963977e+01,2.542958108015422325e-01,7.073819749689949088e-01,-7.073819749689949088e-01
3.971971971971971982e+01,2.481659193641373995e-01,7.078715626131678595e-01,-7.078715626131678595e-01
3.979979979979979987e+01,2.421359124280836883e-01,7.082233213405303429e-01,-7.082233213405303429e-01
3.987987987987987992e+01,2.362059421188211772e-01,7.084368676995851377e-01,-7.084368676995851377e-01
3.995995995995995997e+01,2.303760704127185976e-01,7.085119058074877962e-01,-7.085119058074877962e-01
4.004004004004004003e+01,2.246462734168022390e-01,7.084482277318342458e-01,-7.084482277318342458e-01
4.012012012012012008e+01,2.190164455341734873e-01,7.082457137493357591e-01,-7.082457137493357591e-01
4.020020020020020013e+01,2.134864035093626544e-01,7.079043324847478225e-01,-7.079043324847478225e-01
4.028028028028028018e+01,2.080558903496277090e-01,7.074241409333574815e-01,-7.074241409333574815e-01
4.036036036036036023e+01,2.027245791197208324e-01,7.068052843702631316e-01,-7.068052843702631316e-01
4.044044044044044028e+01,1.974920766089194590e-01,7.060479961496194390e-01,-7.060479961496194390e-01
4.052052052052052034e+01,1.923579268702308998e-01,7.051525973969324790e-01,-7.051525973969324790e-01
4.060060060060060039e+01,1.873216146326465159e-01,7.041194965974307829e-01,-7.041194965974307829e-01
4.068068068068068044e+01,1.823825685880130498e-01,7.029491890834562717e-01,-7.029491890834562717e-01
4.076076076076076049e+01,1.775401645547349805e-01,7.016422564237566606e-01,-7.016422564237566606e-01
4.084084084084084054e+01,1.727937285211331997e-01,7.001993657175021868e-01,-7.001993657175021868e-01
4.092092092092092059e+01,1.681425395715275828e-01,6.986212687957847889e-01,-6.986212687957847889e-01
4.100100100100100065e+01,1.635858326984362954e-01,6.969088013333190057e-01,-6.969088013333190057e-01
4.108108108108108070e+01,1.591228015046213251e-01,6.950628818730100189e-01,-6.950628818730100189e-01
4.116116116116116075e+01,1.547526007986752550e-01,6.930845107660313920e-01,-6.930845107660313920e-01
4.124124124124124080e+01,1.504743490880290913e-01,6.909747690300089840e-01,-6.909747690300089840e-01
4.132132132132132085e+01,1.462871309732717562e-01,6.887348171279068509e-01,-6.887348171279068509e-01
4.140140140140140090e+01,1.421899994476205353e-01,6.863658936701697577e-01,-6.863658936701697577e-01
4.148148148148148096e+01,1.381819781053777452e-01,6.838693140426925776e-01,-6.838693140426925776e-01
4.156156156156156101e+01,1.342620632630634192e-01,6.812464689631576586e-01,-6.812464689631576586e-01
4.164164164164164106e+01,1.304292259968861944e-01,6.784988229683028838e-01,-6.784988229683028838e-01
4.172172172172172111e+01,1.266824141000208181e-01,6.756279128346731611e-01,-6.756279128346731611e-01
4.180180180180180116e+01,1.230205539630993411e-01,6.726353459354208475e-01,-6.726353459354208475e-01
4.188188188188188121e+01,1.194425523811041556e-01,6.695227985357384837e-01,-6.695227985357384837e-01
4.196196196196196126e+01,1.159472982897324367e-01,6.662920140295113258e-01,-6.662920140295113258e-01
4.204204204204204132e+01,1.125336644341929371e-01,6.629448011198043611e-01,-6.629448011198043611e-01
4.212212212212212137e+01,1.092005089731587913e-01,6.594830319458091505e-01,-6.594830319458091505e-01
4.220220220220220142e+01,1.059466770205365893e-01,6.559086401589010462e-01,-6.559086401589010462e-01
4.228228228228228147e+01,1.027710021274719221e-01,6.522236189504732051e-01,-6.522236189504732051e-01
4.236236236236236152e+01,9.967230770694339437e-02,6.484300190342408010e-01,-6.484300190342408010e-01
4.244244244244244157e+01,9.664940840312864767e-02,6.445299465857199372e-01,-6.445299465857199372e-01
4.252252252252252163e+01,9.370111140756207102e-02,6.405255611416162953e-01,-6.405255611416162953e-01
4.260260260260260168e+01,9.082621772406390681e-02,6.364190734618668799e-01,-6.364190734618668799e-01
4.268268268268268173e+01,8.802352338417424038e-02,6.322127433571020916e-01,-6.322127433571020916e-01
4.276276276276276178e+01,8.529182061480385102e-02,6.279088774843085696e-01,-6.279088774843085696e-01
4.284284284284284183e+01,8.262989895972494558e-02,6.235098271134857928e-01,-6.235098271134857928e-01
4.292292292292292188e+01,8.003654635631334002e-02,6.190179858681029712e-01,-6.190179858681029712e-01
4.300300300300300194e+01,7.751055016898678041e-02,6.144357874421664256e-01,-6.144357874421664256e-01
4.308308308308308199e+01,7.505069818063507536e-02,6.097657032967181978e-01,-6.097657032967181978e-01
4.316316316316316204e+01,7.265577954324212162e-02,6.050102403385869687e-01,-6.050102403385869687e-01
4.324324324324324209e+01,7.032458568889765615e-02,6.001719385842111398e-01,-6.001719385842111398e-01
4.332332332332332214e+01,6.805591120226166246e-02,5.952533688113517130e-01,-5.952533688113517130e-01
4.340340340340340219e+01,6.584855465552254261e-02,5.902571302015025001e-01,-5.902571302015025001e-01
4.348348348348348225e+01,6.370131940684041483e-02,5.851858479757986453e-01,-5.851858479757986453e-01
4.356356356356356230e+01,6.161301436318930569e-02,5.800421710272067877e-01,-5.800421710272067877e-01
4.364364364364364235e+01,5.958245470848515246e-02,5.748287695517614315e-01,-5.748287695517614315e-01
4.372372372372372240e+01,5.760846259786538137e-02,5.695483326815935499e-01,-5.695483326815935499e-01
4.380380380380380245e+01,5.568986781892858173e-02,5.642035661224703569e-01,-5.642035661224703569e-01
4.388388388388388250e+01,5.382550842070786545e-02,5.587971897985347658e-01,-5.587971897985347658e-01
4.396396396396396256e+01,5.201423131113897674e-02,5.533319355069027390e-01,-5.533319355069027390e-01
4.404404404404404261e+01,5.025489282377368361e-02,5.478105445847373245e-01,-5.478105445847373245e-01
4.412412412412412266e+01,4.854635925442232075e-02,5.422357655913838670e-01,-5.422357655913838670e-01
4.420420420420420271e+01,4.688750736844188305e-02,5.366103520080957034e-01,-5.366103520080957034e-01
4.428428428428428276e+01,4.527722487935989526e-02,5.309370599578505656e-01,-5.309370599578505656e-01
4.436436436436436281e+01,4.371441089945333341e-02,5.252186459476859692e-01,-5.252186459476859692e-01
4.444444444444444287e+01,4.219797636298668053e-02,5.194578646359482299e-01,-5.194578646359482299e-01
4.452452452452452292e+01,4.072684442274691896e-02,5.136574666267776923e-01,-5.136574666267776923e-01
4.460460460460460297e+01,3.929995082047898353e-02,5.078201962941032432e-01,-5.078201962941032432e-01
4.468468468468468302e+01,3.791624423187850423e-02,5.019487896373474589e-01,-5.019487896373474589e-01
4.476476476476476307e+01,3.657468658677866247e-02,4.960459721709856162e-01,-4.960459721709856162e-01
4.484484484484484312e+01,3.527425336513180520e-02,4.901144568500292453e-01,-4.901144568500292453e-01
4.492492492492492318e+01,3.401393386938029312e-02,4.841569420334314033e-01,-4.841569420334314033e-01
4.500500500500500323e+01,3.279273147387149617e-02,4.781761094873455131e-01,-4.781761094873455131e-01
4.508508508508508328e+01,3.160966385191807393e-02,4.721746224300841233e-01,-4.721746224300841233e-01
4.516516516516516333e+01,3.046376318106996939e-02,4.661551236205531135e-01,-4.661551236205531135e-01
4.524524524524524338e+01,2.935407632724432864e-02,4.601202334918547132e-01,-4.601202334918547132e-01
4.532532532532532343e+01,2.827966500830344718e-02,4.540725483316691569e-01,-4.540725483316691569e-01
4.540540540540540349e+01,2.723960593767500368e-02,4.480146385109457507e-01,-4.480146385109457507e-01
4.548548548548548354e+01,2.623299094860429004e-02,4.419490467623459207e-01,-4.419490467623459207e-01
4.556556556556556359e+01,2.525892709965827168e-02,4.358782865097953763e-01,-4.358782865097953763e-01
4.564564564564564364e+01,2.431653676205051615e-02,4.298048402504198173e-01,-4.298048402504198173e-01
4.572572572572572369e+01,2.340495768936862522e-02,4.237311579900410741e-01,-4.237311579900410741e-01
4.580580580580580374e+01,2.252334307034178570e-02,4.176596557333338011e-01,-4.176596557333338011e-01
4.588588588588588379e+01,2.167086156517474341e-02,4.115927140296438136e-01,-4.115927140296438136e-01
4.596596596596596385e+01,2.084669732604726641e-02,4.055326765753833884e-01,-4.055326765753833884e-01
4.604604604604604390e+01,2.005005000236432383e-02,3.994818488738301476e-01,-3.994818488738301476e-01
4.612612612612612395e+01,1.928013473132829392e-02,3.934424969530616045e-01,-3.934424969530616045e-01
4.620620620620620400e+01,1.853618211440155594e-02,3.874168461426722443e-01,-3.874168461426722443e-01
4.628628628628628405e+01,1.781743818020611533e-02,3.814070799098269737e-01,-3.814070799098269737e-01
4.636636636636636410e+01,1.712316433442289190e-02,3.754153387551151799e-01,-3.754153387551151799e-01
4.644644644644644416e+01,1.645263729726549953e-02,3.694437191685832067e-01,-3.694437191685832067e-01
4.652652652652652421e+01,1.580514902904891356e-02,3.634942726462328522e-01,-3.634942726462328522e-01
4.660660660660660426e+01,1.518000664438296995e-02,3.575690047671860050e-01,-3.575690047671860050e-01
4.668668668668668431e+01,1.457653231557820214e-02,3.516698743316308273e-01,-3.516698743316308273e-01
4.676676676676676436e+01,1.399406316571034578e-02,3.457987925595763512e-01,-3.457987925595763512e-01
4.684684684684684441e+01,1.343195115190199199e-02,3.399576223503634753e-01,-3.399576223503634753e-01
4.692692692692692447e+01,1.288956293935323086e-02,3.341481776027923067e-01,-3.341481776027923067e-01
4.700700700700700452e+01,1.236627976656786386e-02,3.283722225956484109e-01,-3.283722225956484109e-01
4.708708708708708457e+01,1.186149730231437008e-02,3.226314714283300411e-01,-3.226314714283300411e-01
4.716716716716716462e+01,1.137462549476165631e-02,3.169275875211998716e-01,-3.169275875211998716e-01
4.724724724724724467e+01,1.090508841327889923e-02,3.112621831752103718e-01,-3.112621831752103718e-01
4.732732732732732472e+01,1.045232408340505265e-02,3.056368191902782416e-01,-3.056368191902782416e-01
4.740740740740740478e+01,1.001578431537639147e-02,3.000530045418092207e-01,-3.000530045418092207e-01
4.748748748748748483e+01,9.594934526654457299e-03,2.945121961147089129e-01,-2.945121961147089129e-01
4.756756756756756488e+01,9.189253558954743259e-03,2.890157984941449376e-01,-2.890157984941449376e-01
4.764764764764764493e+01,8.798233490149631741e-03,2.835651638122610452e-01,-2.835651638122610452e-01
4.772772772772772498e+01,8.421379441434196159e-03,2.781615916499848851e-01,-2.781615916499848851e-01
4.780780780780780503e+01,8.058209380212278533e-03,2.728063289930044988e-01,-2.728063289930044988e-01
4.788788788788788509e+01,7.708253919051210115e-03,2.675005702409390951e-01,-2.675005702409390951e-01
4.796796796796796514e+01,7.371056111075658182e-03,2.622454572686673813e-01,-2.622454572686673813e-01
4.804804804804804519e+01,7.046171242215756511e-03,2.570420795387300394e-01,-2.570420795387300394e-01
4.812812812812812524e+01,6.733166620621666536e-03,2.518914742636711446e-01,-2.518914742636711446e-01
4.820820820820820529e+01,6.431621363570738832e-03,2.467946266171355818e-01,-2.467946266171355818e-01
4.828828828828828534e+01,6.141126182260264396e-03,2.417524699924983866e-01,-2.417524699924983866e-01
4.836836836836836540e+01,5.861283164758666897e-03,2.367658863077581055e-01,-2.367658863077581055e-01
4.844844844844844545e+01,5.591705557427713129e-03,2.318357063553890818e-01,-2.318357063553890818e-01
4.852852852852852550e+01,5.332017545147924725e-03,2.269627101958128779e-01,-2.269627101958128779e-01
4.860860860860860555e+01,5.081854030563044515e-03,2.221476275931136002e-01,-2.221476275931136002e-01
4.868868868868868560e+01,4.840860412692073872e-03,2.173911384915960532e-01,-2.173911384915960532e-01
4.876876876876876565e+01,4.608692365150162014e-03,2.126938735317542295e-01,-2.126938735317542295e-01
4.884884884884884571e+01,4.385015614178097189e-03,2.080564146041971596e-01,-2.080564146041971596e-01
4.892892892892892576e+01,4.169505716792274407e-03,2.034792954400556630e-01,-2.034792954400556630e-01
4.900900900900900581e+01,3.961847839254298113e-03,1.989630022363751694e-01,-1.989630022363751694e-01
4.908908908908908586e+01,3.761736536063567567e-03,1.945079743149845108e-01,-1.945079743149845108e-01
4.916916916916916591e+01,3.568875529703938697e-03,1.901146048133170452e-01,-1.901146048133170452e-01
4.924924924924924596e+01,3.382977491341488015e-03,1.857832414056500570e-01,-1.857832414056500570e-01
4.932932932932932601e+01,3.203763822630990334e-03,1.815141870532209212e-01,-1.815141870532209212e-01
4.940940940940940607e+01,3.030964438842414805e-03,1.773077007816720452e-01,-1.773077007816720452e-01
4.948948948948948612e+01,2.864317553467324393e-03,1.731639984842769930e-01,-1.731639984842769930e-01
4.956956956956956617e+01,2.703569464422619136e-03,1.690832537493955068e-01,-1.690832537493955068e-01
4.964964964964964622e+01,2.548474342072142972e-03,1.650655987106118827e-01,-1.650655987106118827e-01
4.972972972972972627e+01,2.398794019135716549e-03,1.611111249180140204e-01,-1.611111249180140204e-01
4.980980980980980632e+01,2.254297782629044195e-03,1.572198842290752629e-01,-1.572198842290752629e-01
4.988988988988988638e+01,2.114762168003654456e-03,1.533918897176166085e-01,-1.533918897176166085e-01
4.996996996996996643e+01,1.979970755522590838e-03,1.496271165993300067e-01,-1.496271165993300067e-01
5.005005005005004648e+01,1.849713969025961044e-03,1.459255031723651064e-01,-1.459255031723651064e-01
5.013013013013012653e+01,1.723788877164936142e-03,1.422869517714915044e-01,-1.422869517714915044e-01
5.021021021021020658e+01,1.601998997193012936e-03,1.387113297343701979e-01,-1.387113297343701979e-01
5.029029029029028663e+01,1.484154101383110573e-03,1.351984703784841757e-01,-1.351984703784841757e-01
5.037037037037036669e+01,1.370070026146899241e-03,1.317481739873019031e-01,-1.317481739873019031e-01
5.045045045045044674e+01,1.259568483941728894e-03,1.283602088042699874e-01,-1.283602088042699874e-01
5.053053053053052679e+01,1.152476877987897380e-03,1.250343120332538249e-01,-1.250343120332538249e-01
5.061061061061060684e+01,1.048628119863869064e-03,1.217701908440749214e-01,-1.217701908440749214e-01
5.069069069069068689e+01,9.478604500254882506e-04,1.185675233818179602e-01,-1.185675233818179602e-01
5.077077077077076694e+01,8.500172612837392228e-04,1.154259597786113783e-01,-1.154259597786113783e-01
5.085085085085084700e+01,7.549469252743859103e-04,1.123451231666158373e-01,-1.123451231666158373e-01
5.093093093093092705e+01,6.625026219477419317e-04,1.093246106909852022e-01,-1.093246106909852022e-01
5.101101101101100710e+01,5.725421721032530843e-04,1.063639945215986704e-01,-1.063639945215986704e-01
5.109109109109108715e+01,4.849278729672717265e-04,1.034628228623955676e-01,-1.034628228623955676e-01
5.117117117117116720e+01,3.995263368405016545e-04,1.006206209571793159e-01,-1.006206209571793159e-01
5.125125125125124725e+01,3.162083328672396368e-04,9.783689209079286797e-02,-9.783689209079286797e-02
5.133133133133133441e+01,2.348486318389941688e-04,9.511111858460322144e-02,-9.511111858460322144e-02
5.141141141141141446e+01,1.553258540541293869e-04,9.244276278527183144e-02,-9.244276278527183144e-02
5.149149149149149451e+01,7.752232034589272378e-05,8.983126804582029779e-02,-8.983126804582029779e-02
5.157157157157157457e+01,1.323906136452778458e-06,8.727605969804705377e-02,-8.727605969804705377e-02
5.165165165165165462e+01,-7.338010148198747824e-05,8.477654601538063550e-02,-8.477654601538063550e-02
5.173173173173173467e+01,-1.466971435703341101e-04,8.233211916529990793e-02,-8.233211916529990793e-02
5.181181181181181472e+01,-2.187315261292898782e-04,7.994215615048753942e-02,-7.994215615048753942e-02
5.189189189189189477e+01,-2.895845538708468215e-04,7.760601973792506658e-02,-7.760601973792506658e-02
5.197197197197197482e+01,-3.593546610109990720e-04,7.532305937517415340e-02,-7.532305937517415340e-02
5.205205205205205488e+01,-4.281375390493591697e-04,7.309261209313175356e-02,-7.309261209313175356e-02
5.213213213213213493e+01,-4.960262615878409040e-04,7.091400339458318880e-02,-7.091400339458318880e-02
5.221221221221221498e+01,-5.631114062308738462e-04,6.878654812791874795e-02,-6.878654812791874795e-02
5.229229229229229503e+01,-6.294811735439909042e-04,6.670955134541781129e-02,-6.670955134541781129e-02
5.237237237237237508e+01,-6.952215031092192059e-04,6.468230914554357058e-02,-6.468230914554357058e-02
5.245245245245245513e+01,-7.604161867406118843e-04,6.270410949873027329e-02,-6.270410949873027329e-02
5.253253253253253519e+01,-8.251469788293265290e-04,6.077423305618340210e-02,-6.077423305618340210e-02
5.261261261261261524e+01,-8.894937038178839543e-04,5.889195394125132377e-02,-5.889195394125132377e-02
5.269269269269269529e+01,-9.535343609109263839e-04,5.705654052296386253e-02,-5.705654052296386253e-02
5.277277277277277534e+01,-1.017345225997628826e-03,5.526725617137110552e-02,-5.526725617137110552e-02
5.285285285285285539e+01,-1.081000950753451158e-03,5.352335999435196140e-02,-5.352335999435196140e-02
5.293293293293293544e+01,-1.144574659002395170e-03,5.182410755559727772e-02,-5.182410755559727772e-02
5.301301301301301550e+01,-1.208138040345940007e-03,5.016875157350855763e-02,-5.016875157350855763e-02
5.309309309309309555e+01,-1.271761441007044193e-03,4.855654260078701850e-02,-4.855654260078701850e-02
5.317317317317317560e+01,-1.335513952010557387e-03,4.698672968452165255e-02,-4.698672968452165255e-02
5.325325325325325565e+01,-1.399463494580035225e-03,4.545856100661874871e-02,-4.545856100661874871e-02
5.333333333333333570e+01,-1.463676902772350274e-03,4.397128450444610231e-02,-4.397128450444610231e-02
5.341341341341341575e+01,-1.528220003498048912e-03,4.252414847159776551e-02,-4.252414847159776551e-02
5.349349349349349581e+01,-1.593157693680726135e-03,4.111640213871540356e-02,-4.111640213871540356e-02
5.357357357357357586e+01,-1.658554014663876034e-03,3.974729623433120862e-02,-3.974729623433120862e-02
5.365365365365365591e+01,-1.724472223921499296e-03,3.841608352572715296e-02,-3.841608352572715296e-02
5.373373373373373596e+01,-1.790974863905171440e-03,3.712201933983221708e-02,-3.712201933983221708e-02
5.381381381381381601e+01,-1.858123828026735872e-03,3.586436206420648420e-02,-3.586436206420648420e-02
5.389389389389389606e+01,-1.925980423787090803e-03,3.464237362818688160e-02,-3.464237362818688160e-02
5.397397397397397611e+01,-1.994605432976182240e-03,3.345531996429360749e-02,-3.345531996429360749e-02
5.405405405405405617e+01,-2.064059168926499557e-03,3.230247145002112380e-02,-3.230247145002112380e-02
5.413413413413413622e+01,-2.134401530704687407e-03,3.118310333015956309e-02,-3.118310333015956309e-02
5.421421421421421627e+01,-2.205692054067552501e-03,3.009649611981464815e-02,-3.009649611981464815e-02
5.429429429429429632e+01,-2.277989959353343089e-03,2.904193598831500064e-02,-2.904193598831500064e-02
5.437437437437437637e+01,-2.351354196070168726e-03,2.801871512421575880e-02,-2.801871512421575880e-02
5.445445445445445642e+01,-2.425843484004474963e-03,2.702613208162559302e-02,-2.702613208162559302e-02
5.453453453453453648e+01,-2.501516350856128942e-03,2.606349210810272529e-02,-2.606349210810272529e-02
5.461461461461461653e+01,-2.578431166207385047e-03,2.513010745438199953e-02,-2.513010745438199953e-02
5.469469469469469658e+01,-2.656646171751828392e-03,2.422529766621055181e-02,-2.422529766621055181e-02
5.477477477477477663e+01,-2.736219507506095546e-03,2.334838985858514807e-02,-2.334838985858514807e-02
5.485485485485485668e+01,-2.817209233947590239e-03,2.249871897269725696e-02,-2.249871897269725696e-02
5.493493493493493673e+01,-2.899673349897934592e-03,2.167562801590516841e-02,-2.167562801590516841e-02
5.501501501501501679e+01,-2.983669805801544405e-03,2.087846828506439642e-02,-2.087846828506439642e-02
5.509509509509509684e+01,-3.069256512335772139e-03,2.010659957355805799e-02,-2.010659957355805799e-02
5.517517517517517689e+01,-3.156491344107974738e-03,1.935939036237950897e-02,-1.935939036237950897e-02
5.525525525525525694e+01,-3.245432138108547086e-03,1.863621799562791004e-02,-1.863621799562791004e-02
5.533533533533533699e+01,-3.336136686628641494e-03,1.793646884078610795e-02,-1.793646884078610795e-02
5.541541541541541704e+01,-3.428662724426887257e-03,1.725953843415715255e-02,-1.725953843415715255e-02
5.549549549549549710e+01,-3.523067909871988035e-03,1.660483161184219195e-02,-1.660483161184219195e-02
5.557557557557557715e+01,-3.619409799554895030e-03,1.597176262664824070e-02,-1.597176262664824070e-02
5.565565565565565720e+01,-3.717745816102507785e-03,1.535975525131888855e-02,-1.535975525131888855e-02
5.573573573573573725e+01,-3.818133208856449960e-03,1.476824286848495670e-02,-1.476824286848495670e-02
5.581581581581581730e+01,-3.920629006927799608e-03,1.419666854773541861e-02,-1.419666854773541861e-02
5.589589589589589735e+01,-4.025289964229933348e-03,1.364448511021115230e-02,-1.364448511021115230e-02
5.597597597597597741e+01,-4.132172495959639605e-03,1.311115518112599895e-02,-1.311115518112599895e-02
5.605605605605605746e+01,-4.241332606136093142e-03,1.259615123062035429e-02,-1.259615123062035429e-02
5.613613613613613751e+01,-4.352825805633816006e-03,1.209895560335290388e-02,-1.209895560335290388e-02
5.621621621621621756e+01,-4.466707020103836447e-03,1.161906053723611026e-02,-1.161906053723611026e-02
5.629629629629629761e+01,-4.583030487240724420e-03,1.115596817171948807e-02,-1.115596817171948807e-02
5.637637637637637766e+01,-4.701849642853633306e-03,1.070919054602371447e-02,-1.070919054602371447e-02
5.645645645645645772e+01,-4.823216995041504015e-03,1.027824958772617994e-02,-1.027824958772617994e-02
5.653653653653653777e+01,-4.947183985676165650e-03,9.862677092096100093e-03,-9.862677092096100093e-03
5.661661661661661782e+01,-5.073800838684119387e-03,9.462014692573903971e-03,-9.462014692573903971e-03
5.669669669669669787e+01,-5.203116394361442625e-03,9.075813822786204035e-03,-9.075813822786204035e-03
5.677677677677677792e+01,-5.335177928827978915e-03,8.703635670483243075e-03,-8.703635670483243075e-03
5.685685685685685797e+01,-5.470030957870235244e-03,8.345051123781380142e-03,-8.345051123781380142e-03
5.693693693693693803e+01,-5.607719024369386442e-03,7.999640710087898773e-03,-7.999640710087898773e-03
5.701701701701701808e+01,-5.748283468487919330e-03,7.666994528080380532e-03,-7.666994528080380532e-03
5.709709709709709813e+01,-5.891763179653950952e-03,7.346712173106706954e-03,-7.346712173106706954e-03
5.717717717717717818e+01,-6.038194329366975734e-03,7.038402656366109060e-03,-7.038402656366109060e-03
5.725725725725725823e+01,-6.187610083993241687e-03,6.741684318224972806e-03,-6.741684318224972806e-03
5.733733733733733828e+01,-6.340040296564283459e-03,6.456184736014468351e-03,-6.456184736014468351e-03
5.741741741741741833e+01,-6.495511176504001338e-03,6.181540626650302954e-03,-6.181540626650302954e-03
5.749749749749749839e+01,-6.654044936278392074e-03,5.917397744407449332e-03,-5.917397744407449332e-03
5.757757757757757844e+01,-6.815659414065779881e-03,5.663410774175419750e-03,-5.663410774175419750e-03
5.765765765765765849e+01,-6.980367671297450262e-03,5.419243220512045926e-03,-5.419243220512045926e-03
5.773773773773773854e+01,-7.148177563956539804e-03,5.184567292805941988e-03,-5.184567292805941988e-03
5.781781781781781859e+01,-7.319091286768429974e-03,4.959063786849783780e-03,-4.959063786849783780e-03
5.789789789789789864e+01,-7.493104889204935809e-03,4.742421963118598031e-03,-4.742421963118598031e-03
5.797797797797797870e+01,-7.670207762154650222e-03,4.534339422039035741e-03,-4.534339422039035741e-03
5.805805805805805875e+01,-7.850382094322760906e-03,4.334521976527244518e-03,-4.334521976527244518e-03
5.813813813813813880e+01,-8.033602297492028338e-03,4.142683522064692127e-03,-4.142683522064692127e-03
5.821821821821821885e+01,-8.219834399692914698e-03,3.958545904572865343e-03,-3.958545904572865343e-03
5.829829829829829890e+01,-8.409035405336832275e-03,3.781838786339269346e-03,-3.781838786339269346e-03
5.837837837837837895e+01,-8.601152621469865950e-03,3.612299510238747326e-03,-3.612299510238747326e-03
5.845845845845845901e+01,-8.796122949725624501e-03,3.449672962485586438e-03,-3.449672962485586438e-03
5.853853853853853906e+01,-8.993872143176481065e-03,3.293711434143471554e-03,-3.293711434143471554e-03
5.861861861861861911e+01,-9.194314027370358022e-03,3.144174481611871925e-03,-3.144174481611871925e-03
5.869869869869869916e+01,-9.397349685787646442e-03,3.000828786298969601e-03,-3.000828786298969601e-03
5.877877877877877921e+01,-9.602866609066109879e-03,2.863448013683017167e-03,-2.863448013683017167e-03
5.885885885885885926e+01,-9.810737808014358477e-03,2.731812671955561635e-03,-2.731812671955561635e-03
5.893893893893893932e+01,-1.002082089098577794e-02,2.605709970431810320e-03,-2.605709970431810320e-03
5.901901901901901937e+01,-1.023295710566163308e-02,2.484933677905310379e-03,-2.484933677905310379e-03
5.909909909909909942e+01,-1.044697034625383970e-02,2.369283981115944369e-03,-2.369283981115944369e-03
5.917917917917917947e+01,-1.066266612692222567e-02,2.258567343492454919e-03,-2.258567343492454919e-03
5.925925925925925952e+01,-1.087983052298345694e-02,2.152596364322731382e-03,-2.152596364322731382e-03
5.933933933933933957e+01,-1.109822908163028005e-02,2.051189638497490694e-03,-2.051189638497490694e-03
5.941941941941941963e+01,-1.131760570391086157e-02,1.954171616965366589e-03,-1.954171616965366589e-03
5.949949949949949968e+01,-1.153768150108547969e-02,1.861372468029955530e-03,-1.861372468029955530e-03
5.957957957957957973e+01,-1.175815362827714421e-02,1.772627939612119157e-03,-1.772627939612119157e-03
5.965965965965965978e+01,-1.197869409876074417e-02,1.687779222593660229e-03,-1.687779222593660229e-03
5.973973973973973983e+01,-1.219894858345361988e-02,1.606672815351506975e-03,-1.606672815351506975e-03
5.981981981981981988e+01,-1.241853520027921473e-02,1.529160389584708355e-03,-1.529160389584708355e-03
5.989989989989989994e+01,-1.263704329881235218e-02,1.455098657529865563e-03,-1.455098657529865563e-03
5.997997997997997999e+01,-1.285403224677881227e-02,1.384349240654132469e-03,-1.384349240654132469e-03
6.006006006006006004e+01,-1.306903022496570810e-02,1.316778539908578785e-03,-1.316778539908578785e-03
6.014014014014014009e+01,-1.328153303873357352e-02,1.252257607618559093e-03,-1.252257607618559093e-03
6.022022022022022014e+01,-1.349100295506500645e-02,1.190662021081727393e-03,-1.190662021081727393e-03
6.030030030030030019e+01,-1.369686757399746907e-02,1.131871757938577141e-03,-1.131871757938577141e-03
6.038038038038038025e+01,-1.389851874592798117e-02,1.075771073374705072e-03,-1.075771073374705072e-03
6.046046046046046030e+01,-1.409531154625788020e-02,1.022248379208591735e-03,-1.022248379208591735e-03
6.054054054054054035e+01,-1.428656331957009473e-02,9.711961249134182760e-04,-9.711961249134182760e-04
6.062062062062062040e+01,-1.447155280802782905e-02,9.225106806163297637e-04,-9.225106806163297637e-04
6.070070070070070045e+01,-1.464951937820717885e-02,8.760922221137016448e-04,-8.760922221137016448e-04
6.078078078078078050e+01,-1.481966236271346424e-02,8.318446179361811601e-04,-8.318446179361811601e-04
6.086086086086086056e+01,-1.498114053438999969e-02,7.896753184927810757e-04,-7.896753184927810757e-04
6.094094094094094061e+01,-1.513307173064505455e-02,7.494952473189218315e-04,-7.494952473189218315e-04
6.102102102102102066e+01,-1.527453264810675615e-02,7.112186944491091182e-04,-7.112186944491091182e-04
6.110110110110110071e+01,-1.540455882866147846e-02,6.747632119309592089e-04,-6.747632119309592089e-04
6.118118118118118076e+01,-1.552214485830010274e-02,6.400495114934179981e-04,-6.400495114934179981e-04
6.126126126126126081e+01,-1.562624480184964665e-02,6.070013643783651793e-04,-6.070013643783651793e-04
6.134134134134134086e+01,-1.571577289791400642e-02,5.755455033412995277e-04,-5.755455033412995277e-04
6.142142142142142092e+01,-1.578960453910110279e-02,5.456115268234711232e-04,-5.456115268234711232e-04
6.150150150150150097e+01,-1.584657756293627456e-02,5.171318052946736023e-04,-5.171318052946736023e-04
6.158158158158158102e+01,-1.588549388008374599e-02,4.900413897628996688e-04,-4.900413897628996688e-04
6.166166166166166107e+01,-1.590512146741752605e-02,4.642779224442411903e-04,-4.642779224442411903e-04
6.174174174174174112e+01,-1.590419675294908047e-02,4.397815495837236193e-04,-4.397815495837236193e-04
6.182182182182182117e+01,-1.588142742034230268e-02,4.164948364152594820e-04,-4.164948364152594820e-04
6.190190190190190123e+01,-1.583549566084579280e-02,3.943626842465230921e-04,-3.943626842465230921e-04
6.198198198198198128e+01,-1.576506189955043102e-02,3.733322496523347575e-04,-3.733322496523347575e-04
6.206206206206206133e+01,-1.566876902295431112e-02,3.533528657580821148e-04,-3.533528657580821148e-04
6.214214214214214138e+01,-1.554524713296693943e-02,3.343759655927652330e-04,-3.343759655927652330e-04
6.222222222222222143e+01,-1.539311885221721944e-02,3.163550074894828728e-04,-3.163550074894828728e-04
6.230230230230230148e+01,-1.521100520347239832e-02,2.992454025095246922e-04,-2.992454025095246922e-04
6.238238238238238154e+01,-1.499753208213412854e-02,2.830044438647302384e-04,-2.830044438647302384e-04
6.246246246246246159e+01,-1.475133734102799382e-02,2.675912383113920163e-04,-2.675912383113920163e-04
6.254254254254254164e+01,-1.447107850210035268e-02,2.529666394877485387e-04,-2.529666394877485387e-04
6.262262262262262169e+01,-1.415544110423812979e-02,2.390931831659756147e-04,-2.390931831659756147e-04
6.270270270270270174e+01,-1.380314769556682461e-02,2.259350243885976115e-04,-2.259350243885976115e-04
6.278278278278278179e+01,-1.341296747073852762e-02,2.134578764583622257e-04,-2.134578764583622257e-04
6.286286286286286185e+01,-1.298372654920212747e-02,2.016289517498514846e-04,-2.016289517498514846e-04
6.294294294294294190e+01,-1.251431888530489707e-02,1.904169043104588194e-04,-1.904169043104588194e-04
6.302302302302302195e+01,-1.200371779136888417e-02,1.797917742178141540e-04,-1.797917742178141540e-04
6.310310310310310200e+01,-1.145098804927038340e-02,1.697249336602957000e-04,-1.697249336602957000e-04
6.318318318318318205e+01,-1.085529857798190993e-02,1.601890347069272809e-04,-1.601890347069272809e-04
6.326326326326326210e+01,-1.021593561336608773e-02,1.511579587327074707e-04,-1.511579587327074707e-04
6.334334334334334216e+01,-9.532316346618626909e-03,1.426067674652587531e-04,-1.426067674652587531e-04
6.342342342342342221e+01,-8.804002959895427041e-03,1.345116556185971994e-04,-1.345116556185971994e-04
6.350350350350350226e+01,-8.030716982058578798e-03,1.268499050798345428e-04,-1.268499050798345428e-04
6.358358358358358231e+01,-7.212353876093987627e-03,1.195998406146749868e-04,-1.195998406146749868e-04
6.366366366366366236e+01,-6.348997760143127583e-03,1.127407870577162499e-04,-1.127407870577162499e-04
6.374374374374374241e+01,-5.440936144863436734e-03,1.062530279537462791e-04,-1.062530279537462791e-04
6.382382382382382247e+01,-4.488674557967495780e-03,1.001177656164683121e-04,-1.001177656164683121e-04
6.390390390390390252e+01,-3.492950913985254108e-03,9.431708257137002790e-05,-9.431708257137002790e-05
6.398398398398398257e+01,-2.454749467718926517e-03,8.883390434977703881e-05,-8.883390434977703881e-05
6.406406406406406973e+01,-1.375314176053266243e-03,8.365196360147117405e-05,-8.365196360147117405e-05
6.414414414414414978e+01,-2.561612791907816886e-04,7.875576549363230922e-05,-7.875576549363230922e-05
6.422422422422422983e+01,9.009091049682004491e-04,7.413055436423752218e-05,-7.413055436423752218e-05
6.430430430430430988e+01,2.093802596734295300e-03,6.976228159845619659e-05,-6.976228159845619659e-05
6.438438438438438993e+01,3.320121613635014426e-03,6.563757469695287688e-05,-6.563757469695287688e-05
6.446446446446446998e+01,4.577158119178944065e-03,6.174370750540873255e-05,-6.174370750540873255e-05
6.454454454454455004e+01,5.861888322897836068e-03,5.806857157493932947e-05,-5.806857157493932947e-05
6.462462462462463009e+01,7.170969597322347094e-03,5.460064862344126541e-05,-5.460064862344126541e-05
6.470470470470471014e+01,8.500739883886715767e-03,5.132898406823216875e-05,-5.132898406823216875e-05
6.478478478478479019e+01,9.847219864418612148e-03,4.824316160066017287e-05,-4.824316160066017287e-05
6.486486486486487024e+01,1.120611817080736580e-02,4.533327877363135051e-05,-4.533327877363135051e-05
6.494494494494495029e+01,1.257283989797543244e-02,4.258992357325648256e-05,-4.258992357325648256e-05
6.502502502502503035e+01,1.394249867321117886e-02,4.000415194603643317e-05,-4.000415194603643317e-05
6.510510510510511040e+01,1.530993251484452297e-02,3.756746625319363445e-05,-3.756746625319363445e-05
6.518518518518519045e+01,1.666972368724167070e-02,3.527179462392189421e-05,-3.527179462392189421e-05
6.526526526526527050e+01,1.801622272332101260e-02,3.310947117946358041e-05,-3.310947117946358041e-05
6.534534534534535055e+01,1.934357674276424716e-02,3.107321710004768187e-05,-3.107321710004768187e-05
6.542542542542543060e+01,2.064576214264295106e-02,2.915612250682966236e-05,-2.915612250682966236e-05
6.550550550550551065e+01,2.191662167612219714e-02,2.735162913107976160e-05,-2.735162913107976160e-05
6.558558558558559071e+01,2.314990586411556223e-02,2.565351374297621668e-05,-2.565351374297621668e-05
6.566566566566567076e+01,2.433931860715049522e-02,2.405587231248196162e-05,-2.405587231248196162e-05
6.574574574574575081e+01,2.547856677874936471e-02,2.255310487492885612e-05,-2.255310487492885612e-05
6.582582582582583086e+01,2.656141348621260043e-02,2.113990107411304174e-05,-2.113990107411304174e-05
6.590590590590591091e+01,2.758173459012601761e-02,1.981122635592827118e-05,-1.981122635592827118e-05
6.598598598598599096e+01,2.853357797100911433e-02,1.856230878583869150e-05,-1.856230878583869150e-05
6.606606606606607102e+01,2.941122492662339924e-02,1.738862646383195471e-05,-1.738862646383195471e-05
6.614614614614615107e+01,3.020925298711726881e-02,1.628589551090184299e-05,-1.628589551090184299e-05
6.622622622622623112e+01,3.092259933698526114e-02,1.525005860159504400e-05,-1.525005860159504400e-05
6.630630630630631117e+01,3.154662394387085234e-02,1.427727401772277381e-05,-1.427727401772277381e-05
6.638638638638639122e+01,3.207717142077039923e-02,1.336390519898913508e-05,-1.336390519898913508e-05
6.646646646646647127e+01,3.251063058396290451e-02,1.250651076702159364e-05,-1.250651076702159364e-05
6.654654654654655133e+01,3.284399062526498214e-02,1.170183500010396254e-05,-1.170183500010396254e-05
6.662662662662663138e+01,3.307489279666904480e-02,1.094679873680521538e-05,-1.094679873680521538e-05
6.670670670670671143e+01,3.320167650479472626e-02,1.023849068765505641e-05,-1.023849068765505641e-05
6.678678678678679148e+01,3.322341874015243696e-02,9.574159135036609878e-06,-9.574159135036609878e-06
6.686686686686687153e+01,3.313996582103306832e-02,8.951204002529066799e-06,-8.951204002529066799e-06
6.694694694694695158e+01,3.295195651361161604e-02,8.367169276027095791e-06,-8.367169276027095791e-06
6.702702702702703164e+01,3.266083570137735120e-02,7.819735760073995084e-06,-7.819735760073995084e-06
6.710710710710711169e+01,3.226885791302454287e-02,7.306714153952828900e-06,-7.306714153952828900e-06
6.718718718718719174e+01,3.177908018033998028e-02,6.826038433169639871e-06,-6.826038433169639871e-06
6.726726726726727179e+01,3.119534388295080660e-02,6.375759523017066689e-06,-6.375759523017066689e-06
6.734734734734735184e+01,3.052224543830955872e-02,5.954039251910119385e-06,-5.954039251910119385e-06
6.742742742742743189e+01,2.976509591248631403e-02,5.559144573124532127e-06,-5.559144573124532127e-06
6.750750750750751195e+01,2.892986985354975213e-02,5.189442044430046538e-06,-5.189442044430046538e-06
6.758758758758759200e+01,2.802314387912637969e-02,4.843392555886828532e-06,-4.843392555886828532e-06
6.766766766766767205e+01,2.705202577726347618e-02,4.519546296756604456e-06,-4.519546296756604456e-06
6.774774774774775210e+01,2.602407509905931352e-02,4.216537953067739047e-06,-4.216537953067739047e-06
6.782782782782783215e+01,2.494721642772202916e-02,3.933082127865556444e-06,-3.933082127865556444e-06
6.790790790790791220e+01,2.382964669400994273e-02,3.667968976578409133e-06,-3.667968976578409133e-06
6.798798798798799226e+01,2.267973806879040877e-02,3.420060050242217340e-06,-3.420060050242217340e-06
6.806806806806807231e+01,2.150593809318288377e-02,3.188284339560065890e-06,-3.188284339560065890e-06
6.814814814814815236e+01,2.031666880132713959e-02,2.971634512938637334e-06,-2.971634512938637334e-06
6.822822822822823241e+01,1.912022664737665634e-02,2.769163341752285534e-06,-2.769163341752285534e-06
6.830830830830831246e+01,1.792468506182236590e-02,2.579980306150026684e-06,-2.579980306150026684e-06
6.838838838838839251e+01,1.673780143301769469e-02,2.403248374754514564e-06,-2.403248374754514564e-06
6.846846846846847257e+01,1.556693023563076803e-02,2.238180951616591338e-06,-2.238180951616591338e-06
6.854854854854855262e+01,1.441894390890489409e-02,2.084038983796759777e-06,-2.084038983796759777e-06
6.862862862862863267e+01,1.330016292739147517e-02,1.940128222955701297e-06,-1.940128222955701297e-06
6.870870870870871272e+01,1.221629630637050511e-02,1.805796634358699609e-06,-1.805796634358699609e-06
6.878878878878879277e+01,1.117239354890655831e-02,1.680431946740315357e-06,-1.680431946740315357e-06
6.886886886886887282e+01,1.017280877787718474e-02,1.563459336540902348e-06,-1.563459336540902348e-06
6.894894894894895288e+01,9.221177509996269714e-03,1.454339240118423922e-06,-1.454339240118423922e-06
6.902902902902903293e+01,8.320406228944358940e-03,1.352565287658699563e-06,-1.352565287658699563e-06
6.910910910910911298e+01,7.472674609904313148e-03,1.257662352654121255e-06,-1.257662352654121255e-06
6.918918918918919303e+01,6.679449947220725964e-03,1.169184710993182530e-06,-1.169184710993182530e-06
6.926926926926927308e+01,5.941513050727731740e-03,1.086714303897791410e-06,-1.086714303897791410e-06
6.934934934934935313e+01,5.258994613172370859e-03,1.009859099158416580e-06,-1.009859099158416580e-06
6.942942942942943318e+01,4.631420820207376651e-03,9.382515453445785816e-07,-9.382515453445785816e-07
6.950950950950951324e+01,4.057766783394852438e-03,8.715471139053636083e-07,-8.715471139053636083e-07
6.958958958958959329e+01,3.536516231345383354e-03,8.094229243173686044e-07,-8.094229243173686044e-07
6.966966966966967334e+01,3.065725799328324497e-03,7.515764476815358778e-07,-7.515764476815358778e-07
6.974974974974975339e+01,2.643092215858141355e-03,6.977242844122633292e-07,-6.977242844122633292e-07
6.982982982982983344e+01,2.266020696261097922e-03,6.476010118987734420e-07,-6.476010118987734420e-07
6.990990990990991349e+01,1.931692916307448148e-03,6.009580982476994182e-07,-6.009580982476994182e-07
6.998998998998999355e+01,1.637133049843177580e-03,5.575628784352203335e-07,-5.575628784352203335e-07
7.007007007007007360e+01,1.379270507272363586e-03,5.171975894057736097e-07,-5.171975894057736097e-07
7.015015015015015365e+01,1.154998199398654234e-03,4.796584608515342066e-07,-4.796584608515342066e-07
7.023023023023023370e+01,9.612253650293415110e-04,4.447548585923290305e-07,-4.447548585923290305e-07
7.031031031031031375e+01,7.949242315366197593e-04,4.123084776495128562e-07,-4.123084776495128562e-07
7.039039039039039380e+01,6.531700156355855005e-04,3.821525822699729186e-07,-3.821525822699729186e-07
7.047047047047047386e+01,1.422986300970639035e-03,3.541312903084180662e-07,-3.541312903084180662e-07
7.055055055055055391e+01,1.128950494739030651e-03,3.280988961863861047e-07,-3.280988961863861047e-07
7.063063063063063396e+01,6.274657133125950717e-12,3.039192515420986184e-07,-3.039192515420986184e-07
7.071071071071071401e+01,5.667456274580848879e-12,2.814651435935352052e-07,-2.814651435935352052e-07
7.079079079079079406e+01,5.117988713715496825e-12,2.606177528566273541e-07,-2.606177528566273541e-07
7.087087087087087411e+01,4.620866659733067090e-12,2.412661193807333088e-07,-2.412661193807333088e-07
7.095095095095095417e+01,4.171195224214780535e-12,2.233066462477363736e-07,-2.233066462477363736e-07
7.103103103103103422e+01,3.764528276811549098e-12,2.066426327893598980e-07,-2.066426327893598980e-07
7.111111111111111427e+01,3.396828165078027858e-12,1.911838358562906305e-07,-1.911838358562906305e-07
7.119119119119119432e+01,3.064428968479243863e-12,1.768460575587095386e-07,-1.768460575587095386e-07
7.127127127127127437e+01,2.764002984025438787e-12,1.635507579798911223e-07,-1.635507579798911223e-07
7.135135135135135442e+01,2.492530166204078610e-12,1.512246914427650293e-07,-1.512246914427650293e-07
7.143143143143143448e+01,2.247270267050865130e-12,1.397995649839130756e-07,-1.397995649839130756e-07
7.151151151151151453e+01,2.025737443494562091e-12,1.292117177605422393e-07,-1.292117177605422393e-07
7.159159159159159458e+01,1.825677118670546742e-12,1.194018201836430245e-07,-1.194018201836430245e-07
7.167167167167167463e+01,1.645044901862317003e-12,1.103145916350006994e-07,-1.103145916350006994e-07
7.175175175175175468e+01,1.481987388224219381e-12,1.018985356870552230e-07,-1.018985356870552230e-07
7.183183183183183473e+01,1.334824674579247022e-12,9.410569180296354338e-08,-9.410569180296354338e-08
7.191191191191191479e+01,1.202034441480750168e-12,8.689140254972373037e-08,-8.689140254972373037e-08
7.199199199199199484e+01,1.082237464474852101e-12,8.021409540998941701e-08,-8.021409540998941701e-08
7.207207207207207489e+01,9.741844291938888324e-13,7.403507832835739685e-08,-7.403507832835739685e-08
7.215215215215215494e+01,8.767439356343770376e-13,6.831834817556049073e-08,-6.831834817556049073e-08
7.223223223223223499e+01,7.888915868038234016e-13,6.303041135925126129e-08,-6.303041135925126129e-08
7.231231231231231504e+01,7.097000659316603824e-13,5.814011585303655474e-08,-5.814011585303655474e-08
7.239239239239239510e+01,6.383301146965252381e-13,5.361849395618965212e-08,-5.361849395618965212e-08
7.247247247247247515e+01,5.740223324864980387e-13,4.943861513516638425e-08,-4.943861513516638425e-08
7.255255255255255520e+01,5.160897236371471565e-13,4.557544833474123345e-08,-4.557544833474123345e-08
7.263263263263263525e+01,4.639109259360977599e-13,4.200573318136887511e-08,-4.200573318136887511e-08
7.271271271271271530e+01,4.169240594903387096e-13,3.870785953435379499e-08,-3.870785953435379499e-08
7.279279279279279535e+01,3.746211403675462697e-13,3.566175487164974928e-08,-3.566175487164974928e-08
7.287287287287287540e+01,3.365430082859980113e-13,3.284877902670325387e-08,-3.284877902670325387e-08
7.295295295295295546e+01,3.022747220763735789e-13,3.025162582077101638e-08,-3.025162582077101638e-08
7.303303303303303551e+01,2.714413807072853483e-13,2.785423116166325577e-08,-2.785423116166325577e-08
7.311311311311311556e+01,2.437043313863841679e-13,2.564168720495623641e-08,-2.564168720495623641e-08
7.319319319319319561e+01,2.187577296492136353e-13,2.360016219745182213e-08,-2.360016219745182213e-08
7.327327327327327566e+01,1.963254194555486496e-13,2.171682564510949317e-08,-2.171682564510949317e-08
7.335335335335335571e+01,1.761581041520857856e-13,1.997977846888801475e-08,-1.997977846888801475e-08
7.343343343343343577e+01,1.580307817537396450e-13,1.837798783198508932e-08,-1.837798783198508932e-08
7.351351351351351582e+01,1.417404203640469990e-13,1.690122634090365242e-08,-1.690122634090365242e-08
7.359359359359359587e+01,1.271038517173617620e-13,1.554001534065641557e-08,-1.554001534065641557e-08
7.367367367367367592e+01,1.139558627990479913e-13,1.428557204130877169e-08,-1.428557204130877169e-08
7.375375375375375597e+01,1.021474673008206020e-13,1.312976022899487624e-08,-1.312976022899487624e-08
7.383383383383383602e+01,9.154434031136387424e-14,1.206504432957687188e-08,-1.206504432957687188e-08
7.391391391391391608e+01,8.202540114094072277e-14,1.108444660729900230e-08,-1.108444660729900230e-08
7.399399399399399613e+01,7.348153054521260217e-14,1.018150729415846530e-08,-1.018150729415846530e-08
7.407407407407407618e+01,6.581440985924768909e-14,9.350247458318564641e-09,-9.350247458318564641e-09
7.415415415415415623e+01,5.893547068814403653e-14,8.585134431764983183e-09,-8.585134431764983183e-09
7.423423423423423628e+01,5.276494483530006156e-14,7.881049628593870714e-09,-7.881049628593870714e-09
7.431431431431431633e+01,4.723100509190289499e-14,7.233258595854795156e-09,-7.233258595854795156e-09
7.439439439439439639e+01,4.226898836961845960e-14,6.637383148789795739e-09,-6.637383148789795739e-09
7.447447447447447644e+01,3.782069344011219320e-14,6.089375451643430565e-09,-6.089375451643430565e-09
7.455455455455455649e+01,3.383374625658129483e-14,5.585493914000966080e-09,-5.585493914000966080e-09
7.463463463463463654e+01,3.026102648006335503e-14,5.122280780871496790e-09,-5.122280780871496790e-09
7.471471471471471659e+01,2.706014942253187613e-14,4.696541302498991210e-09,-4.696541302498991210e-09
7.479479479479479664e+01,2.419299815480118773e-14,4.305324377185499610e-09,-4.305324377185499610e-09
7.487487487487487670e+01,2.162530101474894304e-14,3.945904567270174194e-09,-3.945904567270174194e-09
7.495495495495495675e+01,1.932625019460205950e-14,3.615765394852953421e-09,-3.615765394852953421e-09
7.503503503503503680e+01,1.726815748894797569e-14,3.312583829904556232e-09,-3.312583829904556232e-09
7.511511511511511685e+01,1.542614365130229455e-14,3.034215889086324404e-09,-3.034215889086324404e-09
7.519519519519519690e+01,1.377785813976088497e-14,2.778683268937661092e-09,-2.778683268937661092e-09
7.527527527527527695e+01,1.230322633447840439e-14,2.544160942093079708e-09,-2.544160942093079708e-09
7.535535535535535701e+01,1.098422158416937891e-14,2.328965649885308856e-09,-2.328965649885308856e-09
7.543543543543543706e+01,9.804659688017034337e-15,2.131545229093370960e-09,-2.131545229093370960e-09
7.551551551551551711e+01,8.750013645567388697e-15,1.950468714721450600e-09,-1.950468714721450600e-09
7.559559559559559716e+01,7.807246712459351777e-15,1.784417164562432015e-09,-1.784417164562432015e-09
7.567567567567567721e+01,6.964661986080556711e-15,1.632175154923899455e-09,-1.632175154923899455e-09
7.575575575575575726e+01,6.211766914173584705e-15,1.492622900289059149e-09,-1.492622900289059149e-09
7.583583583583583732e+01,5.539151272616850274e-15,1.364728952863546436e-09,-1.364728952863546436e-09
7.591591591591591737e+01,4.938377297500523492e-15,1.247543440934753834e-09,-1.247543440934753834e-09
7.599599599599599742e+01,4.401880782518750343e-15,1.140191807754966229e-09,-1.140191807754966229e-09
7.607607607607607747e+01,3.922882066792298267e-15,1.041869015265078814e-09,-1.041869015265078814e-09
7.615615615615615752e+01,3.495305941602832371e-15,9.518341794124755506e-10,-9.518341794124755506e-10
7.623623623623623757e+01,3.113709598149623344e-15,8.694056060952239038e-10,-8.694056060952239038e-10
7.631631631631631763e+01,2.773217823227259275e-15,7.939561988949051528e-10,-7.939561988949051528e-10
7.639639639639639768e+01,2.469464726486241985e-15,7.249092117508196129e-10,-7.249092117508196129e-10
7.647647647647647773e+01,2.198541352419707546e-15,6.617343215880930574e-10,-6.617343215880930574e-10
7.655655655655655778e+01,1.956948593096615735e-15,6.039439976492376073e-10,-6.039439976492376073e-10
7.663663663663663783e+01,1.741554874546510863e-15,5.510901459004719490e-10,-5.510901459004719490e-10
7.671671671671671788e+01,1.549558141153819335e-15,5.027610083982058756e-10,-5.027610083982058756e-10
7.679679679679679793e+01,1.378451708948768329e-15,4.585782989139109855e-10,-4.585782989139109855e-10
7.687687687687687799e+01,1.225993600747112583e-15,4.181945574337366967e-10,-4.181945574337366967e-10
7.695695695695695804e+01,1.090179014112620107e-15,3.812907073786945129e-10,-3.812907073786945129e-10
7.703703703703703809e+01,9.692156074748380997e-16,3.475738005375619241e-10,-3.475738005375619241e-10
7.711711711711711814e+01,8.615013207755309856e-16,3.167749357732910824e-10,-3.167749357732910824e-10
7.719719719719719819e+01,7.656044750544367658e-16,2.886473385595472893e-10,-2.886473385595472893e-10
7.727727727727727824e+01,6.802459207031381562e-16,2.629645893318384649e-10,-2.629645893318384649e-10
7.735735735735735830e+01,6.042830269731705617e-16,2.395189895018415548e-10,-2.395189895018415548e-10
7.743743743743743835e+01,5.366953259558331546e-16,2.181200547882181156e-10,-2.181200547882181156e-10
7.751751751751751840e+01,4.765716428682516808e-16,1.985931262662628129e-10,-1.985931262662628129e-10
7.759759759759759845e+01,4.230985612763247074e-16,1.807780902358612628e-10,-1.807780902358612628e-10
7.767767767767767850e+01,3.755500870347015798e-16,1.645281986558047190e-10,-1.645281986558047190e-10
7.775775775775775855e+01,3.332783883850193601e-16,1.497089824957958642e-10,-1.497089824957958642e-10
7.783783783783783861e+01,2.957055019698172334e-16,1.361972509184437673e-10,-1.361972509184437673e-10
7.791791791791791866e+01,2.623159056204491485e-16,1.238801697250613954e-10,-1.238801697250613954e-10
7.799799799799799871e+01,2.326498687807785104e-16,1.126544129837462642e-10,-1.126544129837462642e-10
7.807807807807807876e+01,2.062975004405923998e-16,1.024253822085477924e-10,-1.024253822085477924e-10
7.815815815815815881e+01,1.828934225700734294e-16,9.310648787683322431e-11,-9.310648787683322431e-11
7.823823823823823886e+01,1.621120043563587183e-16,8.461848846040356604e-11,-8.461848846040356604e-11
7.831831831831831892e+01,1.436630991240050053e-16,7.688888250654274344e-11,-7.688888250654274344e-11
7.839839839839839897e+01,1.272882317445077546e-16,6.985134963988889824e-11,-6.985134963988889824e-11
7.847847847847847902e+01,1.127571896701491476e-16,6.344523666659794733e-11,-6.344523666659794733e-11
7.855855855855855907e+01,9.986497552290927122e-17,5.761508525036489197e-11,-5.761508525036489197e-11
7.863863863863863912e+01,8.842908348232170261e-17,5.231019789705602481e-11,-5.231019789705602481e-11
7.871871871871871917e+01,7.828706559488772172e-17,4.748423923241923574e-11,-4.748423923241923574e-11
7.879879879879879923e+01,6.929435761468541656e-17,4.309486978695635372e-11,-4.309486978695635372e-11
7.887887887887887928e+01,6.132233711913109107e-17,3.910340971480757978e-11,-3.910340971480757978e-11
7.895895895895895933e+01,5.425658946037820955e-17,3.547453007061515429e-11,-3.547453007061515429e-11
7.903903903903903938e+01,4.799535964329626001e-17,3.217596945089123900e-11,-3.217596945089123900e-11
7.911911911911911943e+01,4.244817049381060208e-17,2.917827397545594383e-11,-2.917827397545594383e-11
7.919919919919919948e+01,3.753458952245191688e-17,2.645455874098459364e-11,-2.645455874098459364e-11
7.927927927927927954e+01,3.318312872036786498e-17,2.398028902351341956e-11,-2.398028902351341956e-11
7.935935935935935959e+01,2.933026316985083076e-17,2.173307964072834044e-11,-2.173307964072834044e-11
7.943943943943943964e+01,2.591955582741060323e-17,1.969251100878620648e-11,-1.969251100878620648e-11
7.951951951951951969e+01,2.290087716165815460e-17,1.783996054301045768e-11,-1.783996054301045768e-11
7.959959959959959974e+01,2.022970951605182210e-17,1.615844815774154763e-11,-1.615844815774154763e-11
7.967967967967967979e+01,1.786652713172993540e-17,1.463249471853658870e-11,-1.463249471853658870e-11
7.975975975975975985e+01,1.577624372064178249e-17,1.324799239038233441e-11,-1.324799239038233441e-11
7.983983983983983990e+01,1.392772033519166680e-17,1.199208590915945100e-11,-1.199208590915945100e-11
7.991991991991991995e+01,1.229332704771992777e-17,1.085306388077665016e-11,-1.085306388077665016e-11
8.000000000000000000e+01,1.084855264042937784e-17,9.820259283654170350e-12,-9.820259283654170350e-12
