epsilon,gamma_t,AGF
-1.000000000000000056e-01,9.999999999999999547e-07,9.982369125822628808e-01
-1.000000000000000056e-01,1.264855216855295881e-06,9.982366812331718853e-01
-1.000000000000000056e-01,1.599858719606057360e-06,9.982363908285816212e-01
-1.000000000000000056e-01,2.023589647725155726e-06,9.982360211686642781e-01
-1.000000000000000056e-01,2.559547922699533382e-06,9.982355552384656328e-01
-1.000000000000000056e-01,3.237457542817646685e-06,9.982349654378083192e-01
-1.000000000000000056e-01,4.094915062380427237e-06,9.982342213727687374e-01
-1.000000000000000056e-01,5.179474679231212330e-06,9.982332740825913264e-01
-1.000000000000000056e-01,6.551285568595509496e-06,9.982320814888820948e-01
-1.000000000000000056e-01,8.286427728546842542e-06,9.982305713722656737e-01
-1.000000000000000056e-01,1.048113134154685250e-05,9.982286625305972771e-01
-1.000000000000000056e-01,1.325711365590110898e-05,9.982262480873808075e-01
-1.000000000000000056e-01,1.676832936811009972e-05,9.982231915036553493e-01
-1.000000000000000056e-01,2.120950887920192640e-05,9.982193300556709836e-01
-1.000000000000000056e-01,2.682695795279727390e-05,9.982144397352001874e-01
-1.000000000000000056e-01,3.393221771895329857e-05,9.982082575467517982e-01
-1.000000000000000056e-01,4.291934260128778017e-05,9.982004378812557865e-01
-1.000000000000000056e-01,5.428675439323859403e-05,9.981905471370321470e-01
-1.000000000000000056e-01,6.866488450042998925e-05,9.981780353178557608e-01
-1.000000000000000056e-01,8.685113737513520580e-05,9.981622050389994394e-01
-1.000000000000000056e-01,1.098541141987558346e-04,9.981421948003635913e-01
-1.000000000000000056e-01,1.389495494373137348e-04,9.981168822150486841e-01
-1.000000000000000056e-01,1.757510624854793067e-04,9.980848693690265172e-01
-1.000000000000000056e-01,2.222996482526195465e-04,9.980443724592983346e-01
-1.000000000000000056e-01,2.811768697974231118e-04,9.979931532733117283e-01
-1.000000000000000056e-01,3.556480306223128661e-04,9.979283909952478826e-01
-1.000000000000000056e-01,4.498432668969443876e-04,9.978464753715899915e-01
-1.000000000000000056e-01,5.689866029018298636e-04,9.977428791942276609e-01
-1.000000000000000056e-01,7.196856730011521675e-04,9.976118788236928436e-01
-1.000000000000000056e-01,9.102981779915217267e-04,9.974462300491525601e-01
-1.000000000000000056e-01,1.151395399326448146e-03,9.972367846201336539e-01
-1.000000000000000056e-01,1.456348477501244378e-03,9.969719757247388348e-01
-1.000000000000000056e-01,1.842069969326716331e-03,9.966372282132438531e-01
-1.000000000000000056e-01,2.329951810515372077e-03,9.962141218346229898e-01
-1.000000000000000056e-01,2.947051702551809708e-03,9.956794366481289682e-01
-1.000000000000000056e-01,3.727593720314941773e-03,9.950039031874708950e-01
-1.000000000000000056e-01,4.714866363457394238e-03,9.941506985906073401e-01
-1.000000000000000056e-01,5.963623316594642357e-03,9.930734818649783469e-01
-1.000000000000000056e-01,7.543120063354623143e-03,9.917141046241054747e-01
-1.000000000000000056e-01,9.540954763499944619e-03,9.899997002088730680e-01
-1.000000000000000056e-01,1.206792640639328847e-02,9.878392126333375156e-01
-1.000000000000000056e-01,1.526417967175233356e-02,9.851192227069112128e-01
-1.000000000000000056e-01,1.930697728883249559e-02,9.816990165429229087e-01
-1.000000000000000056e-01,2.442053094548649744e-02,9.774049898664243230e-01
-1.000000000000000056e-01,3.088843596477484910e-02,9.720243709218649997e-01
-1.000000000000000056e-01,3.906939937054620948e-02,9.652986884776963983e-01
-1.000000000000000056e-01,4.941713361323837872e-02,9.569174988969387785e-01
-1.000000000000000056e-01,6.250551925273975518e-02,9.465135236910771077e-01
-1.000000000000000056e-01,7.906043210907701124e-02,9.336606821550869073e-01
-1.000000000000000056e-01,1.000000000000000056e-01,9.178778200854531555e-01
-9.591836734693878763e-02,9.999999999999999547e-07,9.984597716794408884e-01
-9.591836734693878763e-02,1.264855216855295881e-06,9.984595446811647124e-01
-9.591836734693878763e-02,1.599858719606057360e-06,9.984592543545636190e-01
-9.591836734693878763e-02,2.023589647725155726e-06,9.984588838684973489e-01
-9.591836734693878763e-02,2.559547922699533382e-06,9.984584204029028909e-01
-9.591836734693878763e-02,3.237457542817646685e-06,9.984578285498919570e-01
-9.591836734693878763e-02,4.094915062380427237e-06,9.984570820407860925e-01
-9.591836734693878763e-02,5.179474679231212330e-06,9.984561351812986096e-01
-9.591836734693878763e-02,6.551285568595509496e-06,9.984549455901506887e-01
-9.591836734693878763e-02,8.286427728546842542e-06,9.984534344581530441e-01
-9.591836734693878763e-02,1.048113134154685250e-05,9.984515248973754309e-01
-9.591836734693878763e-02,1.325711365590110898e-05,9.984491069003555985e-01
-9.591836734693878763e-02,1.676832936811009972e-05,9.984460513472793730e-01
-9.591836734693878763e-02,2.120950887920192640e-05,9.984421848193089088e-01
-9.591836734693878763e-02,2.682695795279727390e-05,9.984372986111996751e-01
-9.591836734693878763e-02,3.393221771895329857e-05,9.984311166724050279e-01
-9.591836734693878763e-02,4.291934260128778017e-05,9.984232923587105235e-01
-9.591836734693878763e-02,5.428675439323859403e-05,9.984134023625382826e-01
-9.591836734693878763e-02,6.866488450042998925e-05,9.984008918122391218e-01
-9.591836734693878763e-02,8.685113737513520580e-05,9.983850670635833202e-01
-9.591836734693878763e-02,1.098541141987558346e-04,9.983650501469957250e-01
-9.591836734693878763e-02,1.389495494373137348e-04,9.983397287479418569e-01
-9.591836734693878763e-02,1.757510624854793067e-04,9.983077161624840379e-01
-9.591836734693878763e-02,2.222996482526195465e-04,9.982672187004524300e-01
-9.591836734693878763e-02,2.811768697974231118e-04,9.982159987710538251e-01
-9.591836734693878763e-02,3.556480306223128661e-04,9.981512228926976427e-01
-9.591836734693878763e-02,4.498432668969443876e-04,9.980693028863965033e-01
-9.591836734693878763e-02,5.689866029018298636e-04,9.979657019290714137e-01
-9.591836734693878763e-02,7.196856730011521675e-04,9.978346909283363209e-01
-9.591836734693878763e-02,9.102981779915217267e-04,9.976690257448111998e-01
-9.591836734693878763e-02,1.151395399326448146e-03,9.974595602182811938e-01
-9.591836734693878763e-02,1.456348477501244378e-03,9.971947352086258931e-01
-9.591836734693878763e-02,1.842069969326716331e-03,9.968599610484095708e-01
-9.591836734693878763e-02,2.329951810515372077e-03,9.964368138713944889e-01
-9.591836734693878763e-02,2.947051702551809708e-03,9.959020879795680292e-01
-9.591836734693878763e-02,3.727593720314941773e-03,9.952264966003570024e-01
-9.591836734693878763e-02,4.714866363457394238e-03,9.943732251250007037e-01
-9.591836734693878763e-02,5.963623316594642357e-03,9.932959185645239275e-01
-9.591836734693878763e-02,7.543120063354623143e-03,9.919364244403852116e-01
-9.591836734693878763e-02,9.540954763499944619e-03,9.902218857146745101e-01
-9.591836734693878763e-02,1.206792640639328847e-02,9.880612194426562356e-01
-9.591836734693878763e-02,1.526417967175233356e-02,9.853410152030900315e-01
-9.591836734693878763e-02,1.930697728883249559e-02,9.819205422261356730e-01
-9.591836734693878763e-02,2.442053094548649744e-02,9.776261910591930171e-01
-9.591836734693878763e-02,3.088843596477484910e-02,9.722451620897243352e-01
-9.591836734693878763e-02,3.906939937054620948e-02,9.655189883523972449e-01
-9.591836734693878763e-02,4.941713361323837872e-02,9.571372122905533741e-01
-9.591836734693878763e-02,6.250551925273975518e-02,9.467325351630754282e-01
-9.591836734693878763e-02,7.906043210907701124e-02,9.338788807807213432e-01
-9.591836734693878763e-02,1.000000000000000056e-01,9.180950978134815310e-01
-9.183673469387755584e-02,9.999999999999999547e-07,9.986546164046555818e-01
-9.183673469387755584e-02,1.264855216855295881e-06,9.986543826225896536e-01
-9.183673469387755584e-02,1.599858719606057360e-06,9.986540952195746002e-01
-9.183673469387755584e-02,2.023589647725155726e-06,9.986537244835540506e-01
-9.183673469387755584e-02,2.559547922699533382e-06,9.986532587191107035e-01
-9.183673469387755584e-02,3.237457542817646685e-06,9.986526683515529745e-01
-9.183673469387755584e-02,4.094915062380427237e-06,9.986519239464561881e-01
-9.183673469387755584e-02,5.179474679231212330e-06,9.986509778688312799e-01
-9.183673469387755584e-02,6.551285568595509496e-06,9.986497792353855596e-01
-9.183673469387755584e-02,8.286427728546842542e-06,9.986482676845211959e-01
-9.183673469387755584e-02,1.048113134154685250e-05,9.986463621929402290e-01
-9.183673469387755584e-02,1.325711365590110898e-05,9.986439479801927366e-01
-9.183673469387755584e-02,1.676832936811009972e-05,9.986408927545743497e-01
-9.183673469387755584e-02,2.120950887920192640e-05,9.986370202110599337e-01
-9.183673469387755584e-02,2.682695795279727390e-05,9.986321340297998894e-01
-9.183673469387755584e-02,3.393221771895329857e-05,9.986259493698522727e-01
-9.183673469387755584e-02,4.291934260128778017e-05,9.986181258727663268e-01
-9.183673469387755584e-02,5.428675439323859403e-05,9.986082403698384180e-01
-9.183673469387755584e-02,6.866488450042998925e-05,9.985957294415150898e-01
-9.183673469387755584e-02,8.685113737513520580e-05,9.985799018828021012e-01
-9.183673469387755584e-02,1.098541141987558346e-04,9.985598852249937263e-01
-9.183673469387755584e-02,1.389495494373137348e-04,9.985345696438271412e-01
-9.183673469387755584e-02,1.757510624854793067e-04,9.985025513332012048e-01
-9.183673469387755584e-02,2.222996482526195465e-04,9.984620553284209166e-01
-9.183673469387755584e-02,2.811768697974231118e-04,9.984108295723679305e-01
-9.183673469387755584e-02,3.556480306223128661e-04,9.983460561118384646e-01
-9.183673469387755584e-02,4.498432668969443876e-04,9.982641374796081823e-01
-9.183673469387755584e-02,5.689866029018298636e-04,9.981605326763505204e-01
-9.183673469387755584e-02,7.196856730011521675e-04,9.980295170405463212e-01
-9.183673469387755584e-02,9.102981779915217267e-04,9.978638576560081574e-01
-9.183673469387755584e-02,1.151395399326448146e-03,9.976543888783723224e-01
-9.183673469387755584e-02,1.456348477501244378e-03,9.973895543625523885e-01
-9.183673469387755584e-02,1.842069969326716331e-03,9.970547777464223715e-01
-9.183673469387755584e-02,2.329951810515372077e-03,9.966316280208451506e-01
-9.183673469387755584e-02,2.947051702551809708e-03,9.960968971689464491e-01
-9.183673469387755584e-02,3.727593720314941773e-03,9.954213037801671327e-01
-9.183673469387755584e-02,4.714866363457394238e-03,9.945680196610144908e-01
-9.183673469387755584e-02,5.963623316594642357e-03,9.934906994022647542e-01
-9.183673469387755584e-02,7.543120063354623143e-03,9.921311948196002151e-01
-9.183673469387755584e-02,9.540954763499944619e-03,9.904166323113627879e-01
-9.183673469387755584e-02,1.206792640639328847e-02,9.882559499990292151e-01
-9.183673469387755584e-02,1.526417967175233356e-02,9.855357124900840926e-01
-9.183673469387755584e-02,1.930697728883249559e-02,9.821152044731392694e-01
-9.183673469387755584e-02,2.442053094548649744e-02,9.778207995618246606e-01
-9.183673469387755584e-02,3.088843596477484910e-02,9.724397150284026514e-01
-9.183673469387755584e-02,3.906939937054620948e-02,9.657134580867878793e-01
-9.183673469387755584e-02,4.941713361323837872e-02,9.573315848019465779e-01
-9.183673469387755584e-02,6.250551925273975518e-02,9.469267727412505886e-01
-9.183673469387755584e-02,7.906043210907701124e-02,9.340729576766882980e-01
-9.183673469387755584e-02,1.000000000000000056e-01,9.182889418248635360e-01
-8.775510204081632404e-02,9.999999999999999547e-07,9.988246406655904019e-01
-8.775510204081632404e-02,1.264855216855295881e-06,9.988244087669919669e-01
-8.775510204081632404e-02,1.599858719606057360e-06,9.988241163278409607e-01
-8.775510204081632404e-02,2.023589647725155726e-06,9.988237459619817571e-01
-8.775510204081632404e-02,2.559547922699533382e-06,9.988232875043736581e-01
-8.775510204081632404e-02,3.237457542817646685e-06,9.988226904707800946e-01
-8.775510204081632404e-02,4.094915062380427237e-06,9.988219423328250635e-01
-8.775510204081632404e-02,5.179474679231212330e-06,9.988210009495988029e-01
-8.775510204081632404e-02,6.551285568595509496e-06,9.988198048695047238e-01
-8.775510204081632404e-02,8.286427728546842542e-06,9.988183008693610754e-01
-8.775510204081632404e-02,1.048113134154685250e-05,9.988163886074360454e-01
-8.775510204081632404e-02,1.325711365590110898e-05,9.988139729469238670e-01
-8.775510204081632404e-02,1.676832936811009972e-05,9.988109178954289735e-01
-8.775510204081632404e-02,2.120950887920192640e-05,9.988070530557446869e-01
-8.775510204081632404e-02,2.682695795279727390e-05,9.988021636872826958e-01
-8.775510204081632404e-02,3.393221771895329857e-05,9.987959778228089336e-01
-8.775510204081632404e-02,4.291934260128778017e-05,9.987881599808217103e-01
-8.775510204081632404e-02,5.428675439323859403e-05,9.987782651204516471e-01
-8.775510204081632404e-02,6.866488450042998925e-05,9.987657543970956953e-01
-8.775510204081632404e-02,8.685113737513520580e-05,9.987499321095016924e-01
-8.775510204081632404e-02,1.098541141987558346e-04,9.987299171036461143e-01
-8.775510204081632404e-02,1.389495494373137348e-04,9.987046043417143748e-01
-8.775510204081632404e-02,1.757510624854793067e-04,9.986725833024060472e-01
-8.775510204081632404e-02,2.222996482526195465e-04,9.986320910423823749e-01
-8.775510204081632404e-02,2.811768697974231118e-04,9.985808712448150937e-01
-8.775510204081632404e-02,3.556480306223128661e-04,9.985160996083236595e-01
-8.775510204081632404e-02,4.498432668969443876e-04,9.984341789485969842e-01
-8.775510204081632404e-02,5.689866029018298636e-04,9.983305826173540787e-01
-8.775510204081632404e-02,7.196856730011521675e-04,9.981995799672921388e-01
-8.775510204081632404e-02,9.102981779915217267e-04,9.980339190941647232e-01
-8.775510204081632404e-02,1.151395399326448146e-03,9.978244631555004407e-01
-8.775510204081632404e-02,1.456348477501244378e-03,9.975596452770194578e-01
-8.775510204081632404e-02,1.842069969326716331e-03,9.972248821737830227e-01
-8.775510204081632404e-02,2.329951810515372077e-03,9.968017516426996849e-01
-8.775510204081632404e-02,2.947051702551809708e-03,9.962670452561205314e-01
-8.775510204081632404e-02,3.727593720314941773e-03,9.955914837334104428e-01
-8.775510204081632404e-02,4.714866363457394238e-03,9.947382366758388272e-01
-8.775510204081632404e-02,5.963623316594642357e-03,9.936609671315553838e-01
-8.775510204081632404e-02,7.543120063354623143e-03,9.923015253350045972e-01
-8.775510204081632404e-02,9.540954763499944619e-03,9.905870413481426828e-01
-8.775510204081632404e-02,1.206792640639328847e-02,9.884264473705728360e-01
-8.775510204081632404e-02,1.526417967175233356e-02,9.857063252329163472e-01
-8.775510204081632404e-02,1.930697728883249559e-02,9.822859671061040521e-01
-8.775510204081632404e-02,2.442053094548649744e-02,9.779917300114288059e-01
-8.775510204081632404e-02,3.088843596477484910e-02,9.726108509918210965e-01
-8.775510204081632404e-02,3.906939937054620948e-02,9.658848361482214040e-01
-8.775510204081632404e-02,4.941713361323837872e-02,9.575032300956491937e-01
-8.775510204081632404e-02,6.250551925273975518e-02,9.470987099072616378e-01
-8.775510204081632404e-02,7.906043210907701124e-02,9.342451725924663108e-01
-8.775510204081632404e-02,1.000000000000000056e-01,9.184613933270330266e-01
-8.367346938775510612e-02,9.999999999999999547e-07,9.989727631232239169e-01
-8.367346938775510612e-02,1.264855216855295881e-06,9.989725324375930970e-01
-8.367346938775510612e-02,1.599858719606057360e-06,9.989722423748957914e-01
-8.367346938775510612e-02,2.023589647725155726e-06,9.989718741744481045e-01
-8.367346938775510612e-02,2.559547922699533382e-06,9.989714061514007870e-01
-8.367346938775510612e-02,3.237457542817646685e-06,9.989708177867653305e-01
-8.367346938775510612e-02,4.094915062380427237e-06,9.989700684750257853e-01
-8.367346938775510612e-02,5.179474679231212330e-06,9.989691297698114480e-01
-8.367346938775510612e-02,6.551285568595509496e-06,9.989679361851239170e-01
-8.367346938775510612e-02,8.286427728546842542e-06,9.989664244880800403e-01
-8.367346938775510612e-02,1.048113134154685250e-05,9.989645133007991618e-01
-8.367346938775510612e-02,1.325711365590110898e-05,9.989620984335997322e-01
-8.367346938775510612e-02,1.676832936811009972e-05,9.989590431502186618e-01
-8.367346938775510612e-02,2.120950887920192640e-05,9.989551800830085426e-01
-8.367346938775510612e-02,2.682695795279727390e-05,9.989502921729426221e-01
-8.367346938775510612e-02,3.393221771895329857e-05,9.989441166406186623e-01
-8.367346938775510612e-02,4.291934260128778017e-05,9.989362915626698314e-01
-8.367346938775510612e-02,5.428675439323859403e-05,9.989263989370065211e-01
-8.367346938775510612e-02,6.866488450042998925e-05,9.989138864223747749e-01
-8.367346938775510612e-02,8.685113737513520580e-05,9.988980671161716840e-01
-8.367346938775510612e-02,1.098541141987558346e-04,9.988780509873300684e-01
-8.367346938775510612e-02,1.389495494373137348e-04,9.988527371465049098e-01
-8.367346938775510612e-02,1.757510624854793067e-04,9.988207259854253728e-01
-8.367346938775510612e-02,2.222996482526195465e-04,9.987802320955058155e-01
-8.367346938775510612e-02,2.811768697974231118e-04,9.987290227168236223e-01
-8.367346938775510612e-02,3.556480306223128661e-04,9.986642562922832811e-01
-8.367346938775510612e-02,4.498432668969443876e-04,9.985823423171338309e-01
-8.367346938775510612e-02,5.689866029018298636e-04,9.984787555592375963e-01
-8.367346938775510612e-02,7.196856730011521675e-04,9.983477607337601922e-01
-8.367346938775510612e-02,9.102981779915217267e-04,9.981821168229465524e-01
-8.367346938775510612e-02,1.151395399326448146e-03,9.979726784578784038e-01
-8.367346938775510612e-02,1.456348477501244378e-03,9.977078852163023814e-01
-8.367346938775510612e-02,1.842069969326716331e-03,9.973731525894181660e-01
-8.367346938775510612e-02,2.329951810515372077e-03,9.969500630474804614e-01
-8.367346938775510612e-02,2.947051702551809708e-03,9.964153994832121164e-01
-8.367346938775510612e-02,3.727593720314941773e-03,9.957398998873044915e-01
-8.367346938775510612e-02,4.714866363457394238e-03,9.948867264897200968e-01
-8.367346938775510612e-02,5.963623316594642357e-03,9.938095502483025312e-01
-8.367346938775510612e-02,7.543120063354623143e-03,9.924502255351054236e-01
-8.367346938775510612e-02,9.540954763499944619e-03,9.907358897260161168e-01
-8.367346938775510612e-02,1.206792640639328847e-02,9.885754830772719437e-01
-8.367346938775510612e-02,1.526417967175233356e-02,9.858555839226198492e-01
-8.367346938775510612e-02,1.930697728883249559e-02,9.824354898991942697e-01
-8.367346938775510612e-02,2.442053094548649744e-02,9.781415880791546336e-01
-8.367346938775510612e-02,3.088843596477484910e-02,9.727611066087824554e-01
-8.367346938775510612e-02,3.906939937054620948e-02,9.660355499913013677e-01
-8.367346938775510612e-02,4.941713361323837872e-02,9.576544638017208122e-01
-8.367346938775510612e-02,6.250551925273975518e-02,9.472505097533663321e-01
-8.367346938775510612e-02,7.906043210907701124e-02,9.343975450655176429e-01
-8.367346938775510612e-02,1.000000000000000056e-01,9.186142599017678156e-01
-7.959183673469388820e-02,9.999999999999999547e-07,9.991015744754149219e-01
-7.959183673469388820e-02,1.264855216855295881e-06,9.991013401330011146e-01
-7.959183673469388820e-02,1.599858719606057360e-06,9.991010522623988699e-01
-7.959183673469388820e-02,2.023589647725155726e-06,9.991006821296637419e-01
-7.959183673469388820e-02,2.559547922699533382e-06,9.991002173926790686e-01
-7.959183673469388820e-02,3.237457542817646685e-06,9.990996254731964177e-01
-7.959183673469388820e-02,4.094915062380427237e-06,9.990988768149466903e-01
-7.959183673469388820e-02,5.179474679231212330e-06,9.990979343633199505e-01
-7.959183673469388820e-02,6.551285568595509496e-06,9.990967441000233595e-01
-7.959183673469388820e-02,8.286427728546842542e-06,9.990952345267792856e-01
-7.959183673469388820e-02,1.048113134154685250e-05,9.990933253476609321e-01
-7.959183673469388820e-02,1.325711365590110898e-05,9.990909140966256485e-01
-7.959183673469388820e-02,1.676832936811009972e-05,9.990878552404693913e-01
-7.959183673469388820e-02,2.120950887920192640e-05,9.990839892634609809e-01
-7.959183673469388820e-02,2.682695795279727390e-05,9.990791013412489985e-01
-7.959183673469388820e-02,3.393221771895329857e-05,9.990729213685497490e-01
-7.959183673469388820e-02,4.291934260128778017e-05,9.990651027580554899e-01
-7.959183673469388820e-02,5.428675439323859403e-05,9.990552104078145312e-01
-7.959183673469388820e-02,6.866488450042998925e-05,9.990427020344998521e-01
-7.959183673469388820e-02,8.685113737513520580e-05,9.990268870236382881e-01
-7.959183673469388820e-02,1.098541141987558346e-04,9.990068726073004779e-01
-7.959183673469388820e-02,1.389495494373137348e-04,9.989815648126474379e-01
-7.959183673469388820e-02,1.757510624854793067e-04,9.989495527808486264e-01
-7.959183673469388820e-02,2.222996482526195465e-04,9.989090617068369093e-01
-7.959183673469388820e-02,2.811768697974231118e-04,9.988578583473717298e-01
-7.959183673469388820e-02,3.556480306223128661e-04,9.987931007958892327e-01
-7.959183673469388820e-02,4.498432668969443876e-04,9.987111966471746705e-01
-7.959183673469388820e-02,5.689866029018298636e-04,9.986076230255310771e-01
-7.959183673469388820e-02,7.196856730011521675e-04,9.984766425498460274e-01
-7.959183673469388820e-02,9.102981779915217267e-04,9.983110216994702801e-01
-7.959183673469388820e-02,1.151395399326448146e-03,9.981016061752353563e-01
-7.959183673469388820e-02,1.456348477501244378e-03,9.978368440175721110e-01
-7.959183673469388820e-02,1.842069969326716331e-03,9.975021494547625656e-01
-7.959183673469388820e-02,2.329951810515372077e-03,9.970791091753059554e-01
-7.959183673469388820e-02,2.947051702551809708e-03,9.965445064376794448e-01
-7.959183673469388820e-02,3.727593720314941773e-03,9.958690862994821202e-01
-7.959183673469388820e-02,4.714866363457394238e-03,9.950160136136144695e-01
-7.959183673469388820e-02,5.963623316594642357e-03,9.939389623457504097e-01
-7.959183673469388820e-02,7.543120063354623143e-03,9.925797926074045874e-01
-7.959183673469388820e-02,9.540954763499944619e-03,9.908656421888405452e-01
-7.959183673469388820e-02,1.206792640639328847e-02,9.887054743554543057e-01
-7.959183673469388820e-02,1.526417967175233356e-02,9.859858676150901058e-01
-7.959183673469388820e-02,1.930697728883249559e-02,9.825661319637798430e-01
-7.959183673469388820e-02,2.442053094548649744e-02,9.782726622892669033e-01
-7.959183673469388820e-02,3.088843596477484910e-02,9.728926850902851475e-01
-7.959183673469388820e-02,3.906939937054620948e-02,9.661677239583204013e-01
-7.959183673469388820e-02,4.941713361323837872e-02,9.577873151474860514e-01
-7.959183673469388820e-02,6.250551925273975518e-02,9.473840835182517628e-01
-7.959183673469388820e-02,7.906043210907701124e-02,9.345318419090986595e-01
-7.959183673469388820e-02,1.000000000000000056e-01,9.187491715311120188e-01
-7.551020408163265640e-02,9.999999999999999547e-07,9.992133182496482080e-01
-7.551020408163265640e-02,1.264855216855295881e-06,9.992130928500201348e-01
-7.551020408163265640e-02,1.599858719606057360e-06,9.992127982120299068e-01
-7.551020408163265640e-02,2.023589647725155726e-06,9.992124318230696245e-01
-7.551020408163265640e-02,2.559547922699533382e-06,9.992119590810575325e-01
-7.551020408163265640e-02,3.237457542817646685e-06,9.992113751913511699e-01
-7.551020408163265640e-02,4.094915062380427237e-06,9.992106291634021975e-01
-7.551020408163265640e-02,5.179474679231212330e-06,9.992096835452755066e-01
-7.551020408163265640e-02,6.551285568595509496e-06,9.992084934075384783e-01
-7.551020408163265640e-02,8.286427728546842542e-06,9.992069811162999082e-01
-7.551020408163265640e-02,1.048113134154685250e-05,9.992050748503967794e-01
-7.551020408163265640e-02,1.325711365590110898e-05,9.992026568933336517e-01
-7.551020408163265640e-02,1.676832936811009972e-05,9.991996046456154135e-01
-7.551020408163265640e-02,2.120950887920192640e-05,9.991957411145382384e-01
-7.551020408163265640e-02,2.682695795279727390e-05,9.991908512565741418e-01
-7.551020408163265640e-02,3.393221771895329857e-05,9.991846745930432760e-01
-7.551020408163265640e-02,4.291934260128778017e-05,9.991768554380001666e-01
-7.551020408163265640e-02,5.428675439323859403e-05,9.991669663627176234e-01
-7.551020408163265640e-02,6.866488450042998925e-05,9.991544580803648490e-01
-7.551020408163265640e-02,8.685113737513520580e-05,9.991386437018640043e-01
-7.551020408163265640e-02,1.098541141987558346e-04,9.991186337153495911e-01
-7.551020408163265640e-02,1.389495494373137348e-04,9.990933271825243045e-01
-7.551020408163265640e-02,1.757510624854793067e-04,9.990613243179693459e-01
-7.551020408163265640e-02,2.222996482526195465e-04,9.990208392486740197e-01
-7.551020408163265640e-02,2.811768697974231118e-04,9.989696398799915444e-01
-7.551020408163265640e-02,3.556480306223128661e-04,9.989048869477764603e-01
-7.551020408163265640e-02,4.498432668969443876e-04,9.988229992914989808e-01
-7.551020408163265640e-02,5.689866029018298636e-04,9.987194338565563712e-01
-7.551020408163265640e-02,7.196856730011521675e-04,9.985884735034702420e-01
-7.551020408163265640e-02,9.102981779915217267e-04,9.984228736991991315e-01
-7.551020408163265640e-02,1.151395399326448146e-03,9.982134850609922783e-01
-7.551020408163265640e-02,1.456348477501244378e-03,9.979487595620755158e-01
-7.551020408163265640e-02,1.842069969326716331e-03,9.976141097209353381e-01
-7.551020408163265640e-02,2.329951810515372077e-03,9.971911248820148899e-01
-7.551020408163265640e-02,2.947051702551809708e-03,9.966565936333422471e-01
-7.551020408163265640e-02,3.727593720314941773e-03,9.959812610879136274e-01
-7.551020408163265640e-02,4.714866363457394238e-03,9.951282961816843020e-01
-7.551020408163265640e-02,5.963623316594642357e-03,9.940513849462646601e-01
-7.551020408163265640e-02,7.543120063354623143e-03,9.926923842866972603e-01
-7.551020408163265640e-02,9.540954763499944619e-03,9.909784529508542938e-01
-7.551020408163265640e-02,1.206792640639328847e-02,9.888185490399989952e-01
-7.551020408163265640e-02,1.526417967175233356e-02,9.860992674955970649e-01
-7.551020408163265640e-02,1.930697728883249559e-02,9.826799284787984812e-01
-7.551020408163265640e-02,2.442053094548649744e-02,9.783869339165854884e-01
-7.551020408163265640e-02,3.088843596477484910e-02,9.730075255820027635e-01
-7.551020408163265640e-02,3.906939937054620948e-02,9.662832199518999188e-01
-7.551020408163265640e-02,4.941713361323837872e-02,9.579035455942868094e-01
-7.551020408163265640e-02,6.250551925273975518e-02,9.475010990740233563e-01
-7.551020408163265640e-02,7.906043210907701124e-02,9.346496218829283276e-01
-7.551020408163265640e-02,1.000000000000000056e-01,9.188675674772723845e-01
-7.142857142857142461e-02,9.999999999999999547e-07,9.993099613749795163e-01
-7.142857142857142461e-02,1.264855216855295881e-06,9.993097363715774950e-01
-7.142857142857142461e-02,1.599858719606057360e-06,9.993094411442217107e-01
-7.142857142857142461e-02,2.023589647725155726e-06,9.993090732811019672e-01
-7.142857142857142461e-02,2.559547922699533382e-06,9.993086089482996481e-01
-7.142857142857142461e-02,3.237457542817646685e-06,9.993080176855571040e-01
-7.142857142857142461e-02,4.094915062380427237e-06,9.993072730804475334e-01
-7.142857142857142461e-02,5.179474679231212330e-06,9.993063286939768419e-01
-7.142857142857142461e-02,6.551285568595509496e-06,9.993051343208990689e-01
-7.142857142857142461e-02,8.286427728546842542e-06,9.993036286651342248e-01
-7.142857142857142461e-02,1.048113134154685250e-05,9.993017151358282169e-01
-7.142857142857142461e-02,1.325711365590110898e-05,9.992993025409003804e-01
-7.142857142857142461e-02,1.676832936811009972e-05,9.992962485283064522e-01
-7.142857142857142461e-02,2.120950887920192640e-05,9.992923851157926585e-01
-7.142857142857142461e-02,2.682695795279727390e-05,9.992875000386335360e-01
-7.142857142857142461e-02,3.393221771895329857e-05,9.992813198242062045e-01
-7.142857142857142461e-02,4.291934260128778017e-05,9.992735038029695316e-01
-7.142857142857142461e-02,5.428675439323859403e-05,9.992636182949662382e-01
-7.142857142857142461e-02,6.866488450042998925e-05,9.992511113520664567e-01
-7.142857142857142461e-02,8.685113737513520580e-05,9.992352942388363912e-01
-7.142857142857142461e-02,1.098541141987558346e-04,9.992152877048071646e-01
-7.142857142857142461e-02,1.389495494373137348e-04,9.991899862030929613e-01
-7.142857142857142461e-02,1.757510624854793067e-04,9.991579853302637870e-01
-7.142857142857142461e-02,2.222996482526195465e-04,9.991175063268429302e-01
-7.142857142857142461e-02,2.811768697974231118e-04,9.990663148704824748e-01
-7.142857142857142461e-02,3.556480306223128661e-04,9.990015716692235426e-01
-7.142857142857142461e-02,4.498432668969443876e-04,9.989196944438384351e-01
-7.142857142857142461e-02,5.689866029018298636e-04,9.988161442049539041e-01
-7.142857142857142461e-02,7.196856730011521675e-04,9.986852019922407564e-01
-7.142857142857142461e-02,9.102981779915217267e-04,9.985196239861339196e-01
-7.142857142857142461e-02,1.151395399326448146e-03,9.983102656261323427e-01
-7.142857142857142461e-02,1.456348477501244378e-03,9.980455751628141137e-01
-7.142857142857142461e-02,1.842069969326716331e-03,9.977109676302338137e-01
-7.142857142857142461e-02,2.329951810515372077e-03,9.972880412603246647e-01
-7.142857142857142461e-02,2.947051702551809708e-03,9.967535811856468309e-01
-7.142857142857142461e-02,3.727593720314941773e-03,9.960783385270898238e-01
-7.142857142857142461e-02,4.714866363457394238e-03,9.952254862333582697e-01
-7.142857142857142461e-02,5.963623316594642357e-03,9.941487140681327661e-01
-7.142857142857142461e-02,7.543120063354623143e-03,9.927898904015780568e-01
-7.142857142857142461e-02,9.540954763499944619e-03,9.910761768900687718e-01
-7.142857142857142461e-02,1.206792640639328847e-02,9.889165404902349188e-01
-7.142857142857142461e-02,1.526417967175233356e-02,9.861975888392118250e-01
-7.142857142857142461e-02,1.930697728883249559e-02,9.827786489830444561e-01
-7.142857142857142461e-02,2.442053094548649744e-02,9.784861382903846660e-01
-7.142857142857142461e-02,3.088843596477484910e-02,9.731072977114968436e-01
-7.142857142857142461e-02,3.906939937054620948e-02,9.663836491848131205e-01
-7.142857142857142461e-02,4.941713361323837872e-02,9.580047022857189898e-01
-7.142857142857142461e-02,6.250551925273975518e-02,9.476030213085553378e-01
-7.142857142857142461e-02,7.906043210907701124e-02,9.347522677237161126e-01
-7.142857142857142461e-02,1.000000000000000056e-01,9.189707588978118791e-01
-6.734693877551020669e-02,9.999999999999999547e-07,9.993931891767402487e-01
-6.734693877551020669e-02,1.264855216855295881e-06,9.993929596894155498e-01
-6.734693877551020669e-02,1.599858719606057360e-06,9.993926664484359401e-01
-6.734693877551020669e-02,2.023589647725155726e-06,9.993922987449193052e-01
-6.734693877551020669e-02,2.559547922699533382e-06,9.993918335932527874e-01
-6.734693877551020669e-02,3.237457542817646685e-06,9.993912441358101528e-01
-6.734693877551020669e-02,4.094915062380427237e-06,9.993904975558877135e-01
-6.734693877551020669e-02,5.179474679231212330e-06,9.993895562185158843e-01
-6.734693877551020669e-02,6.551285568595509496e-06,9.993883597636341598e-01
-6.734693877551020669e-02,8.286427728546842542e-06,9.993868553065035076e-01
-6.734693877551020669e-02,1.048113134154685250e-05,9.993849429314145549e-01
-6.734693877551020669e-02,1.325711365590110898e-05,9.993825302116671194e-01
-6.734693877551020669e-02,1.676832936811009972e-05,9.993794735448223721e-01
-6.734693877551020669e-02,2.120950887920192640e-05,9.993756146694405817e-01
-6.734693877551020669e-02,2.682695795279727390e-05,9.993707263154445464e-01
-6.734693877551020669e-02,3.393221771895329857e-05,9.993645482949645720e-01
-6.734693877551020669e-02,4.291934260128778017e-05,9.993567354198584773e-01
-6.734693877551020669e-02,5.428675439323859403e-05,9.993468463704018312e-01
-6.734693877551020669e-02,6.866488450042998925e-05,9.993343449224727504e-01
-6.734693877551020669e-02,8.685113737513520580e-05,9.993185297318387672e-01
-6.734693877551020669e-02,1.098541141987558346e-04,9.992985269036406271e-01
-6.734693877551020669e-02,1.389495494373137348e-04,9.992732294390921366e-01
-6.734693877551020669e-02,1.757510624854793067e-04,9.992412267851313867e-01
-6.734693877551020669e-02,2.222996482526195465e-04,9.992007599905881055e-01
-6.734693877551020669e-02,2.811768697974231118e-04,9.991495741917969520e-01
-6.734693877551020669e-02,3.556480306223128661e-04,9.990848375464039810e-01
-6.734693877551020669e-02,4.498432668969443876e-04,9.990029708987071544e-01
-6.734693877551020669e-02,5.689866029018298636e-04,9.988994349368794934e-01
-6.734693877551020669e-02,7.196856730011521675e-04,9.987685096993438316e-01
-6.734693877551020669e-02,9.102981779915217267e-04,9.986029547775119308e-01
-6.734693877551020669e-02,1.151395399326448146e-03,9.983936195076589248e-01
-6.734693877551020669e-02,1.456348477501244378e-03,9.981289622619462509e-01
-6.734693877551020669e-02,1.842069969326716331e-03,9.977943987844283269e-01
-6.734693877551020669e-02,2.329951810515372077e-03,9.973715267401763729e-01
-6.734693877551020669e-02,2.947051702551809708e-03,9.968371311079784469e-01
-6.734693877551020669e-02,3.727593720314941773e-03,9.961619739651688121e-01
-6.734693877551020669e-02,4.714866363457394238e-03,9.953092288025786605e-01
-6.734693877551020669e-02,5.963623316594642357e-03,9.942325892445812441e-01
-6.734693877551020669e-02,7.543120063354623143e-03,9.928739334131987393e-01
-6.734693877551020669e-02,9.540954763499944619e-03,9.911604223323031704e-01
-6.734693877551020669e-02,1.206792640639328847e-02,9.890010387918047874e-01
-6.734693877551020669e-02,1.526417967175233356e-02,9.862823992183150645e-01
-6.734693877551020669e-02,1.930697728883249559e-02,9.828638351781845417e-01
-6.734693877551020669e-02,2.442053094548649744e-02,9.785717764371174576e-01
-6.734693877551020669e-02,3.088843596477484910e-02,9.731934628658875930e-01
-6.734693877551020669e-02,3.906939937054620948e-02,9.664704211856011140e-01
-6.734693877551020669e-02,4.941713361323837872e-02,9.580921433314054658e-01
-6.734693877551020669e-02,6.250551925273975518e-02,9.476911546214613624e-01
-6.734693877551020669e-02,7.906043210907701124e-02,9.348410407595725280e-01
-6.734693877551020669e-02,1.000000000000000056e-01,9.190599782218811242e-01
-6.326530612244898877e-02,9.999999999999999547e-07,9.994644642100000143e-01
-6.326530612244898877e-02,1.264855216855295881e-06,9.994642334276865325e-01
-6.326530612244898877e-02,1.599858719606057360e-06,9.994639398497550120e-01
-6.326530612244898877e-02,2.023589647725155726e-06,9.994635739735389102e-01
-6.326530612244898877e-02,2.559547922699533382e-06,9.994631064842710577e-01
-6.326530612244898877e-02,3.237457542817646685e-06,9.994625191362216388e-01
-6.326530612244898877e-02,4.094915062380427237e-06,9.994617719609166784e-01
-6.326530612244898877e-02,5.179474679231212330e-06,9.994608302531148292e-01
-6.326530612244898877e-02,6.551285568595509496e-06,9.994596341759316438e-01
-6.326530612244898877e-02,8.286427728546842542e-06,9.994581275858768210e-01
-6.326530612244898877e-02,1.048113134154685250e-05,9.994562179974575411e-01
-6.326530612244898877e-02,1.325711365590110898e-05,9.994538049115962997e-01
-6.326530612244898877e-02,1.676832936811009972e-05,9.994507523968592100e-01
-6.326530612244898877e-02,2.120950887920192640e-05,9.994468872504232992e-01
-6.326530612244898877e-02,2.682695795279727390e-05,9.994420055210062603e-01
-6.326530612244898877e-02,3.393221771895329857e-05,9.994358256845322641e-01
-6.326530612244898877e-02,4.291934260128778017e-05,9.994280108311938138e-01
-6.326530612244898877e-02,5.428675439323859403e-05,9.994181286176684331e-01
-6.326530612244898877e-02,6.866488450042998925e-05,9.994056253076262220e-01
-6.326530612244898877e-02,8.685113737513520580e-05,9.993898101902844999e-01
-6.326530612244898877e-02,1.098541141987558346e-04,9.993698105373834961e-01
-6.326530612244898877e-02,1.389495494373137348e-04,9.993445134826853815e-01
-6.326530612244898877e-02,1.757510624854793067e-04,9.993125200257877427e-01
-6.326530612244898877e-02,2.222996482526195465e-04,9.992720522600458954e-01
-6.326530612244898877e-02,2.811768697974231118e-04,9.992208756424291183e-01
-6.326530612244898877e-02,3.556480306223128661e-04,9.991561458060616019e-01
-6.326530612244898877e-02,4.498432668969443876e-04,9.990742865915797077e-01
-6.326530612244898877e-02,5.689866029018298636e-04,9.989707661797924132e-01
-6.326530612244898877e-02,7.196856730011521675e-04,9.988398530765496552e-01
-6.326530612244898877e-02,9.102981779915217267e-04,9.986743136449486302e-01
-6.326530612244898877e-02,1.151395399326448146e-03,9.984650074787531082e-01
-6.326530612244898877e-02,1.456348477501244378e-03,9.982003793924987267e-01
-6.326530612244898877e-02,1.842069969326716331e-03,9.978658529786693654e-01
-6.326530612244898877e-02,2.329951810515372077e-03,9.974430269897205381e-01
-6.326530612244898877e-02,2.947051702551809708e-03,9.969086937279256766e-01
-6.326530612244898877e-02,3.727593720314941773e-03,9.962336109132766682e-01
-6.326530612244898877e-02,4.714866363457394238e-03,9.953809618785178781e-01
-6.326530612244898877e-02,5.963623316594642357e-03,9.943044374014011755e-01
-6.326530612244898877e-02,7.543120063354623143e-03,9.929459235551592045e-01
-6.326530612244898877e-02,9.540954763499944619e-03,9.912325986985283111e-01
-6.326530612244898877e-02,1.206792640639328847e-02,9.890734358346591204e-01
-6.326530612244898877e-02,1.526417967175233356e-02,9.863550704989966222e-01
-6.326530612244898877e-02,1.930697728883249559e-02,9.829368357444543403e-01
-6.326530612244898877e-02,2.442053094548649744e-02,9.786451673395977213e-01
-6.326530612244898877e-02,3.088843596477484910e-02,9.732673232749153858e-01
-6.326530612244898877e-02,3.906939937054620948e-02,9.665448072709433847e-01
-6.326530612244898877e-02,4.941713361323837872e-02,9.581671064977291818e-01
-6.326530612244898877e-02,6.250551925273975518e-02,9.477667086570439325e-01
-6.326530612244898877e-02,7.906043210907701124e-02,9.349171215045548600e-01
-6.326530612244898877e-02,1.000000000000000056e-01,9.191363886264770633e-01
-5.918367346938775697e-02,9.999999999999999547e-07,9.995250639947590443e-01
-5.918367346938775697e-02,1.264855216855295881e-06,9.995248345036022997e-01
-5.918367346938775697e-02,1.599858719606057360e-06,9.995245417193546755e-01
-5.918367346938775697e-02,2.023589647725155726e-06,9.995241731144605124e-01
-5.918367346938775697e-02,2.559547922699533382e-06,9.995237082951210494e-01
-5.918367346938775697e-02,3.237457542817646685e-06,9.995231184011139636e-01
-5.918367346938775697e-02,4.094915062380427237e-06,9.995223745181260888e-01
-5.918367346938775697e-02,5.179474679231212330e-06,9.995214286763913769e-01
-5.918367346938775697e-02,6.551285568595509496e-06,9.995202355510890424e-01
-5.918367346938775697e-02,8.286427728546842542e-06,9.995187278827828425e-01
-5.918367346938775697e-02,1.048113134154685250e-05,9.995168193352774733e-01
-5.918367346938775697e-02,1.325711365590110898e-05,9.995144068051864394e-01
-5.918367346938775697e-02,1.676832936811009972e-05,9.995113540370021976e-01
-5.918367346938775697e-02,2.120950887920192640e-05,9.995074907050875979e-01
-5.918367346938775697e-02,2.682695795279727390e-05,9.995026064758780748e-01
-5.918367346938775697e-02,3.393221771895329857e-05,9.994964288961801779e-01
-5.918367346938775697e-02,4.291934260128778017e-05,9.994886167570952162e-01
-5.918367346938775697e-02,5.428675439323859403e-05,9.994787315898490121e-01
-5.918367346938775697e-02,6.866488450042998925e-05,9.994662319888554247e-01
-5.918367346938775697e-02,8.685113737513520580e-05,9.994504185902940430e-01
-5.918367346938775697e-02,1.098541141987558346e-04,9.994304213448390595e-01
-5.918367346938775697e-02,1.389495494373137348e-04,9.994051244274129164e-01
-5.918367346938775697e-02,1.757510624854793067e-04,9.993731354708634829e-01
-5.918367346938775697e-02,2.222996482526195465e-04,9.993326731518769046e-01
-5.918367346938775697e-02,2.811768697974231118e-04,9.992814989710161466e-01
-5.918367346938775697e-02,3.556480306223128661e-04,9.992167771003611643e-01
-5.918367346938775697e-02,4.498432668969443876e-04,9.991349249839096558e-01
-5.918367346938775697e-02,5.689866029018298636e-04,9.990314121904259048e-01
-5.918367346938775697e-02,7.196856730011521675e-04,9.989005130675711053e-01
-5.918367346938775697e-02,9.102981779915217267e-04,9.987349882777530885e-01
-5.918367346938775697e-02,1.151395399326448146e-03,9.985257007240204707e-01
-5.918367346938775697e-02,1.456348477501244378e-03,9.982610971473776518e-01
-5.918367346938775697e-02,1.842069969326716331e-03,9.979266041231984463e-01
-5.918367346938775697e-02,2.329951810515372077e-03,9.975038146557209107e-01
-5.918367346938775697e-02,2.947051702551809708e-03,9.969695342455296982e-01
-5.918367346938775697e-02,3.727593720314941773e-03,9.962945129438394165e-01
-5.918367346938775697e-02,4.714866363457394238e-03,9.954419360803994365e-01
-5.918367346938775697e-02,5.963623316594642357e-03,9.943655105012471074e-01
-5.918367346938775697e-02,7.543120063354623143e-03,9.930071218456707483e-01
-5.918367346938775697e-02,9.540954763499944619e-03,9.912939397090506644e-01
-5.918367346938775697e-02,1.206792640639328847e-02,9.891349640110168595e-01
-5.918367346938775697e-02,1.526417967175233356e-02,9.864168213678177199e-01
-5.918367346938775697e-02,1.930697728883249559e-02,9.829988617047270560e-01
-5.918367346938775697e-02,2.442053094548649744e-02,9.787075190050859019e-01
-5.918367346938775697e-02,3.088843596477484910e-02,9.733300528771371418e-01
-5.918367346938775697e-02,3.906939937054620948e-02,9.666079623752769079e-01
-5.918367346938775697e-02,4.941713361323837872e-02,9.582307272102749129e-01
-5.918367346938775697e-02,6.250551925273975518e-02,9.478307978037091575e-01
-5.918367346938775697e-02,7.906043210907701124e-02,9.349816195419572429e-01
-5.918367346938775697e-02,1.000000000000000056e-01,9.192011214999815660e-01
-5.510204081632653211e-02,9.999999999999999547e-07,9.995761265355688208e-01
-5.510204081632653211e-02,1.264855216855295881e-06,9.995758969629123802e-01
-5.510204081632653211e-02,1.599858719606057360e-06,9.995756046596483424e-01
-5.510204081632653211e-02,2.023589647725155726e-06,9.995752366323436000e-01
-5.510204081632653211e-02,2.559547922699533382e-06,9.995747702270127988e-01
-5.510204081632653211e-02,3.237457542817646685e-06,9.995741799493910174e-01
-5.510204081632653211e-02,4.094915062380427237e-06,9.995734361004473545e-01
-5.510204081632653211e-02,5.179474679231212330e-06,9.995724911004999491e-01
-5.510204081632653211e-02,6.551285568595509496e-06,9.995712997325897353e-01
-5.510204081632653211e-02,8.286427728546842542e-06,9.995697913995830186e-01
-5.510204081632653211e-02,1.048113134154685250e-05,9.995678838091933693e-01
-5.510204081632653211e-02,1.325711365590110898e-05,9.995654697830445023e-01
-5.510204081632653211e-02,1.676832936811009972e-05,9.995624157292185563e-01
-5.510204081632653211e-02,2.120950887920192640e-05,9.995585555168061687e-01
-5.510204081632653211e-02,2.682695795279727390e-05,9.995536720315223445e-01
-5.510204081632653211e-02,3.393221771895329857e-05,9.995474919909890232e-01
-5.510204081632653211e-02,4.291934260128778017e-05,9.995396795791993139e-01
-5.510204081632653211e-02,5.428675439323859403e-05,9.995297973596686258e-01
-5.510204081632653211e-02,6.866488450042998925e-05,9.995172960590119615e-01
-5.510204081632653211e-02,8.685113737513520580e-05,9.995014858366728649e-01
-5.510204081632653211e-02,1.098541141987558346e-04,9.994814900836506144e-01
-5.510204081632653211e-02,1.389495494373137348e-04,9.994561979724264633e-01
-5.510204081632653211e-02,1.757510624854793067e-04,9.994242087472611225e-01
-5.510204081632653211e-02,2.222996482526195465e-04,9.993837482817455875e-01
-5.510204081632653211e-02,2.811768697974231118e-04,9.993325796303130781e-01
-5.510204081632653211e-02,3.556480306223128661e-04,9.992678611498473362e-01
-5.510204081632653211e-02,4.498432668969443876e-04,9.991860154572650421e-01
-5.510204081632653211e-02,5.689866029018298636e-04,9.990825107898022583e-01
-5.510204081632653211e-02,7.196856730011521675e-04,9.989516213418017099e-01
-5.510204081632653211e-02,9.102981779915217267e-04,9.987861085575052700e-01
-5.510204081632653211e-02,1.151395399326448146e-03,9.985768349730166360e-01
-5.510204081632653211e-02,1.456348477501244378e-03,9.983122501406446192e-01
-5.510204081632653211e-02,1.842069969326716331e-03,9.979777812866257314e-01
-5.510204081632653211e-02,2.329951810515372077e-03,9.975550255062889393e-01
-5.510204081632653211e-02,2.947051702551809708e-03,9.970207798874435312e-01
-5.510204081632653211e-02,3.727593720314941773e-03,9.963458033728405105e-01
-5.510204081632653211e-02,4.714866363457394238e-03,9.954932831530547421e-01
-5.510204081632653211e-02,5.963623316594642357e-03,9.944169377215024141e-01
-5.510204081632653211e-02,7.543120063354623143e-03,9.930586392618251379e-01
-5.510204081632653211e-02,9.540954763499944619e-03,9.913455726215459896e-01
-5.510204081632653211e-02,1.206792640639328847e-02,9.891867366195188360e-01
-5.510204081632653211e-02,1.526417967175233356e-02,9.864687609470991214e-01
-5.510204081632653211e-02,1.930697728883249559e-02,9.830510098038355293e-01
-5.510204081632653211e-02,2.442053094548649744e-02,9.787599118189282965e-01
-5.510204081632653211e-02,3.088843596477484910e-02,9.733827292316850066e-01
-5.510204081632653211e-02,3.906939937054620948e-02,9.666609652022977173e-01
-5.510204081632653211e-02,4.941713361323837872e-02,9.582840792778521966e-01
-5.510204081632653211e-02,6.250551925273975518e-02,9.478844993779637074e-01
-5.510204081632653211e-02,7.906043210907701124e-02,9.350356171657127069e-01
-5.510204081632653211e-02,1.000000000000000056e-01,9.192552791625994146e-01
-5.102040816326530726e-02,9.999999999999999547e-07,9.996186704980174476e-01
-5.102040816326530726e-02,1.264855216855295881e-06,9.996184416934181804e-01
-5.102040816326530726e-02,1.599858719606057360e-06,9.996181498900716944e-01
-5.102040816326530726e-02,2.023589647725155726e-06,9.996177824151168956e-01
-5.102040816326530726e-02,2.559547922699533382e-06,9.996173145158000484e-01
-5.102040816326530726e-02,3.237457542817646685e-06,9.996167255114347672e-01
-5.102040816326530726e-02,4.094915062380427237e-06,9.996159792995246152e-01
-5.102040816326530726e-02,5.179474679231212330e-06,9.996150363438062181e-01
-5.102040816326530726e-02,6.551285568595509496e-06,9.996138441066533264e-01
-5.102040816326530726e-02,8.286427728546842542e-06,9.996123356770687529e-01
-5.102040816326530726e-02,1.048113134154685250e-05,9.996104284835755083e-01
-5.102040816326530726e-02,1.325711365590110898e-05,9.996080143262472406e-01
-5.102040816326530726e-02,1.676832936811009972e-05,9.996049621928068118e-01
-5.102040816326530726e-02,2.120950887920192640e-05,9.996011012017450570e-01
-5.102040816326530726e-02,2.682695795279727390e-05,9.995962168935459413e-01
-5.102040816326530726e-02,3.393221771895329857e-05,9.995900398247498098e-01
-5.102040816326530726e-02,4.291934260128778017e-05,9.995822271012645421e-01
-5.102040816326530726e-02,5.428675439323859403e-05,9.995723437511279119e-01
-5.102040816326530726e-02,6.866488450042998925e-05,9.995598437894025468e-01
-5.102040816326530726e-02,8.685113737513520580e-05,9.995440360253903256e-01
-5.102040816326530726e-02,1.098541141987558346e-04,9.995240401152564180e-01
-5.102040816326530726e-02,1.389495494373137348e-04,9.994987465763105483e-01
-5.102040816326530726e-02,1.757510624854793067e-04,9.994667602920047633e-01
-5.102040816326530726e-02,2.222996482526195465e-04,9.994263034366994702e-01
-5.102040816326530726e-02,2.811768697974231118e-04,9.993751349291244424e-01
-5.102040816326530726e-02,3.556480306223128661e-04,9.993104187642681824e-01
-5.102040816326530726e-02,4.498432668969443876e-04,9.992285781288454682e-01
-5.102040816326530726e-02,5.689866029018298636e-04,9.991250801150094452e-01
-5.102040816326530726e-02,7.196856730011521675e-04,9.989941945203346663e-01
-5.102040816326530726e-02,9.102981779915217267e-04,9.988286929856460272e-01
-5.102040816326530726e-02,1.151395399326448146e-03,9.986194283691517404e-01
-5.102040816326530726e-02,1.456348477501244378e-03,9.983548583213510685e-01
-5.102040816326530726e-02,1.842069969326716331e-03,9.980204021096877876e-01
-5.102040816326530726e-02,2.329951810515372077e-03,9.975976676363426110e-01
-5.102040816326530726e-02,2.947051702551809708e-03,9.970634484773138739e-01
-5.102040816326530726e-02,3.727593720314941773e-03,9.963885064833583050e-01
-5.102040816326530726e-02,4.714866363457394238e-03,9.955360283383249964e-01
-5.102040816326530726e-02,5.963623316594642357e-03,9.944597298684079156e-01
-5.102040816326530726e-02,7.543120063354623143e-03,9.931014935705523294e-01
-5.102040816326530726e-02,9.540954763499944619e-03,9.913885055492519527e-01
-5.102040816326530726e-02,1.206792640639328847e-02,9.892297666646250320e-01
-5.102040816326530726e-02,1.526417967175233356e-02,9.865119112645924782e-01
-5.102040816326530726e-02,1.930697728883249559e-02,9.830942989550291999e-01
-5.102040816326530726e-02,2.442053094548649744e-02,9.788033678262864079e-01
-5.102040816326530726e-02,3.088843596477484910e-02,9.734263823130991922e-01
-5.102040816326530726e-02,3.906939937054620948e-02,9.667048380334298807e-01
-5.102040816326530726e-02,4.941713361323837872e-02,9.583281910350527344e-01
-5.102040816326530726e-02,6.250551925273975518e-02,9.479288492443435077e-01
-5.102040816326530726e-02,7.906043210907701124e-02,9.350801718817030039e-01
-5.102040816326530726e-02,1.000000000000000056e-01,9.192999414325743190e-01
-4.693877551020408240e-02,9.999999999999999547e-07,9.996536241547837598e-01
-4.693877551020408240e-02,1.264855216855295881e-06,9.996533927130138997e-01
-4.693877551020408240e-02,1.599858719606057360e-06,9.996531013124326792e-01
-4.693877551020408240e-02,2.023589647725155726e-06,9.996527333974770668e-01
-4.693877551020408240e-02,2.559547922699533382e-06,9.996522695720326812e-01
-4.693877551020408240e-02,3.237457542817646685e-06,9.996516796246802672e-01
-4.693877551020408240e-02,4.094915062380427237e-06,9.996509319741235799e-01
-4.693877551020408240e-02,5.179474679231212330e-06,9.996499916530281471e-01
-4.693877551020408240e-02,6.551285568595509496e-06,9.996487971235322734e-01
-4.693877551020408240e-02,8.286427728546842542e-06,9.996472884059258712e-01
-4.693877551020408240e-02,1.048113134154685250e-05,9.996453832728502409e-01
-4.693877551020408240e-02,1.325711365590110898e-05,9.996429670072468632e-01
-4.693877551020408240e-02,1.676832936811009972e-05,9.996399168700601523e-01
-4.693877551020408240e-02,2.120950887920192640e-05,9.996360541399004207e-01
-4.693877551020408240e-02,2.682695795279727390e-05,9.996311713588188486e-01
-4.693877551020408240e-02,3.393221771895329857e-05,9.996249931228152752e-01
-4.693877551020408240e-02,4.291934260128778017e-05,9.996171804166625874e-01
-4.693877551020408240e-02,5.428675439323859403e-05,9.996072973268759210e-01
-4.693877551020408240e-02,6.866488450042998925e-05,9.995947983176839413e-01
-4.693877551020408240e-02,8.685113737513520580e-05,9.995789905212236759e-01
-4.693877551020408240e-02,1.098541141987558346e-04,9.995589957329502617e-01
-4.693877551020408240e-02,1.389495494373137348e-04,9.995337047281113163e-01
-4.693877551020408240e-02,1.757510624854793067e-04,9.995017178763092591e-01
-4.693877551020408240e-02,2.222996482526195465e-04,9.994612612647740812e-01
-4.693877551020408240e-02,2.811768697974231118e-04,9.994100945591491980e-01
-4.693877551020408240e-02,3.556480306223128661e-04,9.993453828072328404e-01
-4.693877551020408240e-02,4.498432668969443876e-04,9.992635453915148513e-01
-4.693877551020408240e-02,5.689866029018298636e-04,9.991600455997797781e-01
-4.693877551020408240e-02,7.196856730011521675e-04,9.990291670761293208e-01
-4.693877551020408240e-02,9.102981779915217267e-04,9.988636693813294221e-01
-4.693877551020408240e-02,1.151395399326448146e-03,9.986544129566755634e-01
-4.693877551020408240e-02,1.456348477501244378e-03,9.983898476347218276e-01
-4.693877551020408240e-02,1.842069969326716331e-03,9.980554025546696240e-01
-4.693877551020408240e-02,2.329951810515372077e-03,9.976326761906164631e-01
-4.693877551020408240e-02,2.947051702551809708e-03,9.970984732538117346e-01
-4.693877551020408240e-02,3.727593720314941773e-03,9.964235514599902865e-01
-4.693877551020408240e-02,4.714866363457394238e-03,9.955710972795616120e-01
-4.693877551020408240e-02,5.963623316594642357e-03,9.944948277493708133e-01
-4.693877551020408240e-02,7.543120063354623143e-03,9.931366275958698475e-01
-4.693877551020408240e-02,9.540954763499944619e-03,9.914236848725641593e-01
-4.693877551020408240e-02,1.206792640639328847e-02,9.892650016224068255e-01
-4.693877551020408240e-02,1.526417967175233356e-02,9.865472131048735882e-01
-4.693877551020408240e-02,1.930697728883249559e-02,9.831296829076898725e-01
-4.693877551020408240e-02,2.442053094548649744e-02,9.788388510242229668e-01
-4.693877551020408240e-02,3.088843596477484910e-02,9.734619763763485700e-01
-4.693877551020408240e-02,3.906939937054620948e-02,9.667405633946098975e-01
-4.693877551020408240e-02,4.941713361323837872e-02,9.583640562138856511e-01
-4.693877551020408240e-02,6.250551925273975518e-02,9.479648550522096206e-01
-4.693877551020408240e-02,7.906043210907701124e-02,9.351163046545313273e-01
-4.693877551020408240e-02,1.000000000000000056e-01,9.193361562264731335e-01
-4.285714285714285754e-02,9.999999999999999547e-07,9.996818381213627980e-01
-4.285714285714285754e-02,1.264855216855295881e-06,9.996816086431173920e-01
-4.285714285714285754e-02,1.599858719606057360e-06,9.996813179237681313e-01
-4.285714285714285754e-02,2.023589647725155726e-06,9.996809486002939948e-01
-4.285714285714285754e-02,2.559547922699533382e-06,9.996804827777650004e-01
-4.285714285714285754e-02,3.237457542817646685e-06,9.996798926400846108e-01
-4.285714285714285754e-02,4.094915062380427237e-06,9.996791485145293255e-01
-4.285714285714285754e-02,5.179474679231212330e-06,9.996782048154461142e-01
-4.285714285714285754e-02,6.551285568595509496e-06,9.996770105616854529e-01
-4.285714285714285754e-02,8.286427728546842542e-06,9.996755039962289535e-01
-4.285714285714285754e-02,1.048113134154685250e-05,9.996735970163166396e-01
-4.285714285714285754e-02,1.325711365590110898e-05,9.996711820679461402e-01
-4.285714285714285754e-02,1.676832936811009972e-05,9.996681308774049146e-01
-4.285714285714285754e-02,2.120950887920192640e-05,9.996642683790103456e-01
-4.285714285714285754e-02,2.682695795279727390e-05,9.996593859580449326e-01
-4.285714285714285754e-02,3.393221771895329857e-05,9.996532086296739950e-01
-4.285714285714285754e-02,4.291934260128778017e-05,9.996453975577236362e-01
-4.285714285714285754e-02,5.428675439323859403e-05,9.996355140063950540e-01
-4.285714285714285754e-02,6.866488450042998925e-05,9.996230123196950812e-01
-4.285714285714285754e-02,8.685113737513520580e-05,9.996072041886903126e-01
-4.285714285714285754e-02,1.098541141987558346e-04,9.995872118861699462e-01
-4.285714285714285754e-02,1.389495494373137348e-04,9.995619214165720745e-01
-4.285714285714285754e-02,1.757510624854793067e-04,9.995299360901884755e-01
-4.285714285714285754e-02,2.222996482526195465e-04,9.994894789609100050e-01
-4.285714285714285754e-02,2.811768697974231118e-04,9.994383125860278883e-01
-4.285714285714285754e-02,3.556480306223128661e-04,9.993736001676337688e-01
-4.285714285714285754e-02,4.498432668969443876e-04,9.992917635035122315e-01
-4.285714285714285754e-02,5.689866029018298636e-04,9.991882660616521195e-01
-4.285714285714285754e-02,7.196856730011521675e-04,9.990573872789473286e-01
-4.285714285714285754e-02,9.102981779915217267e-04,9.988918927897622035e-01
-4.285714285714285754e-02,1.151395399326448146e-03,9.986826364966735481e-01
-4.285714285714285754e-02,1.456348477501244378e-03,9.984180739150937400e-01
-4.285714285714285754e-02,1.842069969326716331e-03,9.980836325562908451e-01
-4.285714285714285754e-02,2.329951810515372077e-03,9.976609152825569593e-01
-4.285714285714285754e-02,2.947051702551809708e-03,9.971267147490376903e-01
-4.285714285714285754e-02,3.727593720314941773e-03,9.964517992134670488e-01
-4.285714285714285754e-02,4.714866363457394238e-03,9.955993566130785233e-01
-4.285714285714285754e-02,5.963623316594642357e-03,9.945230959028602546e-01
-4.285714285714285754e-02,7.543120063354623143e-03,9.931649086209347610e-01
-4.285714285714285754e-02,9.540954763499944619e-03,9.914519845276177357e-01
-4.285714285714285754e-02,1.206792640639328847e-02,9.892933205899582250e-01
-4.285714285714285754e-02,1.526417967175233356e-02,9.865755593547946845e-01
-4.285714285714285754e-02,1.930697728883249559e-02,9.831580595800091249e-01
-4.285714285714285754e-02,2.442053094548649744e-02,9.788672659848657309e-01
-4.285714285714285754e-02,3.088843596477484910e-02,9.734904374912344283e-01
-4.285714285714285754e-02,3.906939937054620948e-02,9.667690769431155351e-01
-4.285714285714285754e-02,4.941713361323837872e-02,9.583926297017800744e-01
-4.285714285714285754e-02,6.250551925273975518e-02,9.479934919547591265e-01
-4.285714285714285754e-02,7.906043210907701124e-02,9.351450080714611701e-01
-4.285714285714285754e-02,1.000000000000000056e-01,9.193649269560322246e-01
-3.877551020408163268e-02,9.999999999999999547e-07,9.997040988932763828e-01
-3.877551020408163268e-02,1.264855216855295881e-06,9.997038676423251058e-01
-3.877551020408163268e-02,1.599858719606057360e-06,9.997035773620969179e-01
-3.877551020408163268e-02,2.023589647725155726e-06,9.997032077901250036e-01
-3.877551020408163268e-02,2.559547922699533382e-06,9.997027427963467439e-01
-3.877551020408163268e-02,3.237457542817646685e-06,9.997021529159247910e-01
-3.877551020408163268e-02,4.094915062380427237e-06,9.997014078148407368e-01
-3.877551020408163268e-02,5.179474679231212330e-06,9.997004635409294515e-01
-3.877551020408163268e-02,6.551285568595509496e-06,9.996992720664199528e-01
-3.877551020408163268e-02,8.286427728546842542e-06,9.996977623851962536e-01
-3.877551020408163268e-02,1.048113134154685250e-05,9.996958541072713533e-01
-3.877551020408163268e-02,1.325711365590110898e-05,9.996934422175896007e-01
-3.877551020408163268e-02,1.676832936811009972e-05,9.996903895942993445e-01
-3.877551020408163268e-02,2.120950887920192640e-05,9.996865284278849684e-01
-3.877551020408163268e-02,2.682695795279727390e-05,9.996816448955627710e-01
-3.877551020408163268e-02,3.393221771895329857e-05,9.996754670123974007e-01
-3.877551020408163268e-02,4.291934260128778017e-05,9.996676552038925578e-01
-3.877551020408163268e-02,5.428675439323859403e-05,9.996577730019667873e-01
-3.877551020408163268e-02,6.866488450042998925e-05,9.996452744711552540e-01
-3.877551020408163268e-02,8.685113737513520580e-05,9.996294643681344905e-01
-3.877551020408163268e-02,1.098541141987558346e-04,9.996094707743889973e-01
-3.877551020408163268e-02,1.389495494373137348e-04,9.995841788000493500e-01
-3.877551020408163268e-02,1.757510624854793067e-04,9.995521927741894963e-01
-3.877551020408163268e-02,2.222996482526195465e-04,9.995117390271461844e-01
-3.877551020408163268e-02,2.811768697974231118e-04,9.994605703369920935e-01
-3.877551020408163268e-02,3.556480306223128661e-04,9.993958598096815971e-01
-3.877551020408163268e-02,4.498432668969443876e-04,9.993140213311616504e-01
-3.877551020408163268e-02,5.689866029018298636e-04,9.992105248077822743e-01
-3.877551020408163268e-02,7.196856730011521675e-04,9.990796461524685812e-01
-3.877551020408163268e-02,9.102981779915217267e-04,9.989141492287185731e-01
-3.877551020408163268e-02,1.151395399326448146e-03,9.987048920221177628e-01
-3.877551020408163268e-02,1.456348477501244378e-03,9.984403334585445489e-01
-3.877551020408163268e-02,1.842069969326716331e-03,9.981058892075602706e-01
-3.877551020408163268e-02,2.329951810515372077e-03,9.976831689544973791e-01
-3.877551020408163268e-02,2.947051702551809708e-03,9.971489670538438155e-01
-3.877551020408163268e-02,3.727593720314941773e-03,9.964740503807467675e-01
-3.877551020408163268e-02,4.714866363457394238e-03,9.956216050289968811e-01
-3.877551020408163268e-02,5.963623316594642357e-03,9.945453404661379615e-01
-3.877551020408163268e-02,7.543120063354623143e-03,9.931871510989043195e-01
-3.877551020408163268e-02,9.540954763499944619e-03,9.914742210817775181e-01
-3.877551020408163268e-02,1.206792640639328847e-02,9.893155527156887175e-01
-3.877551020408163268e-02,1.526417967175233356e-02,9.865977847118054811e-01
-3.877551020408163268e-02,1.930697728883249559e-02,9.831802804057530043e-01
-3.877551020408163268e-02,2.442053094548649744e-02,9.788894784558082041e-01
-3.877551020408163268e-02,3.088843596477484910e-02,9.735126422893358722e-01
-3.877551020408163268e-02,3.906939937054620948e-02,9.667912743276905196e-01
-3.877551020408163268e-02,4.941713361323837872e-02,9.584148264751783941e-01
-3.877551020408163268e-02,6.250551925273975518e-02,9.480156962804635601e-01
-3.877551020408163268e-02,7.906043210907701124e-02,9.351672373091177715e-01
-3.877551020408163268e-02,1.000000000000000056e-01,9.193872100120037416e-01
-3.469387755102040782e-02,9.999999999999999547e-07,9.997211238416859880e-01
-3.469387755102040782e-02,1.264855216855295881e-06,9.997208941278989958e-01
-3.469387755102040782e-02,1.599858719606057360e-06,9.997206016171314991e-01
-3.469387755102040782e-02,2.023589647725155726e-06,9.997202364951671694e-01
-3.469387755102040782e-02,2.559547922699533382e-06,9.997197688227486001e-01
-3.469387755102040782e-02,3.237457542817646685e-06,9.997191783217661554e-01
-3.469387755102040782e-02,4.094915062380427237e-06,9.997184329886131815e-01
-3.469387755102040782e-02,5.179474679231212330e-06,9.997174913491345682e-01
-3.469387755102040782e-02,6.551285568595509496e-06,9.997162987990947380e-01
-3.469387755102040782e-02,8.286427728546842542e-06,9.997147899943790161e-01
-3.469387755102040782e-02,1.048113134154685250e-05,9.997128814269465868e-01
-3.469387755102040782e-02,1.325711365590110898e-05,9.997104673990171442e-01
-3.469387755102040782e-02,1.676832936811009972e-05,9.997074152521214785e-01
-3.469387755102040782e-02,2.120950887920192640e-05,9.997035563036594796e-01
-3.469387755102040782e-02,2.682695795279727390e-05,9.996986692157063814e-01
-3.469387755102040782e-02,3.393221771895329857e-05,9.996924942828340210e-01
-3.469387755102040782e-02,4.291934260128778017e-05,9.996846822699114732e-01
-3.469387755102040782e-02,5.428675439323859403e-05,9.996747986885479165e-01
-3.469387755102040782e-02,6.866488450042998925e-05,9.996622983479923619e-01
-3.469387755102040782e-02,8.685113737513520580e-05,9.996464904047414057e-01
-3.469387755102040782e-02,1.098541141987558346e-04,9.996264953201358106e-01
-3.469387755102040782e-02,1.389495494373137348e-04,9.996012036110053511e-01
-3.469387755102040782e-02,1.757510624854793067e-04,9.995692170338230653e-01
-3.469387755102040782e-02,2.222996482526195465e-04,9.995287604707894236e-01
-3.469387755102040782e-02,2.811768697974231118e-04,9.994775929431117811e-01
-3.469387755102040782e-02,3.556480306223128661e-04,9.994128821270272800e-01
-3.469387755102040782e-02,4.498432668969443876e-04,9.993310418286874830e-01
-3.469387755102040782e-02,5.689866029018298636e-04,9.992275449923094799e-01
-3.469387755102040782e-02,7.196856730011521675e-04,9.990966649285355494e-01
-3.469387755102040782e-02,9.102981779915217267e-04,9.989311656489422431e-01
-3.469387755102040782e-02,1.151395399326448146e-03,9.987219077483576735e-01
-3.469387755102040782e-02,1.456348477501244378e-03,9.984573428698628739e-01
-3.469387755102040782e-02,1.842069969326716331e-03,9.981228968477375840e-01
-3.469387755102040782e-02,2.329951810515372077e-03,9.977001711466455536e-01
-3.469387755102040782e-02,2.947051702551809708e-03,9.971659635164016322e-01
-3.469387755102040782e-02,3.727593720314941773e-03,9.964910383087720591e-01
-3.469387755102040782e-02,4.714866363457394238e-03,9.956385815421877616e-01
-3.469387755102040782e-02,5.963623316594642357e-03,9.945623072895634076e-01
-3.469387755102040782e-02,7.543120063354623143e-03,9.932041039647688807e-01
-3.469387755102040782e-02,9.540954763499944619e-03,9.914911560009233016e-01
-3.469387755102040782e-02,1.206792640639328847e-02,9.893324636189051446e-01
-3.469387755102040782e-02,1.526417967175233356e-02,9.866146692647849159e-01
-3.469387755102040782e-02,1.930697728883249559e-02,9.831971300288079307e-01
-3.469387755102040782e-02,2.442053094548649744e-02,9.789062920484548069e-01
-3.469387755102040782e-02,3.088843596477484910e-02,9.735294137526234737e-01
-3.469387755102040782e-02,3.906939937054620948e-02,9.668080047163719604e-01
-3.469387755102040782e-02,4.941713361323837872e-02,9.584315143355986999e-01
-3.469387755102040782e-02,6.250551925273975518e-02,9.480323539444046599e-01
-3.469387755102040782e-02,7.906043210907701124e-02,9.351838921659466619e-01
-3.469387755102040782e-02,1.000000000000000056e-01,9.194039112199691166e-01
-3.061224489795918990e-02,9.999999999999999547e-07,9.997335727564374830e-01
-3.061224489795918990e-02,1.264855216855295881e-06,9.997333427041334986e-01
-3.061224489795918990e-02,1.599858719606057360e-06,9.997330514260219791e-01
-3.061224489795918990e-02,2.023589647725155726e-06,9.997326840901996636e-01
-3.061224489795918990e-02,2.559547922699533382e-06,9.997322178036570639e-01
-3.061224489795918990e-02,3.237457542817646685e-06,9.997316279702167519e-01
-3.061224489795918990e-02,4.094915062380427237e-06,9.997308834140689049e-01
-3.061224489795918990e-02,5.179474679231212330e-06,9.997299392908911564e-01
-3.061224489795918990e-02,6.551285568595509496e-06,9.997287462892644472e-01
-3.061224489795918990e-02,8.286427728546842542e-06,9.997272389152135341e-01
-3.061224489795918990e-02,1.048113134154685250e-05,9.997253300095896300e-01
-3.061224489795918990e-02,1.325711365590110898e-05,9.997229170331844994e-01
-3.061224489795918990e-02,1.676832936811009972e-05,9.997198646332999816e-01
-3.061224489795918990e-02,2.120950887920192640e-05,9.997160031761898047e-01
-3.061224489795918990e-02,2.682695795279727390e-05,9.997111196042474113e-01
-3.061224489795918990e-02,3.393221771895329857e-05,9.997049413626729608e-01
-3.061224489795918990e-02,4.291934260128778017e-05,9.996971292461573899e-01
-3.061224489795918990e-02,5.428675439323859403e-05,9.996872473050778529e-01
-3.061224489795918990e-02,6.866488450042998925e-05,9.996747487985334635e-01
-3.061224489795918990e-02,8.685113737513520580e-05,9.996589400013327076e-01
-3.061224489795918990e-02,1.098541141987558346e-04,9.996389423327984858e-01
-3.061224489795918990e-02,1.389495494373137348e-04,9.996136507277197936e-01
-3.061224489795918990e-02,1.757510624854793067e-04,9.995816636461515303e-01
-3.061224489795918990e-02,2.222996482526195465e-04,9.995412067345773588e-01
-3.061224489795918990e-02,2.811768697974231118e-04,9.994900401234622089e-01
-3.061224489795918990e-02,3.556480306223128661e-04,9.994253275824702687e-01
-3.061224489795918990e-02,4.498432668969443876e-04,9.993434844509345716e-01
-3.061224489795918990e-02,5.689866029018298636e-04,9.992399860609014750e-01
-3.061224489795918990e-02,7.196856730011521675e-04,9.991091041907387282e-01
-3.061224489795918990e-02,9.102981779915217267e-04,9.989436028520612965e-01
-3.061224489795918990e-02,1.151395399326448146e-03,9.987343405850220845e-01
-3.061224489795918990e-02,1.456348477501244378e-03,9.984697725694434700e-01
-3.061224489795918990e-02,1.842069969326716331e-03,9.981353206919837406e-01
-3.061224489795918990e-02,2.329951810515372077e-03,9.977125863542234407e-01
-3.061224489795918990e-02,2.947051702551809708e-03,9.971783715902783340e-01
-3.061224489795918990e-02,3.727593720314941773e-03,9.965034359871519642e-01
-3.061224489795918990e-02,4.714866363457394238e-03,9.956509674713807101e-01
-3.061224489795918990e-02,5.963623316594642357e-03,9.945746766110160619e-01
-3.061224489795918990e-02,7.543120063354623143e-03,9.932164509727576807e-01
-3.061224489795918990e-02,9.540954763499944619e-03,9.915034781959287669e-01
-3.061224489795918990e-02,1.206792640639328847e-02,9.893447582498987591e-01
-3.061224489795918990e-02,1.526417967175233356e-02,9.866269249061889735e-01
-3.061224489795918990e-02,1.930697728883249559e-02,9.832093451224491742e-01
-3.061224489795918990e-02,2.442053094548649744e-02,9.789184564502970698e-01
-3.061224489795918990e-02,3.088843596477484910e-02,9.735415252268018182e-01
-3.061224489795918990e-02,3.906939937054620948e-02,9.668200539313320796e-01
-3.061224489795918990e-02,4.941713361323837872e-02,9.584435038030844067e-01
-3.061224489795918990e-02,6.250551925273975518e-02,9.480442944437048602e-01
-3.061224489795918990e-02,7.906043210907701124e-02,9.351958160472766401e-01
-3.061224489795918990e-02,1.000000000000000056e-01,9.194158803808910596e-01
-2.653061224489795811e-02,9.999999999999999547e-07,9.997420379951162950e-01
-2.653061224489795811e-02,1.264855216855295881e-06,9.997418071473964662e-01
-2.653061224489795811e-02,1.599858719606057360e-06,9.997415157803153374e-01
-2.653061224489795811e-02,2.023589647725155726e-06,9.997411472497396145e-01
-2.653061224489795811e-02,2.559547922699533382e-06,9.997406817470482210e-01
-2.653061224489795811e-02,3.237457542817646685e-06,9.997400915874229410e-01
-2.653061224489795811e-02,4.094915062380427237e-06,9.997393475696741971e-01
-2.653061224489795811e-02,5.179474679231212330e-06,9.997384045178876466e-01
-2.653061224489795811e-02,6.551285568595509496e-06,9.997372117511441614e-01
-2.653061224489795811e-02,8.286427728546842542e-06,9.997357028781860278e-01
-2.653061224489795811e-02,1.048113134154685250e-05,9.997337943788306980e-01
-2.653061224489795811e-02,1.325711365590110898e-05,9.997313815298484174e-01
-2.653061224489795811e-02,1.676832936811009972e-05,9.997283284259326219e-01
-2.653061224489795811e-02,2.120950887920192640e-05,9.997244680083353652e-01
-2.653061224489795811e-02,2.682695795279727390e-05,9.997195822333171389e-01
-2.653061224489795811e-02,3.393221771895329857e-05,9.997134057596993584e-01
-2.653061224489795811e-02,4.291934260128778017e-05,9.997055916038558587e-01
-2.653061224489795811e-02,5.428675439323859403e-05,9.996957098072521974e-01
-2.653061224489795811e-02,6.866488450042998925e-05,9.996832116557233805e-01
-2.653061224489795811e-02,8.685113737513520580e-05,9.996674010740805860e-01
-2.653061224489795811e-02,1.098541141987558346e-04,9.996474056249760043e-01
-2.653061224489795811e-02,1.389495494373137348e-04,9.996221144288939264e-01
-2.653061224489795811e-02,1.757510624854793067e-04,9.995901246039369248e-01
-2.653061224489795811e-02,2.222996482526195465e-04,9.995496673916324237e-01
-2.653061224489795811e-02,2.811768697974231118e-04,9.994984981183310246e-01
-2.653061224489795811e-02,3.556480306223128661e-04,9.994337861021864722e-01
-2.653061224489795811e-02,4.498432668969443876e-04,9.993519427964457913e-01
-2.653061224489795811e-02,5.689866029018298636e-04,9.992484427518778523e-01
-2.653061224489795811e-02,7.196856730011521675e-04,9.991175585277204396e-01
-2.653061224489795811e-02,9.102981779915217267e-04,9.989520535421442249e-01
-2.653061224489795811e-02,1.151395399326448146e-03,9.987427885649837744e-01
-2.653061224489795811e-02,1.456348477501244378e-03,9.984782161327792060e-01
-2.653061224489795811e-02,1.842069969326716331e-03,9.981437595608739777e-01
-2.653061224489795811e-02,2.329951810515372077e-03,9.977210209849772804e-01
-2.653061224489795811e-02,2.947051702551809708e-03,9.971867977046232623e-01
-2.653061224489795811e-02,3.727593720314941773e-03,9.965118517589429681e-01
-2.653061224489795811e-02,4.714866363457394238e-03,9.956593695780024955e-01
-2.653061224489795811e-02,5.963623316594642357e-03,9.945830640614843343e-01
-2.653061224489795811e-02,7.543120063354623143e-03,9.932248207573028953e-01
-2.653061224489795811e-02,9.540954763499944619e-03,9.915118248907361931e-01
-2.653061224489795811e-02,1.206792640639328847e-02,9.893530747089032129e-01
-2.653061224489795811e-02,1.526417967175233356e-02,9.866352096411716843e-01
-2.653061224489795811e-02,1.930697728883249559e-02,9.832175886670749820e-01
-2.653061224489795811e-02,2.442053094548649744e-02,9.789266521728431369e-01
-2.653061224489795811e-02,3.088843596477484910e-02,9.735496675642504316e-01
-2.653061224489795811e-02,3.906939937054620948e-02,9.668281421743032400e-01
-2.653061224489795811e-02,4.941713361323837872e-02,9.584515394568812185e-01
-2.653061224489795811e-02,6.250551925273975518e-02,9.480522918889144890e-01
-2.653061224489795811e-02,7.906043210907701124e-02,9.352038005509913932e-01
-2.653061224489795811e-02,1.000000000000000056e-01,9.194239156854666639e-01
-2.244897959183672631e-02,9.999999999999999547e-07,9.997470386364954997e-01
-2.244897959183672631e-02,1.264855216855295881e-06,9.997468087956581373e-01
-2.244897959183672631e-02,1.599858719606057360e-06,9.997465170561719017e-01
-2.244897959183672631e-02,2.023589647725155726e-06,9.997461500812597768e-01
-2.244897959183672631e-02,2.559547922699533382e-06,9.997456835693455668e-01
-2.244897959183672631e-02,3.237457542817646685e-06,9.997450952415444236e-01
-2.244897959183672631e-02,4.094915062380427237e-06,9.997443481705678980e-01
-2.244897959183672631e-02,5.179474679231212330e-06,9.997434047653885880e-01
-2.244897959183672631e-02,6.551285568595509496e-06,9.997422107950391101e-01
-2.244897959183672631e-02,8.286427728546842542e-06,9.997407043400997617e-01
-2.244897959183672631e-02,1.048113134154685250e-05,9.997387963465517169e-01
-2.244897959183672631e-02,1.325711365590110898e-05,9.997363817357693971e-01
-2.244897959183672631e-02,1.676832936811009972e-05,9.997333303023332451e-01
-2.244897959183672631e-02,2.120950887920192640e-05,9.997294691216863649e-01
-2.244897959183672631e-02,2.682695795279727390e-05,9.997245837339928665e-01
-2.244897959183672631e-02,3.393221771895329857e-05,9.997184085256164421e-01
-2.244897959183672631e-02,4.291934260128778017e-05,9.997105953950555790e-01
-2.244897959183672631e-02,5.428675439323859403e-05,9.997007119179187606e-01
-2.244897959183672631e-02,6.866488450042998925e-05,9.996882131724821319e-01
-2.244897959183672631e-02,8.685113737513520580e-05,9.996724028878867241e-01
-2.244897959183672631e-02,1.098541141987558346e-04,9.996524062479711370e-01
-2.244897959183672631e-02,1.389495494373137348e-04,9.996271164101762086e-01
-2.244897959183672631e-02,1.757510624854793067e-04,9.995951253218616772e-01
-2.244897959183672631e-02,2.222996482526195465e-04,9.995546676835777022e-01
-2.244897959183672631e-02,2.811768697974231118e-04,9.995034998425560424e-01
-2.244897959183672631e-02,3.556480306223128661e-04,9.994387857644924100e-01
-2.244897959183672631e-02,4.498432668969443876e-04,9.993569416177331410e-01
-2.244897959183672631e-02,5.689866029018298636e-04,9.992534403043746849e-01
-2.244897959183672631e-02,7.196856730011521675e-04,9.991225539193129279e-01
-2.244897959183672631e-02,9.102981779915217267e-04,9.989570484265765105e-01
-2.244897959183672631e-02,1.151395399326448146e-03,9.987477824315595942e-01
-2.244897959183672631e-02,1.456348477501244378e-03,9.984832071912910223e-01
-2.244897959183672631e-02,1.842069969326716331e-03,9.981487455084855354e-01
-2.244897959183672631e-02,2.329951810515372077e-03,9.977260028942577241e-01
-2.244897959183672631e-02,2.947051702551809708e-03,9.971917755857727661e-01
-2.244897959183672631e-02,3.727593720314941773e-03,9.965168235906159966e-01
-2.244897959183672631e-02,4.714866363457394238e-03,9.956643332851733419e-01
-2.244897959183672631e-02,5.963623316594642357e-03,9.945880179839384772e-01
-2.244897959183672631e-02,7.543120063354623143e-03,9.932297632579267788e-01
-2.244897959183672631e-02,9.540954763499944619e-03,9.915167513095914931e-01
-2.244897959183672631e-02,1.206792640639328847e-02,9.893579849023246275e-01
-2.244897959183672631e-02,1.526417967175233356e-02,9.866400971672532050e-01
-2.244897959183672631e-02,1.930697728883249559e-02,9.832224530971604981e-01
-2.244897959183672631e-02,2.442053094548649744e-02,9.789314910182069784e-01
-2.244897959183672631e-02,3.088843596477484910e-02,9.735544738707571089e-01
-2.244897959183672631e-02,3.906939937054620948e-02,9.668329211034759618e-01
-2.244897959183672631e-02,4.941713361323837872e-02,9.584562975188763989e-01
-2.244897959183672631e-02,6.250551925273975518e-02,9.480570422940040043e-01
-2.244897959183672631e-02,7.906043210907701124e-02,9.352085754626655589e-01
-2.244897959183672631e-02,1.000000000000000056e-01,9.194287641755047868e-01
-1.836734693877550839e-02,9.999999999999999547e-07,9.997490341296151328e-01
-1.836734693877550839e-02,1.264855216855295881e-06,9.997488034096173593e-01
-1.836734693877550839e-02,1.599858719606057360e-06,9.997485126564032987e-01
-1.836734693877550839e-02,2.023589647725155726e-06,9.997481446766122160e-01
-1.836734693877550839e-02,2.559547922699533382e-06,9.997476783869201356e-01
-1.836734693877550839e-02,3.237457542817646685e-06,9.997470890639615915e-01
-1.836734693877550839e-02,4.094915062380427237e-06,9.997463419323077138e-01
-1.836734693877550839e-02,5.179474679231212330e-06,9.997454005213991524e-01
-1.836734693877550839e-02,6.551285568595509496e-06,9.997442073184136246e-01
-1.836734693877550839e-02,8.286427728546842542e-06,9.997426994723177529e-01
-1.836734693877550839e-02,1.048113134154685250e-05,9.997407906467813410e-01
-1.836734693877550839e-02,1.325711365590110898e-05,9.997383781759360266e-01
-1.836734693877550839e-02,1.676832936811009972e-05,9.997353246722682218e-01
-1.836734693877550839e-02,2.120950887920192640e-05,9.997314631058891177e-01
-1.836734693877550839e-02,2.682695795279727390e-05,9.997265798006088611e-01
-1.836734693877550839e-02,3.393221771895329857e-05,9.997204020924166379e-01
-1.836734693877550839e-02,4.291934260128778017e-05,9.997125889100267893e-01
-1.836734693877550839e-02,5.428675439323859403e-05,9.997027063037359218e-01
-1.836734693877550839e-02,6.866488450042998925e-05,9.996902073647652154e-01
-1.836734693877550839e-02,8.685113737513520580e-05,9.996743974126635068e-01
-1.836734693877550839e-02,1.098541141987558346e-04,9.996544002386066330e-01
-1.836734693877550839e-02,1.389495494373137348e-04,9.996291096919436292e-01
-1.836734693877550839e-02,1.757510624854793067e-04,9.995971212577318132e-01
-1.836734693877550839e-02,2.222996482526195465e-04,9.995566624131329014e-01
-1.836734693877550839e-02,2.811768697974231118e-04,9.995054929695228463e-01
-1.836734693877550839e-02,3.556480306223128661e-04,9.994407782346926838e-01
-1.836734693877550839e-02,4.498432668969443876e-04,9.993589354220682175e-01
-1.836734693877550839e-02,5.689866029018298636e-04,9.992554349601774355e-01
-1.836734693877550839e-02,7.196856730011521675e-04,9.991245475649555008e-01
-1.836734693877550839e-02,9.102981779915217267e-04,9.989590420693769124e-01
-1.836734693877550839e-02,1.151395399326448146e-03,9.987497754763881019e-01
-1.836734693877550839e-02,1.456348477501244378e-03,9.984852010199826156e-01
-1.836734693877550839e-02,1.842069969326716331e-03,9.981507392621152830e-01
-1.836734693877550839e-02,2.329951810515372077e-03,9.977279960324798580e-01
-1.836734693877550839e-02,2.947051702551809708e-03,9.971937687353821245e-01
-1.836734693877550839e-02,3.727593720314941773e-03,9.965188161720874849e-01
-1.836734693877550839e-02,4.714866363457394238e-03,9.956663257617321960e-01
-1.836734693877550839e-02,5.963623316594642357e-03,9.945900116596136931e-01
-1.836734693877550839e-02,7.543120063354623143e-03,9.932317551384857168e-01
-1.836734693877550839e-02,9.540954763499944619e-03,9.915187436485954908e-01
-1.836734693877550839e-02,1.206792640639328847e-02,9.893599791965748125e-01
-1.836734693877550839e-02,1.526417967175233356e-02,9.866420955674416460e-01
-1.836734693877550839e-02,1.930697728883249559e-02,9.832244538172824067e-01
-1.836734693877550839e-02,2.442053094548649744e-02,9.789334999374087465e-01
-1.836734693877550839e-02,3.088843596477484910e-02,9.735564996817471783e-01
-1.836734693877550839e-02,3.906939937054620948e-02,9.668349661624376923e-01
-1.836734693877550839e-02,4.941713361323837872e-02,9.584583797823246210e-01
-1.836734693877550839e-02,6.250551925273975518e-02,9.480591800883018117e-01
-1.836734693877550839e-02,7.906043210907701124e-02,9.352108007721325889e-01
-1.836734693877550839e-02,1.000000000000000056e-01,9.194311273982306298e-01
-1.428571428571429047e-02,9.999999999999999547e-07,9.997484037717103700e-01
-1.428571428571429047e-02,1.264855216855295881e-06,9.997481744669601822e-01
-1.428571428571429047e-02,1.599858719606057360e-06,9.997478824872058079e-01
-1.428571428571429047e-02,2.023589647725155726e-06,9.997475142044385255e-01
-1.428571428571429047e-02,2.559547922699533382e-06,9.997470475686590641e-01
-1.428571428571429047e-02,3.237457542817646685e-06,9.997464587417020931e-01
-1.428571428571429047e-02,4.094915062380427237e-06,9.997457138200352977e-01
-1.428571428571429047e-02,5.179474679231212330e-06,9.997447705965059050e-01
-1.428571428571429047e-02,6.551285568595509496e-06,9.997435778006281692e-01
-1.428571428571429047e-02,8.286427728546842542e-06,9.997420699553890566e-01
-1.428571428571429047e-02,1.048113134154685250e-05,9.997401615201201297e-01
-1.428571428571429047e-02,1.325711365590110898e-05,9.997377481295187662e-01
-1.428571428571429047e-02,1.676832936811009972e-05,9.997346947343505041e-01
-1.428571428571429047e-02,2.120950887920192640e-05,9.997308344595663421e-01
-1.428571428571429047e-02,2.682695795279727390e-05,9.997259496334275353e-01
-1.428571428571429047e-02,3.393221771895329857e-05,9.997197728684610318e-01
-1.428571428571429047e-02,4.291934260128778017e-05,9.997119592873597860e-01
-1.428571428571429047e-02,5.428675439323859403e-05,9.997020767925931528e-01
-1.428571428571429047e-02,6.866488450042998925e-05,9.996895777187111420e-01
-1.428571428571429047e-02,8.685113737513520580e-05,9.996737671587027085e-01
-1.428571428571429047e-02,1.098541141987558346e-04,9.996537731291336160e-01
-1.428571428571429047e-02,1.389495494373137348e-04,9.996284793044462047e-01
-1.428571428571429047e-02,1.757510624854793067e-04,9.995964922640547812e-01
-1.428571428571429047e-02,2.222996482526195465e-04,9.995560343965577133e-01
-1.428571428571429047e-02,2.811768697974231118e-04,9.995048656214464700e-01
-1.428571428571429047e-02,3.556480306223128661e-04,9.994401534931937059e-01
-1.428571428571429047e-02,4.498432668969443876e-04,9.993583107984891356e-01
-1.428571428571429047e-02,5.689866029018298636e-04,9.992548106026185595e-01
-1.428571428571429047e-02,7.196856730011521675e-04,9.991239254903834244e-01
-1.428571428571429047e-02,9.102981779915217267e-04,9.989584206670721889e-01
-1.428571428571429047e-02,1.151395399326448146e-03,9.987491577684746158e-01
-1.428571428571429047e-02,1.456348477501244378e-03,9.984845855733465170e-01
-1.428571428571429047e-02,1.842069969326716331e-03,9.981501274959504455e-01
-1.428571428571429047e-02,2.329951810515372077e-03,9.977273917323070673e-01
-1.428571428571429047e-02,2.947051702551809708e-03,9.971931699698827201e-01
-1.428571428571429047e-02,3.727593720314941773e-03,9.965182247824349027e-01
-1.428571428571429047e-02,4.714866363457394238e-03,9.956657464538691826e-01
-1.428571428571429047e-02,5.963623316594642357e-03,9.945894449221363010e-01
-1.428571428571429047e-02,7.543120063354623143e-03,9.932312034484607199e-01
-1.428571428571429047e-02,9.540954763499944619e-03,9.915182157140288721e-01
-1.428571428571429047e-02,1.206792640639328847e-02,9.893594781022493345e-01
-1.428571428571429047e-02,1.526417967175233356e-02,9.866416280592250621e-01
-1.428571428571429047e-02,1.930697728883249559e-02,9.832240316586989826e-01
-1.428571428571429047e-02,2.442053094548649744e-02,9.789331343925771201e-01
-1.428571428571429047e-02,3.088843596477484910e-02,9.735562087206146575e-01
-1.428571428571429047e-02,3.906939937054620948e-02,9.668347705410517134e-01
-1.428571428571429047e-02,4.941713361323837872e-02,9.584583042503238559e-01
-1.428571428571429047e-02,6.250551925273975518e-02,9.480592615018450520e-01
-1.428571428571429047e-02,7.906043210907701124e-02,9.352110810120903839e-01
-1.428571428571429047e-02,1.000000000000000056e-01,9.194316575722925045e-01
-1.020408163265305868e-02,9.999999999999999547e-07,9.997454635831740655e-01
-1.020408163265305868e-02,1.264855216855295881e-06,9.997452329733517162e-01
-1.020408163265305868e-02,1.599858719606057360e-06,9.997449417241222047e-01
-1.020408163265305868e-02,2.023589647725155726e-06,9.997445729520059166e-01
-1.020408163265305868e-02,2.559547922699533382e-06,9.997441059410846487e-01
-1.020408163265305868e-02,3.237457542817646685e-06,9.997435167087391772e-01
-1.020408163265305868e-02,4.094915062380427237e-06,9.997427730540523472e-01
-1.020408163265305868e-02,5.179474679231212330e-06,9.997418292169849563e-01
-1.020408163265305868e-02,6.551285568595509496e-06,9.997406358333951193e-01
-1.020408163265305868e-02,8.286427728546842542e-06,9.997391290158680333e-01
-1.020408163265305868e-02,1.048113134154685250e-05,9.997372213725548296e-01
-1.020408163265305868e-02,1.325711365590110898e-05,9.997348065434660258e-01
-1.020408163265305868e-02,1.676832936811009972e-05,9.997317537441601232e-01
-1.020408163265305868e-02,2.120950887920192640e-05,9.997278936949652861e-01
-1.020408163265305868e-02,2.682695795279727390e-05,9.997230111798373065e-01
-1.020408163265305868e-02,3.393221771895329857e-05,9.997168330914115719e-01
-1.020408163265305868e-02,4.291934260128778017e-05,9.997090212813037891e-01
-1.020408163265305868e-02,5.428675439323859403e-05,9.996991379242424758e-01
-1.020408163265305868e-02,6.866488450042998925e-05,9.996866389407018660e-01
-1.020408163265305868e-02,8.685113737513520580e-05,9.996708291287448311e-01
-1.020408163265305868e-02,1.098541141987558346e-04,9.996508353039090800e-01
-1.020408163265305868e-02,1.389495494373137348e-04,9.996255437786314424e-01
-1.020408163265305868e-02,1.757510624854793067e-04,9.995935560707249756e-01
-1.020408163265305868e-02,2.222996482526195465e-04,9.995531004988862378e-01
-1.020408163265305868e-02,2.811768697974231118e-04,9.995019327027860889e-01
-1.020408163265305868e-02,3.556480306223128661e-04,9.994372204731982734e-01
-1.020408163265305868e-02,4.498432668969443876e-04,9.993553803613164366e-01
-1.020408163265305868e-02,5.689866029018298636e-04,9.992518845562377017e-01
-1.020408163265305868e-02,7.196856730011521675e-04,9.991210013371494281e-01
-1.020408163265305868e-02,9.102981779915217267e-04,9.989555031658361450e-01
-1.020408163265305868e-02,1.151395399326448146e-03,9.987462449124805408e-01
-1.020408163265305868e-02,1.456348477501244378e-03,9.984816791799627778e-01
-1.020408163265305868e-02,1.842069969326716331e-03,9.981472314621114839e-01
-1.020408163265305868e-02,2.329951810515372077e-03,9.977245043268517799e-01
-1.020408163265305868e-02,2.947051702551809708e-03,9.971903003284212641e-01
-1.020408163265305868e-02,3.727593720314941773e-03,9.965153729514727443e-01
-1.020408163265305868e-02,4.714866363457394238e-03,9.956629173061187776e-01
-1.020408163265305868e-02,5.963623316594642357e-03,9.945866441044408646e-01
-1.020408163265305868e-02,7.543120063354623143e-03,9.932284432008480213e-01
-1.020408163265305868e-02,9.540954763499944619e-03,9.915155018157918443e-01
-1.020408163265305868e-02,1.206792640639328847e-02,9.893568232228905357e-01
-1.020408163265305868e-02,1.526417967175233356e-02,9.866390493262805483e-01
-1.020408163265305868e-02,1.930697728883249559e-02,9.832215484962102403e-01
-1.020408163265305868e-02,2.442053094548649744e-02,9.789307705868671716e-01
-1.020408163265305868e-02,3.088843596477484910e-02,9.735539947467107824e-01
-1.020408163265305868e-02,3.906939937054620948e-02,9.668327475735665200e-01
-1.020408163265305868e-02,4.941713361323837872e-02,9.584565160020477315e-01
-1.020408163265305868e-02,6.250551925273975518e-02,9.480577669057539403e-01
-1.020408163265305868e-02,7.906043210907701124e-02,9.352099428624646160e-01
-1.020408163265305868e-02,1.000000000000000056e-01,9.194309533366101794e-01
-6.122448979591826879e-03,9.999999999999999547e-07,9.997404578233825001e-01
-6.122448979591826879e-03,1.264855216855295881e-06,9.997402282094998149e-01
-6.122448979591826879e-03,1.599858719606057360e-06,9.997399371127204670e-01
-6.122448979591826879e-03,2.023589647725155726e-06,9.997395679392253598e-01
-6.122448979591826879e-03,2.559547922699533382e-06,9.997391023863458903e-01
-6.122448979591826879e-03,3.237457542817646685e-06,9.997385118691074490e-01
-6.122448979591826879e-03,4.094915062380427237e-06,9.997377657563979447e-01
-6.122448979591826879e-03,5.179474679231212330e-06,9.997368245095563655e-01
-6.122448979591826879e-03,6.551285568595509496e-06,9.997356314121725873e-01
-6.122448979591826879e-03,8.286427728546842542e-06,9.997341240772192883e-01
-6.122448979591826879e-03,1.048113134154685250e-05,9.997322159985897461e-01
-6.122448979591826879e-03,1.325711365590110898e-05,9.997298010935062873e-01
-6.122448979591826879e-03,1.676832936811009972e-05,9.997267491581999233e-01
-6.122448979591826879e-03,2.120950887920192640e-05,9.997228897335246334e-01
-6.122448979591826879e-03,2.682695795279727390e-05,9.997180044683284805e-01
-6.122448979591826879e-03,3.393221771895329857e-05,9.997118287341489884e-01
-6.122448979591826879e-03,4.291934260128778017e-05,9.997040153960231601e-01
-6.122448979591826879e-03,5.428675439323859403e-05,9.996941331337899639e-01
-6.122448979591826879e-03,6.866488450042998925e-05,9.996816351033739334e-01
-6.122448979591826879e-03,8.685113737513520580e-05,9.996658267425505562e-01
-6.122448979591826879e-03,1.098541141987558346e-04,9.996458319154233330e-01
-6.122448979591826879e-03,1.389495494373137348e-04,9.996205435505942649e-01
-6.122448979591826879e-03,1.757510624854793067e-04,9.995885575672527334e-01
-6.122448979591826879e-03,2.222996482526195465e-04,9.995481017039480331e-01
-6.122448979591826879e-03,2.811768697974231118e-04,9.994969382742653341e-01
-6.122448979591826879e-03,3.556480306223128661e-04,9.994322287187213938e-01
-6.122448979591826879e-03,4.498432668969443876e-04,9.993503918735993086e-01
-6.122448979591826879e-03,5.689866029018298636e-04,9.992468992633679603e-01
-6.122448979591826879e-03,7.196856730011521675e-04,9.991160241372317730e-01
-6.122448979591826879e-03,9.102981779915217267e-04,9.989505329932558686e-01
-6.122448979591826879e-03,1.151395399326448146e-03,9.987412839532769926e-01
-6.122448979591826879e-03,1.456348477501244378e-03,9.984767302279710099e-01
-6.122448979591826879e-03,1.842069969326716331e-03,9.981422996266740011e-01
-6.122448979591826879e-03,2.329951810515372077e-03,9.977195901595280469e-01
-6.122448979591826879e-03,2.947051702551809708e-03,9.971854084820084285e-01
-6.122448979591826879e-03,3.727593720314941773e-03,9.965105126140113567e-01
-6.122448979591826879e-03,4.714866363457394238e-03,9.956580957020555456e-01
-6.122448979591826879e-03,5.963623316594642357e-03,9.945818710011919972e-01
-6.122448979591826879e-03,7.543120063354623143e-03,9.932237303492533753e-01
-6.122448979591826879e-03,9.540954763499944619e-03,9.915108656344743254e-01
-6.122448979591826879e-03,1.206792640639328847e-02,9.893522836076023008e-01
-6.122448979591826879e-03,1.526417967175233356e-02,9.866346319248373575e-01
-6.122448979591826879e-03,1.930697728883249559e-02,9.832172861098394945e-01
-6.122448979591826879e-03,2.442053094548649744e-02,9.789267035310571519e-01
-6.122448979591826879e-03,3.088843596477484910e-02,9.735501687982960339e-01
-6.122448979591826879e-03,3.906939937054620948e-02,9.668292259122630572e-01
-6.122448979591826879e-03,4.941713361323837872e-02,9.584533753845160264e-01
-6.122448979591826879e-03,6.250551925273975518e-02,9.480550915396622758e-01
-6.122448979591826879e-03,7.906043210907701124e-02,9.352078380610978625e-01
-6.122448979591826879e-03,1.000000000000000056e-01,9.194295430465756480e-01
-2.040816326530608960e-03,9.999999999999999547e-07,9.997335683457210243e-01
-2.040816326530608960e-03,1.264855216855295881e-06,9.997333374698110786e-01
-2.040816326530608960e-03,1.599858719606057360e-06,9.997330474883063811e-01
-2.040816326530608960e-03,2.023589647725155726e-06,9.997326788458046343e-01
-2.040816326530608960e-03,2.559547922699533382e-06,9.997322134929489401e-01
-2.040816326530608960e-03,3.237457542817646685e-06,9.997316242862686053e-01
-2.040816326530608960e-03,4.094915062380427237e-06,9.997308780612492729e-01
-2.040816326530608960e-03,5.179474679231212330e-06,9.997299344507603047e-01
-2.040816326530608960e-03,6.551285568595509496e-06,9.997287422794305378e-01
-2.040816326530608960e-03,8.286427728546842542e-06,9.997272342804263134e-01
-2.040816326530608960e-03,1.048113134154685250e-05,9.997253271161048449e-01
-2.040816326530608960e-03,1.325711365590110898e-05,9.997229143382380112e-01
-2.040816326530608960e-03,1.676832936811009972e-05,9.997198617660025821e-01
-2.040816326530608960e-03,2.120950887920192640e-05,9.997160002516369826e-01
-2.040816326530608960e-03,2.682695795279727390e-05,9.997111179870354913e-01
-2.040816326530608960e-03,3.393221771895329857e-05,9.997049397700392692e-01
-2.040816326530608960e-03,4.291934260128778017e-05,9.996971278173982789e-01
-2.040816326530608960e-03,5.428675439323859403e-05,9.996872476878333469e-01
-2.040816326530608960e-03,6.866488450042998925e-05,9.996747503805846202e-01
-2.040816326530608960e-03,8.685113737513520580e-05,9.996589429800637472e-01
-2.040816326530608960e-03,1.098541141987558346e-04,9.996389495582234108e-01
-2.040816326530608960e-03,1.389495494373137348e-04,9.996136616772216543e-01
-2.040816326530608960e-03,1.757510624854793067e-04,9.995816782595515759e-01
-2.040816326530608960e-03,2.222996482526195465e-04,9.995412259808660327e-01
-2.040816326530608960e-03,2.811768697974231118e-04,9.994900644828058622e-01
-2.040816326530608960e-03,3.556480306223128661e-04,9.994253602562990224e-01
-2.040816326530608960e-03,4.498432668969443876e-04,9.993435275318076627e-01
-2.040816326530608960e-03,5.689866029018298636e-04,9.992400420852313170e-01
-2.040816326530608960e-03,7.196856730011521675e-04,9.991091747694789138e-01
-2.040816326530608960e-03,9.102981779915217267e-04,9.989436937589740717e-01
-2.040816326530608960e-03,1.151395399326448146e-03,9.987344583417846478e-01
-2.040816326530608960e-03,1.456348477501244378e-03,9.984699218840734636e-01
-2.040816326530608960e-03,1.842069969326716331e-03,9.981355107063357712e-01
-2.040816326530608960e-03,2.329951810515372077e-03,9.977128298856503541e-01
-2.040816326530608960e-03,2.947051702551809708e-03,9.971786817809800141e-01
-2.040816326530608960e-03,3.727593720314941773e-03,9.965038301165430878e-01
-2.040816326530608960e-03,4.714866363457394238e-03,9.956514681609128781e-01
-2.040816326530608960e-03,5.963623316594642357e-03,9.945753070707645804e-01
-2.040816326530608960e-03,7.543120063354623143e-03,9.932172558257406081e-01
-2.040816326530608960e-03,9.540954763499944619e-03,9.915045016702355163e-01
-2.040816326530608960e-03,1.206792640639328847e-02,9.893460590177750591e-01
-2.040816326530608960e-03,1.526417967175233356e-02,9.866285823366667262e-01
-2.040816326530608960e-03,1.930697728883249559e-02,9.832114556627121749e-01
-2.040816326530608960e-03,2.442053094548649744e-02,9.789211496429942594e-01
-2.040816326530608960e-03,3.088843596477484910e-02,9.735449645717781930e-01
-2.040816326530608960e-03,3.906939937054620948e-02,9.668244568534034578e-01
-2.040816326530608960e-03,4.941713361323837872e-02,9.584491505995706984e-01
-2.040816326530608960e-03,6.250551925273975518e-02,9.480515505445541447e-01
-2.040816326530608960e-03,7.906043210907701124e-02,9.352051405336205825e-01
-2.040816326530608960e-03,1.000000000000000056e-01,9.194278721381587971e-01
2.040816326530608960e-03,9.999999999999999547e-07,9.997249177469440529e-01
2.040816326530608960e-03,1.264855216855295881e-06,9.997246880359285104e-01
2.040816326530608960e-03,1.599858719606057360e-06,9.997243962920963067e-01
2.040816326530608960e-03,2.023589647725155726e-06,9.997240284461966775e-01
2.040816326530608960e-03,2.559547922699533382e-06,9.997235623062755705e-01
2.040816326530608960e-03,3.237457542817646685e-06,9.997229734816837077e-01
2.040816326530608960e-03,4.094915062380427237e-06,9.997222280610889023e-01
2.040816326530608960e-03,5.179474679231212330e-06,9.997212845234506595e-01
2.040816326530608960e-03,6.551285568595509496e-06,9.997200926506999430e-01
2.040816326530608960e-03,8.286427728546842542e-06,9.997185833574705471e-01
2.040816326530608960e-03,1.048113134154685250e-05,9.997166757030585549e-01
2.040816326530608960e-03,1.325711365590110898e-05,9.997142638257757730e-01
2.040816326530608960e-03,1.676832936811009972e-05,9.997112116719282238e-01
2.040816326530608960e-03,2.120950887920192640e-05,9.997073502596265371e-01
2.040816326530608960e-03,2.682695795279727390e-05,9.997024665659189901e-01
2.040816326530608960e-03,3.393221771895329857e-05,9.996962930107581302e-01
2.040816326530608960e-03,4.291934260128778017e-05,9.996884819924940491e-01
2.040816326530608960e-03,5.428675439323859403e-05,9.996786010637458419e-01
2.040816326530608960e-03,6.866488450042998925e-05,9.996661050682247307e-01
2.040816326530608960e-03,8.685113737513520580e-05,9.996502985375228523e-01
2.040816326530608960e-03,1.098541141987558346e-04,9.996303056907340778e-01
2.040816326530608960e-03,1.389495494373137348e-04,9.996050206004670757e-01
2.040816326530608960e-03,1.757510624854793067e-04,9.995730397210067508e-01
2.040816326530608960e-03,2.222996482526195465e-04,9.995325904221430413e-01
2.040816326530608960e-03,2.811768697974231118e-04,9.994814330310799466e-01
2.040816326530608960e-03,3.556480306223128661e-04,9.994167337049536526e-01
2.040816326530608960e-03,4.498432668969443876e-04,9.993349093806790373e-01
2.040816326530608960e-03,5.689866029018298636e-04,9.992314315535212321e-01
2.040816326530608960e-03,7.196856730011521675e-04,9.991005755423921775e-01
2.040816326530608960e-03,9.102981779915217267e-04,9.989351080177379938e-01
2.040816326530608960e-03,1.151395399326448146e-03,9.987258882927274595e-01
2.040816326530608960e-03,1.456348477501244378e-03,9.984613755903191112e-01
2.040816326530608960e-03,1.842069969326716331e-03,9.981269913253474346e-01
2.040816326530608960e-03,2.329951810515372077e-03,9.977043449571825207e-01
2.040816326530608960e-03,2.947051702551809708e-03,9.971702428229717308e-01
2.040816326530608960e-03,3.727593720314941773e-03,9.964954454945064155e-01
2.040816326530608960e-03,4.714866363457394238e-03,9.956431549547530846e-01
2.040816326530608960e-03,5.963623316594642357e-03,9.945670907286248141e-01
2.040816326530608960e-03,7.543120063354623143e-03,9.932091477960857118e-01
2.040816326530608960e-03,9.540954763499944619e-03,9.914965371929876925e-01
2.040816326530608960e-03,1.206792640639328847e-02,9.893382750246435542e-01
2.040816326530608960e-03,1.526417967175233356e-02,9.866210282691322275e-01
2.040816326530608960e-03,1.930697728883249559e-02,9.832041932443987831e-01
2.040816326530608960e-03,2.442053094548649744e-02,9.789142535090173958e-01
2.040816326530608960e-03,3.088843596477484910e-02,9.735385331075623316e-01
2.040816326530608960e-03,3.906939937054620948e-02,9.668186095649327072e-01
2.040816326530608960e-03,4.941713361323837872e-02,9.584440396308596677e-01
2.040816326530608960e-03,6.250551925273975518e-02,9.480473630245177530e-01
2.040816326530608960e-03,7.906043210907701124e-02,9.352021123999162411e-01
2.040816326530608960e-03,1.000000000000000056e-01,9.194262800807717628e-01
6.122448979591840756e-03,9.999999999999999547e-07,9.997145687318497176e-01
6.122448979591840756e-03,1.264855216855295881e-06,9.997143387167924944e-01
6.122448979591840756e-03,1.599858719606057360e-06,9.997140469458329903e-01
6.122448979591840756e-03,2.023589647725155726e-06,9.997136800920681798e-01
6.122448979591840756e-03,2.559547922699533382e-06,9.997132128997872069e-01
6.122448979591840756e-03,3.237457542817646685e-06,9.997126247147033462e-01
6.122448979591840756e-03,4.094915062380427237e-06,9.997118786891375786e-01
6.122448979591840756e-03,5.179474679231212330e-06,9.997109362948434219e-01
6.122448979591840756e-03,6.551285568595509496e-06,9.997097443871233446e-01
6.122448979591840756e-03,8.286427728546842542e-06,9.997082371338614770e-01
6.122448979591840756e-03,1.048113134154685250e-05,9.997063294030187341e-01
6.122448979591840756e-03,1.325711365590110898e-05,9.997039147050094110e-01
6.122448979591840756e-03,1.676832936811009972e-05,9.997008629645455224e-01
6.122448979591840756e-03,2.120950887920192640e-05,9.996970036969929918e-01
6.122448979591840756e-03,2.682695795279727390e-05,9.996921213760207037e-01
6.122448979591840756e-03,3.393221771895329857e-05,9.996859474800645629e-01
6.122448979591840756e-03,4.291934260128778017e-05,9.996781367475274793e-01
6.122448979591840756e-03,5.428675439323859403e-05,9.996682564336812904e-01
6.122448979591840756e-03,6.866488450042998925e-05,9.996557617839358922e-01
6.122448979591840756e-03,8.685113737513520580e-05,9.996399559679467473e-01
6.122448979591840756e-03,1.098541141987558346e-04,9.996199657765566515e-01
6.122448979591840756e-03,1.389495494373137348e-04,9.995946831619226813e-01
6.122448979591840756e-03,1.757510624854793067e-04,9.995627053027084097e-01
6.122448979591840756e-03,2.222996482526195465e-04,9.995222621400092766e-01
6.122448979591840756e-03,2.811768697974231118e-04,9.994711086097456398e-01
6.122448979591840756e-03,3.556480306223128661e-04,9.994064168901337641e-01
6.122448979591840756e-03,4.498432668969443876e-04,9.993246009590134316e-01
6.122448979591840756e-03,5.689866029018298636e-04,9.992211330396334468e-01
6.122448979591840756e-03,7.196856730011521675e-04,9.990902896467472871e-01
6.122448979591840756e-03,9.102981779915217267e-04,9.989248405872861447e-01
6.122448979591840756e-03,1.151395399326448146e-03,9.987156418445810591e-01
6.122448979591840756e-03,1.456348477501244378e-03,9.984511553703423470e-01
6.122448979591840756e-03,1.842069969326716331e-03,9.981168045366467512e-01
6.122448979591840756e-03,2.329951810515372077e-03,9.976942044031800183e-01
6.122448979591840756e-03,2.947051702551809708e-03,9.971601550317064078e-01
6.122448979591840756e-03,3.727593720314941773e-03,9.964854282918398365e-01
6.122448979591840756e-03,4.714866363457394238e-03,9.956332235232069339e-01
6.122448979591840756e-03,5.963623316594642357e-03,9.945572698841853576e-01
6.122448979591840756e-03,7.543120063354623143e-03,9.931994706540617779e-01
6.122448979591840756e-03,9.540954763499944619e-03,9.914870370980285452e-01
6.122448979591840756e-03,1.206792640639328847e-02,9.893290008339893360e-01
6.122448979591840756e-03,1.526417967175233356e-02,9.866120425827393792e-01
6.122448979591840756e-03,1.930697728883249559e-02,9.831955682891746484e-01
6.122448979591840756e-03,2.442053094548649744e-02,9.789060899127031146e-01
6.122448979591840756e-03,3.088843596477484910e-02,9.735309498411588436e-01
6.122448979591840756e-03,3.906939937054620948e-02,9.668117680862691188e-01
6.122448979591840756e-03,4.941713361323837872e-02,9.584381361809828359e-01
6.122448979591840756e-03,6.250551925273975518e-02,9.480426469190651462e-01
6.122448979591840756e-03,7.906043210907701124e-02,9.351989050579271323e-01
6.122448979591840756e-03,1.000000000000000056e-01,9.194249758299339881e-01
1.020408163265307255e-02,9.999999999999999547e-07,9.997025313494498633e-01
1.020408163265307255e-02,1.264855216855295881e-06,9.997023004687476400e-01
1.020408163265307255e-02,1.599858719606057360e-06,9.997020088525218062e-01
1.020408163265307255e-02,2.023589647725155726e-06,9.997016422250805112e-01
1.020408163265307255e-02,2.559547922699533382e-06,9.997011770159379695e-01
1.020408163265307255e-02,3.237457542817646685e-06,9.997005870008852657e-01
1.020408163265307255e-02,4.094915062380427237e-06,9.996998422428825526e-01
1.020408163265307255e-02,5.179474679231212330e-06,9.996988992186934819e-01
1.020408163265307255e-02,6.551285568595509496e-06,9.996977080510676128e-01
1.020408163265307255e-02,8.286427728546842542e-06,9.996961998638640434e-01
1.020408163265307255e-02,1.048113134154685250e-05,9.996942920396719723e-01
1.020408163265307255e-02,1.325711365590110898e-05,9.996918788565086755e-01
1.020408163265307255e-02,1.676832936811009972e-05,9.996888282445743901e-01
1.020408163265307255e-02,2.120950887920192640e-05,9.996849694305842693e-01
1.020408163265307255e-02,2.682695795279727390e-05,9.996800889125841971e-01
1.020408163265307255e-02,3.393221771895329857e-05,9.996739125659418468e-01
1.020408163265307255e-02,4.291934260128778017e-05,9.996661029785955943e-01
1.020408163265307255e-02,5.428675439323859403e-05,9.996562247845889315e-01
1.020408163265307255e-02,6.866488450042998925e-05,9.996437302348324394e-01
1.020408163265307255e-02,8.685113737513520580e-05,9.996279289517850941e-01
1.020408163265307255e-02,1.098541141987558346e-04,9.996079415417352676e-01
1.020408163265307255e-02,1.389495494373137348e-04,9.995826611137901274e-01
1.020408163265307255e-02,1.757510624854793067e-04,9.995506879432318748e-01
1.020408163265307255e-02,2.222996482526195465e-04,9.995102466594779633e-01
1.020408163265307255e-02,2.811768697974231118e-04,9.994591022340160169e-01
1.020408163265307255e-02,3.556480306223128661e-04,9.993944165824020232e-01
1.020408163265307255e-02,4.498432668969443876e-04,9.993126105044894958e-01
1.020408163265307255e-02,5.689866029018298636e-04,9.992091560143664397e-01
1.020408163265307255e-02,7.196856730011521675e-04,9.990783288125790751e-01
1.020408163265307255e-02,9.102981779915217267e-04,9.989128990435959254e-01
1.020408163265307255e-02,1.151395399326448146e-03,9.987037251315853403e-01
1.020408163265307255e-02,1.456348477501244378e-03,9.984392715824073061e-01
1.020408163265307255e-02,1.842069969326716331e-03,9.981049625802979053e-01
1.020408163265307255e-02,2.329951810515372077e-03,9.976824128693508875e-01
1.020408163265307255e-02,2.947051702551809708e-03,9.971484281383006243e-01
1.020408163265307255e-02,3.727593720314941773e-03,9.964737825238644264e-01
1.020408163265307255e-02,4.714866363457394238e-03,9.956216832417281726e-01
1.020408163265307255e-02,5.963623316594642357e-03,9.945458601288192924e-01
1.020408163265307255e-02,7.543120063354623143e-03,9.931882288467889230e-01
1.020408163265307255e-02,9.540954763499944619e-03,9.914760079456210740e-01
1.020408163265307255e-02,1.206792640639328847e-02,9.893182417251025207e-01
1.020408163265307255e-02,1.526417967175233356e-02,9.866016248752028650e-01
1.020408163265307255e-02,1.930697728883249559e-02,9.831855849453049467e-01
1.020408163265307255e-02,2.442053094548649744e-02,9.788966576897005778e-01
1.020408163265307255e-02,3.088843596477484910e-02,9.735222213355485543e-01
1.020408163265307255e-02,3.906939937054620948e-02,9.668039373836667671e-01
1.020408163265307255e-02,4.941713361323837872e-02,9.584314485183041965e-01
1.020408163265307255e-02,6.250551925273975518e-02,9.480374261741032482e-01
1.020408163265307255e-02,7.906043210907701124e-02,9.351955504797762053e-01
1.020408163265307255e-02,1.000000000000000056e-01,9.194240154182909963e-01
1.428571428571429047e-02,9.999999999999999547e-07,9.996887698934344701e-01
1.428571428571429047e-02,1.264855216855295881e-06,9.996885383804720027e-01
1.428571428571429047e-02,1.599858719606057360e-06,9.996882477970321368e-01
1.428571428571429047e-02,2.023589647725155726e-06,9.996878795347672320e-01
1.428571428571429047e-02,2.559547922699533382e-06,9.996874156754984586e-01
1.428571428571429047e-02,3.237457542817646685e-06,9.996868248632847509e-01
1.428571428571429047e-02,4.094915062380427237e-06,9.996860790476254088e-01
1.428571428571429047e-02,5.179474679231212330e-06,9.996851370387911384e-01
1.428571428571429047e-02,6.551285568595509496e-06,9.996839444621287152e-01
1.428571428571429047e-02,8.286427728546842542e-06,9.996824379029710661e-01
1.428571428571429047e-02,1.048113134154685250e-05,9.996805308885984287e-01
1.428571428571429047e-02,1.325711365590110898e-05,9.996781199969688725e-01
1.428571428571429047e-02,1.676832936811009972e-05,9.996750670165289732e-01
1.428571428571429047e-02,2.120950887920192640e-05,9.996712081455705334e-01
1.428571428571429047e-02,2.682695795279727390e-05,9.996663281131296097e-01
1.428571428571429047e-02,3.393221771895329857e-05,9.996601534446667436e-01
1.428571428571429047e-02,4.291934260128778017e-05,9.996523453761209099e-01
1.428571428571429047e-02,5.428675439323859403e-05,9.996424692242811272e-01
1.428571428571429047e-02,6.866488450042998925e-05,9.996299749301705839e-01
1.428571428571429047e-02,8.685113737513520580e-05,9.996141761195906916e-01
1.428571428571429047e-02,1.098541141987558346e-04,9.995941906154323098e-01
1.428571428571429047e-02,1.389495494373137348e-04,9.995689149862526657e-01
1.428571428571429047e-02,1.757510624854793067e-04,9.995369449176159105e-01
1.428571428571429047e-02,2.222996482526195465e-04,9.994965103708531862e-01
1.428571428571429047e-02,2.811768697974231118e-04,9.994453732597243789e-01
1.428571428571429047e-02,3.556480306223128661e-04,9.993806969651487515e-01
1.428571428571429047e-02,4.498432668969443876e-04,9.992989018629510056e-01
1.428571428571429047e-02,5.689866029018298636e-04,9.991954608931336024e-01
1.428571428571429047e-02,7.196856730011521675e-04,9.990646529109601381e-01
1.428571428571429047e-02,9.102981779915217267e-04,9.988992437210688635e-01
1.428571428571429047e-02,1.151395399326448146e-03,9.986901028522371382e-01
1.428571428571429047e-02,1.456348477501244378e-03,9.984256839179712628e-01
1.428571428571429047e-02,1.842069969326716331e-03,9.980914223760091186e-01
1.428571428571429047e-02,2.329951810515372077e-03,9.976689290988133285e-01
1.428571428571429047e-02,2.947051702551809708e-03,9.971350190673992087e-01
1.428571428571429047e-02,3.727593720314941773e-03,9.964604688157754353e-01
1.428571428571429047e-02,4.714866363457394238e-03,9.956084883317863898e-01
1.428571428571429047e-02,5.963623316594642357e-03,9.945328181744009788e-01
1.428571428571429047e-02,7.543120063354623143e-03,9.931753775449049249e-01
1.428571428571429047e-02,9.540954763499944619e-03,9.914634010464675740e-01
1.428571428571429047e-02,1.206792640639328847e-02,9.893059455920891754e-01
1.428571428571429047e-02,1.526417967175233356e-02,9.865897177824786146e-01
1.428571428571429047e-02,1.930697728883249559e-02,9.831741830871414400e-01
1.428571428571429047e-02,2.442053094548649744e-02,9.788858944738667578e-01
1.428571428571429047e-02,3.088843596477484910e-02,9.735122759602451437e-01
1.428571428571429047e-02,3.906939937054620948e-02,9.667950378363135977e-01
1.428571428571429047e-02,4.941713361323837872e-02,9.584238918873515534e-01
1.428571428571429047e-02,6.250551925273975518e-02,9.480315932616657504e-01
1.428571428571429047e-02,7.906043210907701124e-02,9.351919436936563246e-01
1.428571428571429047e-02,1.000000000000000056e-01,9.194232828319889306e-01
1.836734693877550839e-02,9.999999999999999547e-07,9.996731927250271932e-01
1.836734693877550839e-02,1.264855216855295881e-06,9.996729628873951556e-01
1.836734693877550839e-02,1.599858719606057360e-06,9.996726730543826767e-01
1.836734693877550839e-02,2.023589647725155726e-06,9.996723036043739796e-01
1.836734693877550839e-02,2.559547922699533382e-06,9.996718380797254833e-01
1.836734693877550839e-02,3.237457542817646685e-06,9.996712501181961308e-01
1.836734693877550839e-02,4.094915062380427237e-06,9.996705038704359891e-01
1.836734693877550839e-02,5.179474679231212330e-06,9.996695621672871956e-01
1.836734693877550839e-02,6.551285568595509496e-06,9.996683693348373811e-01
1.836734693877550839e-02,8.286427728546842542e-06,9.996668634116128160e-01
1.836734693877550839e-02,1.048113134154685250e-05,9.996649573888121143e-01
1.836734693877550839e-02,1.325711365590110898e-05,9.996625448300359151e-01
1.836734693877550839e-02,1.676832936811009972e-05,9.996594942131680206e-01
1.836734693877550839e-02,2.120950887920192640e-05,9.996556355237024016e-01
1.836734693877550839e-02,2.682695795279727390e-05,9.996507552955137266e-01
1.836734693877550839e-02,3.393221771895329857e-05,9.996445820743783406e-01
1.836734693877550839e-02,4.291934260128778017e-05,9.996367770708062261e-01
1.836734693877550839e-02,5.428675439323859403e-05,9.996268997001844792e-01
1.836734693877550839e-02,6.866488450042998925e-05,9.996144102013697630e-01
1.836734693877550839e-02,8.685113737513520580e-05,9.995986123717437444e-01
1.836734693877550839e-02,1.098541141987558346e-04,9.995786314440320286e-01
1.836734693877550839e-02,1.389495494373137348e-04,9.995533575350648015e-01
1.836734693877550839e-02,1.757510624854793067e-04,9.995213929958728372e-01
1.836734693877550839e-02,2.222996482526195465e-04,9.994809646904743161e-01
1.836734693877550839e-02,2.811768697974231118e-04,9.994298352730358603e-01
1.836734693877550839e-02,3.556480306223128661e-04,9.993651681205417692e-01
1.836734693877550839e-02,4.498432668969443876e-04,9.992833862193475358e-01
1.836734693877550839e-02,5.689866029018298636e-04,9.991799603516290373e-01
1.836734693877550839e-02,7.196856730011521675e-04,9.990491723825765114e-01
1.836734693877550839e-02,9.102981779915217267e-04,9.988837921280127041e-01
1.836734693877550839e-02,1.151395399326448146e-03,9.986746813890203800e-01
1.836734693877550839e-02,1.456348477501244378e-03,9.984103015618041033e-01
1.836734693877550839e-02,1.842069969326716331e-03,9.980760918767782597e-01
1.836734693877550839e-02,2.329951810515372077e-03,9.976536652437328900e-01
1.836734693877550839e-02,2.947051702551809708e-03,9.971198370053940829e-01
1.836734693877550839e-02,3.727593720314941773e-03,9.964453921118828772e-01
1.836734693877550839e-02,4.714866363457394238e-03,9.955935436156689855e-01
1.836734693877550839e-02,5.963623316594642357e-03,9.945180431412573574e-01
1.836734693877550839e-02,7.543120063354623143e-03,9.931608162729607114e-01
1.836734693877550839e-02,9.540954763499944619e-03,9.914491105677001315e-01
1.836734693877550839e-02,1.206792640639328847e-02,9.892919996423412687e-01
1.836734693877550839e-02,1.526417967175233356e-02,9.865762139273427378e-01
1.836734693877550839e-02,1.930697728883249559e-02,9.831612382592131993e-01
1.836734693877550839e-02,2.442053094548649744e-02,9.788736677267254604e-01
1.836734693877550839e-02,3.088843596477484910e-02,9.735009680970975188e-01
1.836734693877550839e-02,3.906939937054620948e-02,9.667849079572826687e-01
1.836734693877550839e-02,4.941713361323837872e-02,9.584152803526418962e-01
1.836734693877550839e-02,6.250551925273975518e-02,9.480249440929998661e-01
1.836734693877550839e-02,7.906043210907701124e-02,9.351878372978049692e-01
1.836734693877550839e-02,1.000000000000000056e-01,9.194224826466224076e-01
2.244897959183674019e-02,9.999999999999999547e-07,9.996556736831471168e-01
2.244897959183674019e-02,1.264855216855295881e-06,9.996554439680160886e-01
2.244897959183674019e-02,1.599858719606057360e-06,9.996551531872236440e-01
2.244897959183674019e-02,2.023589647725155726e-06,9.996547850335147922e-01
2.244897959183674019e-02,2.559547922699533382e-06,9.996543199425221848e-01
2.244897959183674019e-02,3.237457542817646685e-06,9.996537301418574328e-01
2.244897959183674019e-02,4.094915062380427237e-06,9.996529860198820616e-01
2.244897959183674019e-02,5.179474679231212330e-06,9.996520429188396895e-01
2.244897959183674019e-02,6.551285568595509496e-06,9.996508512482924491e-01
2.244897959183674019e-02,8.286427728546842542e-06,9.996493437781588387e-01
2.244897959183674019e-02,1.048113134154685250e-05,9.996474381017561583e-01
2.244897959183674019e-02,1.325711365590110898e-05,9.996450263317846474e-01
2.244897959183674019e-02,1.676832936811009972e-05,9.996419767459450156e-01
2.244897959183674019e-02,2.120950887920192640e-05,9.996381188563652209e-01
2.244897959183674019e-02,2.682695795279727390e-05,9.996332398113477735e-01
2.244897959183674019e-02,3.393221771895329857e-05,9.996270673717009281e-01
2.244897959183674019e-02,4.291934260128778017e-05,9.996192619326720319e-01
2.244897959183674019e-02,5.428675439323859403e-05,9.996093871792079977e-01
2.244897959183674019e-02,6.866488450042998925e-05,9.995969021398138921e-01
2.244897959183674019e-02,8.685113737513520580e-05,9.995811036103507963e-01
2.244897959183674019e-02,1.098541141987558346e-04,9.995611258564054413e-01
2.244897959183674019e-02,1.389495494373137348e-04,9.995358582978536299e-01
2.244897959183674019e-02,1.757510624854793067e-04,9.995038989162162713e-01
2.244897959183674019e-02,2.222996482526195465e-04,9.994634763217036255e-01
2.244897959183674019e-02,2.811768697974231118e-04,9.994123543089663553e-01
2.244897959183674019e-02,3.556480306223128661e-04,9.993476983827906945e-01
2.244897959183674019e-02,4.498432668969443876e-04,9.992659302702893154e-01
2.244897959183674019e-02,5.689866029018298636e-04,9.991625235823832218e-01
2.244897959183674019e-02,7.196856730011521675e-04,9.990317562333363988e-01
2.244897959183674019e-02,9.102981779915217267e-04,9.988664011793046971e-01
2.244897959183674019e-02,1.151395399326448146e-03,9.986573257438551288e-01
2.244897959183674019e-02,1.456348477501244378e-03,9.983929932704432852e-01
2.244897959183674019e-02,1.842069969326716331e-03,9.980588369734668674e-01
2.244897959183674019e-02,2.329951810515372077e-03,9.976364807186878236e-01
2.244897959183674019e-02,2.947051702551809708e-03,9.971027438958596223e-01
2.244897959183674019e-02,3.727593720314941773e-03,9.964284113646936225e-01
2.244897959183674019e-02,4.714866363457394238e-03,9.955767070045234979e-01
2.244897959183674019e-02,5.963623316594642357e-03,9.945013857817127656e-01
2.244897959183674019e-02,7.543120063354623143e-03,9.931443941061064429e-01
2.244897959183674019e-02,9.540954763499944619e-03,9.914329800211746369e-01
2.244897959183674019e-02,1.206792640639328847e-02,9.892762463957305297e-01
2.244897959183674019e-02,1.526417967175233356e-02,9.865609368076058150e-01
2.244897959183674019e-02,1.930697728883249559e-02,9.831465701204684660e-01
2.244897959183674019e-02,2.442053094548649744e-02,9.788597800574797558e-01
2.244897959183674019e-02,3.088843596477484910e-02,9.734880792754444512e-01
2.244897959183674019e-02,3.906939937054620948e-02,9.667733058854763861e-01
2.244897959183674019e-02,4.941713361323837872e-02,9.584053392416558292e-01
2.244897959183674019e-02,6.250551925273975518e-02,9.480171555193713795e-01
2.244897959183674019e-02,7.906043210907701124e-02,9.351828472311827234e-01
2.244897959183674019e-02,1.000000000000000056e-01,9.194211466416045697e-01
2.653061224489797199e-02,9.999999999999999547e-07,9.996360320138235611e-01
2.653061224489797199e-02,1.264855216855295881e-06,9.996358005327071750e-01
2.653061224489797199e-02,1.599858719606057360e-06,9.996355104566321259e-01
2.653061224489797199e-02,2.023589647725155726e-06,9.996351430877332689e-01
2.653061224489797199e-02,2.559547922699533382e-06,9.996346772745241527e-01
2.653061224489797199e-02,3.237457542817646685e-06,9.996340896180381241e-01
2.653061224489797199e-02,4.094915062380427237e-06,9.996333436653963567e-01
2.653061224489797199e-02,5.179474679231212330e-06,9.996324030320249410e-01
2.653061224489797199e-02,6.551285568595509496e-06,9.996312105103528634e-01
2.653061224489797199e-02,8.286427728546842542e-06,9.996297044202497872e-01
2.653061224489797199e-02,1.048113134154685250e-05,9.996277970945532942e-01
2.653061224489797199e-02,1.325711365590110898e-05,9.996253866540538713e-01
2.653061224489797199e-02,1.676832936811009972e-05,9.996223377932232923e-01
2.653061224489797199e-02,2.120950887920192640e-05,9.996184800892303768e-01
2.653061224489797199e-02,2.682695795279727390e-05,9.996136019206321999e-01
2.653061224489797199e-02,3.393221771895329857e-05,9.996074310972464794e-01
2.653061224489797199e-02,4.291934260128778017e-05,9.995996275195682124e-01
2.653061224489797199e-02,5.428675439323859403e-05,9.995897585536771546e-01
2.653061224489797199e-02,6.866488450042998925e-05,9.995772686574038168e-01
2.653061224489797199e-02,8.685113737513520580e-05,9.995614771615828342e-01
2.653061224489797199e-02,1.098541141987558346e-04,9.995415014908983764e-01
2.653061224489797199e-02,1.389495494373137348e-04,9.995162371476992158e-01
2.653061224489797199e-02,1.757510624854793067e-04,9.994842837505104605e-01
2.653061224489797199e-02,2.222996482526195465e-04,9.994438695772457359e-01
2.653061224489797199e-02,2.811768697974231118e-04,9.993927566499585247e-01
2.653061224489797199e-02,3.556480306223128661e-04,9.993281118058149337e-01
2.653061224489797199e-02,4.498432668969443876e-04,9.992463579996357925e-01
2.653061224489797199e-02,5.689866029018298636e-04,9.991429679884999970e-01
2.653061224489797199e-02,7.196856730011521675e-04,9.990122248546291495e-01
2.653061224489797199e-02,9.102981779915217267e-04,9.988468980378680806e-01
2.653061224489797199e-02,1.151395399326448146e-03,9.986378600498582170e-01
2.653061224489797199e-02,1.456348477501244378e-03,9.983735704611241824e-01
2.653061224489797199e-02,1.842069969326716331e-03,9.980394753286523368e-01
2.653061224489797199e-02,2.329951810515372077e-03,9.976171944850382722e-01
2.653061224489797199e-02,2.947051702551809708e-03,9.970835510012391323e-01
2.653061224489797199e-02,3.727593720314941773e-03,9.964093378799805389e-01
2.653061224489797199e-02,4.714866363457394238e-03,9.955577859963340437e-01
2.653061224489797199e-02,5.963623316594642357e-03,9.944826584682104897e-01
2.653061224489797199e-02,7.543120063354623143e-03,9.931259087238041294e-01
2.653061224489797199e-02,9.540954763499944619e-03,9.914148075388368175e-01
2.653061224489797199e-02,1.206792640639328847e-02,9.892584650991014250e-01
2.653061224489797199e-02,1.526417967175233356e-02,9.865436621278435014e-01
2.653061224489797199e-02,1.930697728883249559e-02,9.831299396095036780e-01
2.653061224489797199e-02,2.442053094548649744e-02,9.788439725021838012e-01
2.653061224489797199e-02,3.088843596477484910e-02,9.734733270277281525e-01
2.653061224489797199e-02,3.906939937054620948e-02,9.667599148575249934e-01
2.653061224489797199e-02,4.941713361323837872e-02,9.583937060716414269e-01
2.653061224489797199e-02,6.250551925273975518e-02,9.480078001071242655e-01
2.653061224489797199e-02,7.906043210907701124e-02,9.351764580800622229e-01
2.653061224489797199e-02,1.000000000000000056e-01,9.194186344890055151e-01
3.061224489795918990e-02,9.999999999999999547e-07,9.996140499184122952e-01
3.061224489795918990e-02,1.264855216855295881e-06,9.996138182796502347e-01
3.061224489795918990e-02,1.599858719606057360e-06,9.996135288127371288e-01
3.061224489795918990e-02,2.023589647725155726e-06,9.996131604222691092e-01
3.061224489795918990e-02,2.559547922699533382e-06,9.996126945881688153e-01
3.061224489795918990e-02,3.237457542817646685e-06,9.996121071675843073e-01
3.061224489795918990e-02,4.094915062380427237e-06,9.996113625925745483e-01
3.061224489795918990e-02,5.179474679231212330e-06,9.996104199117918920e-01
3.061224489795918990e-02,6.551285568595509496e-06,9.996092283864547179e-01
3.061224489795918990e-02,8.286427728546842542e-06,9.996077158040818089e-01
3.061224489795918990e-02,1.048113134154685250e-05,9.996058165905212789e-01
3.061224489795918990e-02,1.325711365590110898e-05,9.996034066367532889e-01
3.061224489795918990e-02,1.676832936811009972e-05,9.996003564693216603e-01
3.061224489795918990e-02,2.120950887920192640e-05,9.995965009854540506e-01
3.061224489795918990e-02,2.682695795279727390e-05,9.995916244320764976e-01
3.061224489795918990e-02,3.393221771895329857e-05,9.995854530320197329e-01
3.061224489795918990e-02,4.291934260128778017e-05,9.995776503596741636e-01
3.061224489795918990e-02,5.428675439323859403e-05,9.995677806238707497e-01
3.061224489795918990e-02,6.866488450042998925e-05,9.995552961920624035e-01
3.061224489795918990e-02,8.685113737513520580e-05,9.995395064569514432e-01
3.061224489795918990e-02,1.098541141987558346e-04,9.995195360760391612e-01
3.061224489795918990e-02,1.389495494373137348e-04,9.994942766245858978e-01
3.061224489795918990e-02,1.757510624854793067e-04,9.994623274296344784e-01
3.061224489795918990e-02,2.222996482526195465e-04,9.994219213346998698e-01
3.061224489795918990e-02,2.811768697974231118e-04,9.993708180064960755e-01
3.061224489795918990e-02,3.556480306223128661e-04,9.993061834076357730e-01
3.061224489795918990e-02,4.498432668969443876e-04,9.992244454843576262e-01
3.061224489795918990e-02,5.689866029018298636e-04,9.991210730326272049e-01
3.061224489795918990e-02,7.196856730011521675e-04,9.989903529314488884e-01
3.061224489795918990e-02,9.102981779915217267e-04,9.988250563447820252e-01
3.061224489795918990e-02,1.151395399326448146e-03,9.986160559378275403e-01
3.061224489795918990e-02,1.456348477501244378e-03,9.983518171767801208e-01
3.061224489795918990e-02,1.842069969326716331e-03,9.980177819632600755e-01
3.061224489795918990e-02,2.329951810515372077e-03,9.975955755017001936e-01
3.061224489795918990e-02,2.947051702551809708e-03,9.970620301807923136e-01
3.061224489795918990e-02,3.727593720314941773e-03,9.963879408573970142e-01
3.061224489795918990e-02,4.714866363457394238e-03,9.955365437865993927e-01
3.061224489795918990e-02,5.963623316594642357e-03,9.944616141379494234e-01
3.061224489795918990e-02,7.543120063354623143e-03,9.931051157708261634e-01
3.061224489795918990e-02,9.540954763499944619e-03,9.913943331618344512e-01
3.061224489795918990e-02,1.206792640639328847e-02,9.892383980011965061e-01
3.061224489795918990e-02,1.526417967175233356e-02,9.865241112139004898e-01
3.061224489795918990e-02,1.930697728883249559e-02,9.831110484150896722e-01
3.061224489795918990e-02,2.442053094548649744e-02,9.788259257262811319e-01
3.061224489795918990e-02,3.088843596477484910e-02,9.734563653187945365e-01
3.061224489795918990e-02,3.906939937054620948e-02,9.667443418626570084e-01
3.061224489795918990e-02,4.941713361323837872e-02,9.583799310484765188e-01
3.061224489795918990e-02,6.250551925273975518e-02,9.479963508826565466e-01
3.061224489795918990e-02,7.906043210907701124e-02,9.351680352629153647e-01
3.061224489795918990e-02,1.000000000000000056e-01,9.194141619521539743e-01
3.469387755102040782e-02,9.999999999999999547e-07,9.995894645921363786e-01
3.469387755102040782e-02,1.264855216855295881e-06,9.995892352351612997e-01
3.469387755102040782e-02,1.599858719606057360e-06,9.995889444161545345e-01
3.469387755102040782e-02,2.023589647725155726e-06,9.995885768196481891e-01
3.469387755102040782e-02,2.559547922699533382e-06,9.995881107560227186e-01
3.469387755102040782e-02,3.237457542817646685e-06,9.995875206442426109e-01
3.469387755102040782e-02,4.094915062380427237e-06,9.995867761768616466e-01
3.469387755102040782e-02,5.179474679231212330e-06,9.995858344396214568e-01
3.469387755102040782e-02,6.551285568595509496e-06,9.995846440152198475e-01
3.469387755102040782e-02,8.286427728546842542e-06,9.995831364456724266e-01
3.469387755102040782e-02,1.048113134154685250e-05,9.995812310704924597e-01
3.469387755102040782e-02,1.325711365590110898e-05,9.995788201063214862e-01
3.469387755102040782e-02,1.676832936811009972e-05,9.995757737877721816e-01
3.469387755102040782e-02,2.120950887920192640e-05,9.995719176276814943e-01
3.469387755102040782e-02,2.682695795279727390e-05,9.995670413290054235e-01
3.469387755102040782e-02,3.393221771895329857e-05,9.995608739467410908e-01
3.469387755102040782e-02,4.291934260128778017e-05,9.995530713247992027e-01
3.469387755102040782e-02,5.428675439323859403e-05,9.995432025288113476e-01
3.469387755102040782e-02,6.866488450042998925e-05,9.995307207716596087e-01
3.469387755102040782e-02,8.685113737513520580e-05,9.995149326103737186e-01
3.469387755102040782e-02,1.098541141987558346e-04,9.994949661643163230e-01
3.469387755102040782e-02,1.389495494373137348e-04,9.994697100174334548e-01
3.469387755102040782e-02,1.757510624854793067e-04,9.994377695194346378e-01
3.469387755102040782e-02,2.222996482526195465e-04,9.993973688231726493e-01
3.469387755102040782e-02,2.811768697974231118e-04,9.993462741894834078e-01
3.469387755102040782e-02,3.556480306223128661e-04,9.992816536924057358e-01
3.469387755102040782e-02,4.498432668969443876e-04,9.991999287873747360e-01
3.469387755102040782e-02,5.689866029018298636e-04,9.990965765242901808e-01
3.469387755102040782e-02,7.196856730011521675e-04,9.989658801812094646e-01
3.469387755102040782e-02,9.102981779915217267e-04,9.988006143347567534e-01
3.469387755102040782e-02,1.151395399326448146e-03,9.985916505951171196e-01
3.469387755102040782e-02,1.456348477501244378e-03,9.983274588271658923e-01
3.469387755102040782e-02,1.842069969326716331e-03,9.979934848573417394e-01
3.469387755102040782e-02,2.329951810515372077e-03,9.975713559767893646e-01
3.469387755102040782e-02,2.947051702551809708e-03,9.970379076003184071e-01
3.469387755102040782e-02,3.727593720314941773e-03,9.963639392257276350e-01
3.469387755102040782e-02,4.714866363457394238e-03,9.955127021269316590e-01
3.469387755102040782e-02,5.963623316594642357e-03,9.944379700397030231e-01
3.469387755102040782e-02,7.543120063354623143e-03,9.930817196284212889e-01
3.469387755102040782e-02,9.540954763499944619e-03,9.913712560933020113e-01
3.469387755102040782e-02,1.206792640639328847e-02,9.892157270598399554e-01
3.469387755102040782e-02,1.526417967175233356e-02,9.865019561639969403e-01
3.469387755102040782e-02,1.930697728883249559e-02,9.830895489326252346e-01
3.469387755102040782e-02,2.442053094548649744e-02,9.788052676854031020e-01
3.469387755102040782e-02,3.088843596477484910e-02,9.734367795627781872e-01
3.469387755102040782e-02,3.906939937054620948e-02,9.667261369329704923e-01
3.469387755102040782e-02,4.941713361323837872e-02,9.583634976879938927e-01
3.469387755102040782e-02,6.250551925273975518e-02,9.479822062763119117e-01
3.469387755102040782e-02,7.906043210907701124e-02,9.351568565171155534e-01
3.469387755102040782e-02,1.000000000000000056e-01,9.194068380246650518e-01
3.877551020408162574e-02,9.999999999999999547e-07,9.995619762348049164e-01
3.877551020408162574e-02,1.264855216855295881e-06,9.995617460790181541e-01
3.877551020408162574e-02,1.599858719606057360e-06,9.995614558088413704e-01
3.877551020408162574e-02,2.023589647725155726e-06,9.995610887509203124e-01
3.877551020408162574e-02,2.559547922699533382e-06,9.995606220641528594e-01
3.877551020408162574e-02,3.237457542817646685e-06,9.995600366024318673e-01
3.877551020408162574e-02,4.094915062380427237e-06,9.995592891467246499e-01
3.877551020408162574e-02,5.179474679231212330e-06,9.995583482795313834e-01
3.877551020408162574e-02,6.551285568595509496e-06,9.995571576127076918e-01
3.877551020408162574e-02,8.286427728546842542e-06,9.995556501191730225e-01
3.877551020408162574e-02,1.048113134154685250e-05,9.995537467987999358e-01
3.877551020408162574e-02,1.325711365590110898e-05,9.995513375929583333e-01
3.877551020408162574e-02,1.676832936811009972e-05,9.995482892255362906e-01
3.877551020408162574e-02,2.120950887920192640e-05,9.995444363939735011e-01
3.877551020408162574e-02,2.682695795279727390e-05,9.995395577907235651e-01
3.877551020408162574e-02,3.393221771895329857e-05,9.995333921127439458e-01
3.877551020408162574e-02,4.291934260128778017e-05,9.995255909840241593e-01
3.877551020408162574e-02,5.428675439323859403e-05,9.995157254222032384e-01
3.877551020408162574e-02,6.866488450042998925e-05,9.995032453307743925e-01
3.877551020408162574e-02,8.685113737513520580e-05,9.994874606889433410e-01
3.877551020408162574e-02,1.098541141987558346e-04,9.994674960235695460e-01
3.877551020408162574e-02,1.389495494373137348e-04,9.994422454596371130e-01
3.877551020408162574e-02,1.757510624854793067e-04,9.994103087990019452e-01
3.877551020408162574e-02,2.222996482526195465e-04,9.993699172107619599e-01
3.877551020408162574e-02,2.811768697974231118e-04,9.993188318675835236e-01
3.877551020408162574e-02,3.556480306223128661e-04,9.992542205979013659e-01
3.877551020408162574e-02,4.498432668969443876e-04,9.991725102551789472e-01
3.877551020408162574e-02,5.689866029018298636e-04,9.990691765788496381e-01
3.877551020408162574e-02,7.196856730011521675e-04,9.989385009997032716e-01
3.877551020408162574e-02,9.102981779915217267e-04,9.987732664384678660e-01
3.877551020408162574e-02,1.151395399326448146e-03,9.985643387601034204e-01
3.877551020408162574e-02,1.456348477501244378e-03,9.983001940345769265e-01
3.877551020408162574e-02,1.842069969326716331e-03,9.979662784284606403e-01
3.877551020408162574e-02,2.329951810515372077e-03,9.975442236827599674e-01
3.877551020408162574e-02,2.947051702551809708e-03,9.970108685123065806e-01
3.877551020408162574e-02,3.727593720314941773e-03,9.963370218583874616e-01
3.877551020408162574e-02,4.714866363457394238e-03,9.954859337760728621e-01
3.877551020408162574e-02,5.963623316594642357e-03,9.944113933525524640e-01
3.877551020408162574e-02,7.543120063354623143e-03,9.930553891839825065e-01
3.877551020408162574e-02,9.540954763499944619e-03,9.913452362247080485e-01
3.877551020408162574e-02,1.206792640639328847e-02,9.891900978188696847e-01
3.877551020408162574e-02,1.526417967175233356e-02,9.864768260615754958e-01
3.877551020408162574e-02,1.930697728883249559e-02,9.830650522537177638e-01
3.877551020408162574e-02,2.442053094548649744e-02,9.787815738009464361e-01
3.877551020408162574e-02,3.088843596477484910e-02,9.734141179480191308e-01
3.877551020408162574e-02,3.906939937054620948e-02,9.667047889710813635e-01
3.877551020408162574e-02,4.941713361323837872e-02,9.583438325247835010e-01
3.877551020408162574e-02,6.250551925273975518e-02,9.479647021779190608e-01
3.877551020408162574e-02,7.906043210907701124e-02,9.351421315886241370e-01
3.877551020408162574e-02,1.000000000000000056e-01,9.193957001349361002e-01
4.285714285714287142e-02,9.999999999999999547e-07,9.995312580549541304e-01
4.285714285714287142e-02,1.264855216855295881e-06,9.995310283716366540e-01
4.285714285714287142e-02,1.599858719606057360e-06,9.995307381004139291e-01
4.285714285714287142e-02,2.023589647725155726e-06,9.995303684613661144e-01
4.285714285714287142e-02,2.559547922699533382e-06,9.995299033459558169e-01
4.285714285714287142e-02,3.237457542817646685e-06,9.995293144422461307e-01
4.285714285714287142e-02,4.094915062380427237e-06,9.995285714546262579e-01
4.285714285714287142e-02,5.179474679231212330e-06,9.995276290944330455e-01
4.285714285714287142e-02,6.551285568595509496e-06,9.995264400256261839e-01
4.285714285714287142e-02,8.286427728546842542e-06,9.995249350444542769e-01
4.285714285714287142e-02,1.048113134154685250e-05,9.995230287082504939e-01
4.285714285714287142e-02,1.325711365590110898e-05,9.995206195736003885e-01
4.285714285714287142e-02,1.676832936811009972e-05,9.995175725699696478e-01
4.285714285714287142e-02,2.120950887920192640e-05,9.995137182043144497e-01
4.285714285714287142e-02,2.682695795279727390e-05,9.995088439387684875e-01
4.285714285714287142e-02,3.393221771895329857e-05,9.995026766929545614e-01
4.285714285714287142e-02,4.291934260128778017e-05,9.994948763462120356e-01
4.285714285714287142e-02,5.428675439323859403e-05,9.994850130742226613e-01
4.285714285714287142e-02,6.866488450042998925e-05,9.994725352010692676e-01
4.285714285714287142e-02,8.685113737513520580e-05,9.994567525815080122e-01
4.285714285714287142e-02,1.098541141987558346e-04,9.994367921605307181e-01
4.285714285714287142e-02,1.389495494373137348e-04,9.994115461050122606e-01
4.285714285714287142e-02,1.757510624854793067e-04,9.993796165075459204e-01
4.285714285714287142e-02,2.222996482526195465e-04,9.993392303035152358e-01
4.285714285714287142e-02,2.811768697974231118e-04,9.992881511540256945e-01
4.285714285714287142e-02,3.556480306223128661e-04,9.992235538331053490e-01
4.285714285714287142e-02,4.498432668969443876e-04,9.991418564366891797e-01
4.285714285714287142e-02,5.689866029018298636e-04,9.990385395898673249e-01
4.285714285714287142e-02,7.196856730011521675e-04,9.989078869905212432e-01
4.285714285714287142e-02,9.102981779915217267e-04,9.987426775500328757e-01
4.285714285714287142e-02,1.151395399326448146e-03,9.985337844247552663e-01
4.285714285714287142e-02,1.456348477501244378e-03,9.982696858031201437e-01
4.285714285714287142e-02,1.842069969326716331e-03,9.979358242751945607e-01
4.285714285714287142e-02,2.329951810515372077e-03,9.975138394818339194e-01
4.285714285714287142e-02,2.947051702551809708e-03,9.969805749001915407e-01
4.285714285714287142e-02,3.727593720314941773e-03,9.963068403548064333e-01
4.285714285714287142e-02,4.714866363457394238e-03,9.954558945182949703e-01
4.285714285714287142e-02,5.963623316594642357e-03,9.943815349648091884e-01
4.285714285714287142e-02,7.543120063354623143e-03,9.930257587757067572e-01
4.285714285714287142e-02,9.540954763499944619e-03,9.913158920390319206e-01
4.285714285714287142e-02,1.206792640639328847e-02,9.891611210464609227e-01
4.285714285714287142e-02,1.526417967175233356e-02,9.864483106769622589e-01
4.285714285714287142e-02,1.930697728883249559e-02,9.830371289490247300e-01
4.285714285714287142e-02,2.442053094548649744e-02,9.787543956448528926e-01
4.285714285714287142e-02,3.088843596477484910e-02,9.733878857914080029e-01
4.285714285714287142e-02,3.906939937054620948e-02,9.666797608475066195e-01
4.285714285714287142e-02,4.941713361323837872e-02,9.583203318188221465e-01
4.285714285714287142e-02,6.250551925273975518e-02,9.479431447464551352e-01
4.285714285714287142e-02,7.906043210907701124e-02,9.351230497932319086e-01
4.285714285714287142e-02,1.000000000000000056e-01,9.193797742591249822e-01
4.693877551020408934e-02,9.999999999999999547e-07,9.994969572539633695e-01
4.693877551020408934e-02,1.264855216855295881e-06,9.994967250687153415e-01
4.693877551020408934e-02,1.599858719606057360e-06,9.994964361242730799e-01
4.693877551020408934e-02,2.023589647725155726e-06,9.994960669665897690e-01
4.693877551020408934e-02,2.559547922699533382e-06,9.994956011101525650e-01
4.693877551020408934e-02,3.237457542817646685e-06,9.994950143790087838e-01
4.693877551020408934e-02,4.094915062380427237e-06,9.994942691648285304e-01
4.693877551020408934e-02,5.179474679231212330e-06,9.994933277556691253e-01
4.693877551020408934e-02,6.551285568595509496e-06,9.994921378381331767e-01
4.693877551020408934e-02,8.286427728546842542e-06,9.994906320233125641e-01
4.693877551020408934e-02,1.048113134154685250e-05,9.994887271475449975e-01
4.693877551020408934e-02,1.325711365590110898e-05,9.994863189142937365e-01
4.693877551020408934e-02,1.676832936811009972e-05,9.994832734897426407e-01
4.693877551020408934e-02,2.120950887920192640e-05,9.994794177567382087e-01
4.693877551020408934e-02,2.682695795279727390e-05,9.994745433067399043e-01
4.693877551020408934e-02,3.393221771895329857e-05,9.994683779709164773e-01
4.693877551020408934e-02,4.291934260128778017e-05,9.994605801565871195e-01
4.693877551020408934e-02,5.428675439323859403e-05,9.994507163972012886e-01
4.693877551020408934e-02,6.866488450042998925e-05,9.994382459953764508e-01
4.693877551020408934e-02,8.685113737513520580e-05,9.994224615881732721e-01
4.693877551020408934e-02,1.098541141987558346e-04,9.994025051089429068e-01
4.693877551020408934e-02,1.389495494373137348e-04,9.993772619499897703e-01
4.693877551020408934e-02,1.757510624854793067e-04,9.993453356386379216e-01
4.693877551020408934e-02,2.222996482526195465e-04,9.993049561510706225e-01
4.693877551020408934e-02,2.811768697974231118e-04,9.992538863570022967e-01
4.693877551020408934e-02,3.556480306223128661e-04,9.991892961048755017e-01
4.693877551020408934e-02,4.498432668969443876e-04,9.991076128101762377e-01
4.693877551020408934e-02,5.689866029018298636e-04,9.990043118341799255e-01
4.693877551020408934e-02,7.196856730011521675e-04,9.988736793280760251e-01
4.693877551020408934e-02,9.102981779915217267e-04,9.987084933770603579e-01
4.693877551020408934e-02,1.151395399326448146e-03,9.984996324300702275e-01
4.693877551020408934e-02,1.456348477501244378e-03,9.982355707059391570e-01
4.693877551020408934e-02,1.842069969326716331e-03,9.979017621139106842e-01
4.693877551020408934e-02,2.329951810515372077e-03,9.974798414804714186e-01
4.693877551020408934e-02,2.947051702551809708e-03,9.969466565524122137e-01
4.693877551020408934e-02,3.727593720314941773e-03,9.962730233767252974e-01
4.693877551020408934e-02,4.714866363457394238e-03,9.954222057722885708e-01
4.693877551020408934e-02,5.963623316594642357e-03,9.943480067969009406e-01
4.693877551020408934e-02,7.543120063354623143e-03,9.929924372232838969e-01
4.693877551020408934e-02,9.540954763499944619e-03,9.912828308003917011e-01
4.693877551020408934e-02,1.206792640639328847e-02,9.891283853478434196e-01
4.693877551020408934e-02,1.526417967175233356e-02,9.864159904432514558e-01
4.693877551020408934e-02,1.930697728883249559e-02,9.830053282513924184e-01
4.693877551020408934e-02,2.442053094548649744e-02,9.787232542896973086e-01
4.693877551020408934e-02,3.088843596477484910e-02,9.733575731467860592e-01
4.693877551020408934e-02,3.906939937054620948e-02,9.666504913001435773e-01
4.693877551020408934e-02,4.941713361323837872e-02,9.582923772156176634e-01
4.693877551020408934e-02,6.250551925273975518e-02,9.479168408421546621e-01
4.693877551020408934e-02,7.906043210907701124e-02,9.350988112702548483e-01
4.693877551020408934e-02,1.000000000000000056e-01,9.193581171564928489e-01
5.102040816326530726e-02,9.999999999999999547e-07,9.994587068395248686e-01
5.102040816326530726e-02,1.264855216855295881e-06,9.994584771228415265e-01
5.102040816326530726e-02,1.599858719606057360e-06,9.994581871016660068e-01
5.102040816326530726e-02,2.023589647725155726e-06,9.994578183618494371e-01
5.102040816326530726e-02,2.559547922699533382e-06,9.994573541313656051e-01
5.102040816326530726e-02,3.237457542817646685e-06,9.994567648679364424e-01
5.102040816326530726e-02,4.094915062380427237e-06,9.994560216545158582e-01
5.102040816326530726e-02,5.179474679231212330e-06,9.994550807920086211e-01
5.102040816326530726e-02,6.551285568595509496e-06,9.994538907244732151e-01
5.102040816326530726e-02,8.286427728546842542e-06,9.994523843979495892e-01
5.102040816326530726e-02,1.048113134154685250e-05,9.994504802681430933e-01
5.102040816326530726e-02,1.325711365590110898e-05,9.994480729705378375e-01
5.102040816326530726e-02,1.676832936811009972e-05,9.994450258097070661e-01
5.102040816326530726e-02,2.120950887920192640e-05,9.994411720220813811e-01
5.102040816326530726e-02,2.682695795279727390e-05,9.994362985403459909e-01
5.102040816326530726e-02,3.393221771895329857e-05,9.994301343844429475e-01
5.102040816326530726e-02,4.291934260128778017e-05,9.994223380034328308e-01
5.102040816326530726e-02,5.428675439323859403e-05,9.994124752878070783e-01
5.102040816326530726e-02,6.866488450042998925e-05,9.994000007494622251e-01
5.102040816326530726e-02,8.685113737513520580e-05,9.993842243776973611e-01
5.102040816326530726e-02,1.098541141987558346e-04,9.993642690072884749e-01
5.102040816326530726e-02,1.389495494373137348e-04,9.993390286936747469e-01
5.102040816326530726e-02,1.757510624854793067e-04,9.993071063550036381e-01
5.102040816326530726e-02,2.222996482526195465e-04,9.992667339215850486e-01
5.102040816326530726e-02,2.811768697974231118e-04,9.992156687570902251e-01
5.102040816326530726e-02,3.556480306223128661e-04,9.991510885298606759e-01
5.102040816326530726e-02,4.498432668969443876e-04,9.990694159683262132e-01
5.102040816326530726e-02,5.689866029018298636e-04,9.989661244941333562e-01
5.102040816326530726e-02,7.196856730011521675e-04,9.988355106411503925e-01
5.102040816326530726e-02,9.102981779915217267e-04,9.986703475354488102e-01
5.102040816326530726e-02,1.151395399326448146e-03,9.984615139344096280e-01
5.102040816326530726e-02,1.456348477501244378e-03,9.981974865278060438e-01
5.102040816326530726e-02,1.842069969326716331e-03,9.978637197103171763e-01
5.102040816326530726e-02,2.329951810515372077e-03,9.974418549303112336e-01
5.102040816326530726e-02,2.947051702551809708e-03,9.969087403697077798e-01
5.102040816326530726e-02,3.727593720314941773e-03,9.962351920436292030e-01
5.102040816326530726e-02,4.714866363457394238e-03,9.953844847240344018e-01
5.102040816326530726e-02,5.963623316594642357e-03,9.943104252676121524e-01
5.102040816326530726e-02,7.543120063354623143e-03,9.929550272107295905e-01
5.102040816326530726e-02,9.540954763499944619e-03,9.912456433618059837e-01
5.102040816326530726e-02,1.206792640639328847e-02,9.890914745948314879e-01
5.102040816326530726e-02,1.526417967175233356e-02,9.863794281596398594e-01
5.102040816326530726e-02,1.930697728883249559e-02,9.829692031493690862e-01
5.102040816326530726e-02,2.442053094548649744e-02,9.786876755014948248e-01
5.102040816326530726e-02,3.088843596477484910e-02,9.733226754385203572e-01
5.102040816326530726e-02,3.906939937054620948e-02,9.666164432459534162e-01
5.102040816326530726e-02,4.941713361323837872e-02,9.582593760245491366e-01
5.102040816326530726e-02,6.250551925273975518e-02,9.478851298295194461e-01
5.102040816326530726e-02,7.906043210907701124e-02,9.350686769826271894e-01
5.102040816326530726e-02,1.000000000000000056e-01,9.193298869027208831e-01
5.510204081632655293e-02,9.999999999999999547e-07,9.994161623143053008e-01
5.510204081632655293e-02,1.264855216855295881e-06,9.994159320911670807e-01
5.510204081632655293e-02,1.599858719606057360e-06,9.994156412514763055e-01
5.510204081632655293e-02,2.023589647725155726e-06,9.994152742863761096e-01
5.510204081632655293e-02,2.559547922699533382e-06,9.994148094740441524e-01
5.510204081632655293e-02,3.237457542817646685e-06,9.994142206390366212e-01
5.510204081632655293e-02,4.094915062380427237e-06,9.994134770728680950e-01
5.510204081632655293e-02,5.179474679231212330e-06,9.994125374068316692e-01
5.510204081632655293e-02,6.551285568595509496e-06,9.994113469195170518e-01
5.510204081632655293e-02,8.286427728546842542e-06,9.994098429385489535e-01
5.510204081632655293e-02,1.048113134154685250e-05,9.994079359655203554e-01
5.510204081632655293e-02,1.325711365590110898e-05,9.994055296269879207e-01
5.510204081632655293e-02,1.676832936811009972e-05,9.994024840350711480e-01
5.510204081632655293e-02,2.120950887920192640e-05,9.993986305005227999e-01
5.510204081632655293e-02,2.682695795279727390e-05,9.993937561368914091e-01
5.510204081632655293e-02,3.393221771895329857e-05,9.993875928875189940e-01
5.510204081632655293e-02,4.291934260128778017e-05,9.993797977513461106e-01
5.510204081632655293e-02,5.428675439323859403e-05,9.993699357819423312e-01
5.510204081632655293e-02,6.866488450042998925e-05,9.993574628449336528e-01
5.510204081632655293e-02,8.685113737513520580e-05,9.993416877447108826e-01
5.510204081632655293e-02,1.098541141987558346e-04,9.993217345241709459e-01
5.510204081632655293e-02,1.389495494373137348e-04,9.992964986072009337e-01
5.510204081632655293e-02,1.757510624854793067e-04,9.992645796553939475e-01
5.510204081632655293e-02,2.222996482526195465e-04,9.992242087956942909e-01
5.510204081632655293e-02,2.811768697974231118e-04,9.991731502218028638e-01
5.510204081632655293e-02,3.556480306223128661e-04,9.991085775195068797e-01
5.510204081632655293e-02,4.498432668969443876e-04,9.990269119992675195e-01
5.510204081632655293e-02,5.689866029018298636e-04,9.989236329371619094e-01
5.510204081632655293e-02,7.196856730011521675e-04,9.987930326411195159e-01
5.510204081632655293e-02,9.102981779915217267e-04,9.986278862312144566e-01
5.510204081632655293e-02,1.151395399326448146e-03,9.984190736223709228e-01
5.510204081632655293e-02,1.456348477501244378e-03,9.981550728879244883e-01
5.510204081632655293e-02,1.842069969326716331e-03,9.978213416011696424e-01
5.510204081632655293e-02,2.329951810515372077e-03,9.973995213544152305e-01
5.510204081632655293e-02,2.947051702551809708e-03,9.968664582750179637e-01
5.510204081632655293e-02,3.727593720314941773e-03,9.961929817009758104e-01
5.510204081632655293e-02,4.714866363457394238e-03,9.953423615807025504e-01
5.510204081632655293e-02,5.963623316594642357e-03,9.942684137560227065e-01
5.510204081632655293e-02,7.543120063354623143e-03,9.929131537611614045e-01
5.510204081632655293e-02,9.540954763499944619e-03,9.912039414523741154e-01
5.510204081632655293e-02,1.206792640639328847e-02,9.890499896295642523e-01
5.510204081632655293e-02,1.526417967175233356e-02,9.863382138954992495e-01
5.510204081632655293e-02,1.930697728883249559e-02,9.829283226200214996e-01
5.510204081632655293e-02,2.442053094548649744e-02,9.786472102313693577e-01
5.510204081632655293e-02,3.088843596477484910e-02,9.732827217408974718e-01
5.510204081632655293e-02,3.906939937054620948e-02,9.665771071073022691e-01
5.510204081632655293e-02,4.941713361323837872e-02,9.582207889290497160e-01
5.510204081632655293e-02,6.250551925273975518e-02,9.478474311829262478e-01
5.510204081632655293e-02,7.906043210907701124e-02,9.350320067401475255e-01
5.510204081632655293e-02,1.000000000000000056e-01,9.192943774422244196e-01
5.918367346938777085e-02,9.999999999999999547e-07,9.993690055891175650e-01
5.918367346938777085e-02,1.264855216855295881e-06,9.993687753529042483e-01
5.918367346938777085e-02,1.599858719606057360e-06,9.993684842664098955e-01
5.918367346938777085e-02,2.023589647725155726e-06,9.993681168102349632e-01
5.918367346938777085e-02,2.559547922699533382e-06,9.993676524200075795e-01
5.918367346938777085e-02,3.237457542817646685e-06,9.993670636783743566e-01
5.918367346938777085e-02,4.094915062380427237e-06,9.993663216025774343e-01
5.918367346938777085e-02,5.179474679231212330e-06,9.993653793396203300e-01
5.918367346938777085e-02,6.551285568595509496e-06,9.993641896472753583e-01
5.918367346938777085e-02,8.286427728546842542e-06,9.993626828769430759e-01
5.918367346938777085e-02,1.048113134154685250e-05,9.993607808159670203e-01
5.918367346938777085e-02,1.325711365590110898e-05,9.993583703752956238e-01
5.918367346938777085e-02,1.676832936811009972e-05,9.993553265359109705e-01
5.918367346938777085e-02,2.120950887920192640e-05,9.993514747210267002e-01
5.918367346938777085e-02,2.682695795279727390e-05,9.993466029748490076e-01
5.918367346938777085e-02,3.393221771895329857e-05,9.993404375682670704e-01
5.918367346938777085e-02,4.291934260128778017e-05,9.993326408037674913e-01
5.918367346938777085e-02,5.428675439323859403e-05,9.993227807961142517e-01
5.918367346938777085e-02,6.866488450042998925e-05,9.993103094104760498e-01
5.918367346938777085e-02,8.685113737513520580e-05,9.992945363646562607e-01
5.918367346938777085e-02,1.098541141987558346e-04,9.992745827821739590e-01
5.918367346938777085e-02,1.389495494373137348e-04,9.992493490505417464e-01
5.918367346938777085e-02,1.757510624854793067e-04,9.992174313237461858e-01
5.918367346938777085e-02,2.222996482526195465e-04,9.991770653858210727e-01
5.918367346938777085e-02,2.811768697974231118e-04,9.991260094783592782e-01
5.918367346938777085e-02,3.556480306223128661e-04,9.990614385953999754e-01
5.918367346938777085e-02,4.498432668969443876e-04,9.989797810008085310e-01
5.918367346938777085e-02,5.689866029018298636e-04,9.988765108906382251e-01
5.918367346938777085e-02,7.196856730011521675e-04,9.987459216262635220e-01
5.918367346938777085e-02,9.102981779915217267e-04,9.985807848174403922e-01
5.918367346938777085e-02,1.151395399326448146e-03,9.983719893566543879e-01
5.918367346938777085e-02,1.456348477501244378e-03,9.981080117915087646e-01
5.918367346938777085e-02,1.842069969326716331e-03,9.977743003540793243e-01
5.918367346938777085e-02,2.329951810515372077e-03,9.973525128635298831e-01
5.918367346938777085e-02,2.947051702551809708e-03,9.968194891007823299e-01
5.918367346938777085e-02,3.727593720314941773e-03,9.961460604207530434e-01
5.918367346938777085e-02,4.714866363457394238e-03,9.952955009084011317e-01
5.918367346938777085e-02,5.963623316594642357e-03,9.942216311324671985e-01
5.918367346938777085e-02,7.543120063354623143e-03,9.928664685094268361e-01
5.918367346938777085e-02,9.540954763499944619e-03,9.911573744498558547e-01
5.918367346938777085e-02,1.206792640639328847e-02,9.890035722866240553e-01
5.918367346938777085e-02,1.526417967175233356e-02,9.862919772132390239e-01
5.918367346938777085e-02,1.930697728883249559e-02,9.828823111583347982e-01
5.918367346938777085e-02,2.442053094548649744e-02,9.786014698334057904e-01
5.918367346938777085e-02,3.088843596477484910e-02,9.732372993523678018e-01
5.918367346938777085e-02,3.906939937054620948e-02,9.665320617987781526e-01
5.918367346938777085e-02,4.941713361323837872e-02,9.581761686208800644e-01
5.918367346938777085e-02,6.250551925273975518e-02,9.478032705586078022e-01
5.918367346938777085e-02,7.906043210907701124e-02,9.349883118367980916e-01
5.918367346938777085e-02,1.000000000000000056e-01,9.192510830726053905e-01
6.326530612244898877e-02,9.999999999999999547e-07,9.993169744110024233e-01
6.326530612244898877e-02,1.264855216855295881e-06,9.993167459304271860e-01
6.326530612244898877e-02,1.599858719606057360e-06,9.993164564405048189e-01
6.326530612244898877e-02,2.023589647725155726e-06,9.993160872053680199e-01
6.326530612244898877e-02,2.559547922699533382e-06,9.993156229486214182e-01
6.326530612244898877e-02,3.237457542817646685e-06,9.993150329649881369e-01
6.326530612244898877e-02,4.094915062380427237e-06,9.993142900347123936e-01
6.326530612244898877e-02,5.179474679231212330e-06,9.993133507426251727e-01
6.326530612244898877e-02,6.551285568595509496e-06,9.993121594017675413e-01
6.326530612244898877e-02,8.286427728546842542e-06,9.993106545867259660e-01
6.326530612244898877e-02,1.048113134154685250e-05,9.993087513982200631e-01
6.326530612244898877e-02,1.325711365590110898e-05,9.993063423810381041e-01
6.326530612244898877e-02,1.676832936811009972e-05,9.993032984825802600e-01
6.326530612244898877e-02,2.120950887920192640e-05,9.992994448227272564e-01
6.326530612244898877e-02,2.682695795279727390e-05,9.992945723470841868e-01
6.326530612244898877e-02,3.393221771895329857e-05,9.992884090091231908e-01
6.326530612244898877e-02,4.291934260128778017e-05,9.992806144622674580e-01
6.326530612244898877e-02,5.428675439323859403e-05,9.992707543602387110e-01
6.326530612244898877e-02,6.866488450042998925e-05,9.992582817361160830e-01
6.326530612244898877e-02,8.685113737513520580e-05,9.992425095024841664e-01
6.326530612244898877e-02,1.098541141987558346e-04,9.992225589765573179e-01
6.326530612244898877e-02,1.389495494373137348e-04,9.991973253728794191e-01
6.326530612244898877e-02,1.757510624854793067e-04,9.991654079026167645e-01
6.326530612244898877e-02,2.222996482526195465e-04,9.991250431061051707e-01
6.326530612244898877e-02,2.811768697974231118e-04,9.990739906984004159e-01
6.326530612244898877e-02,3.556480306223128661e-04,9.990094255959565128e-01
6.326530612244898877e-02,4.498432668969443876e-04,9.989277688716726722e-01
6.326530612244898877e-02,5.689866029018298636e-04,9.988245040395135055e-01
6.326530612244898877e-02,7.196856730011521675e-04,9.986939153292003768e-01
6.326530612244898877e-02,9.102981779915217267e-04,9.985287894196039904e-01
6.326530612244898877e-02,1.151395399326448146e-03,9.983200019637340494e-01
6.326530612244898877e-02,1.456348477501244378e-03,9.980560341385452672e-01
6.326530612244898877e-02,1.842069969326716331e-03,9.977223394531616885e-01
6.326530612244898877e-02,2.329951810515372077e-03,9.973005635782297151e-01
6.326530612244898877e-02,2.947051702551809708e-03,9.967675636810802153e-01
6.326530612244898877e-02,3.727593720314941773e-03,9.960941641794250900e-01
6.326530612244898877e-02,4.714866363457394238e-03,9.952436386448069161e-01
6.326530612244898877e-02,5.963623316594642357e-03,9.941698102657682279e-01
6.326530612244898877e-02,7.543120063354623143e-03,9.928146963814639125e-01
6.326530612244898877e-02,9.540954763499944619e-03,9.911056687293757772e-01
6.326530612244898877e-02,1.206792640639328847e-02,9.889519396928343475e-01
6.326530612244898877e-02,1.526417967175233356e-02,9.862404375650991595e-01
6.326530612244898877e-02,1.930697728883249559e-02,9.828308734899888766e-01
6.326530612244898877e-02,2.442053094548649744e-02,9.785501489412837817e-01
6.326530612244898877e-02,3.088843596477484910e-02,9.731861056330063375e-01
6.326530612244898877e-02,3.906939937054620948e-02,9.664809900647282070e-01
6.326530612244898877e-02,4.941713361323837872e-02,9.581251968140861441e-01
6.326530612244898877e-02,6.250551925273975518e-02,9.477523344722824650e-01
6.326530612244898877e-02,7.906043210907701124e-02,9.349372842003744744e-01
6.326530612244898877e-02,1.000000000000000056e-01,9.191997300117132896e-01
6.734693877551020669e-02,9.999999999999999547e-07,9.992599103652329839e-01
6.734693877551020669e-02,1.264855216855295881e-06,9.992596800873557727e-01
6.734693877551020669e-02,1.599858719606057360e-06,9.992593893296134455e-01
6.734693877551020669e-02,2.023589647725155726e-06,9.992590215693100131e-01
6.734693877551020669e-02,2.559547922699533382e-06,9.992585561308117148e-01
6.734693877551020669e-02,3.237457542817646685e-06,9.992579688599434462e-01
6.734693877551020669e-02,4.094915062380427237e-06,9.992572254567947398e-01
6.734693877551020669e-02,5.179474679231212330e-06,9.992562844037936598e-01
6.734693877551020669e-02,6.551285568595509496e-06,9.992550940204032450e-01
6.734693877551020669e-02,8.286427728546842542e-06,9.992535896058740708e-01
6.734693877551020669e-02,1.048113134154685250e-05,9.992516851668056255e-01
6.734693877551020669e-02,1.325711365590110898e-05,9.992492769338652270e-01
6.734693877551020669e-02,1.676832936811009972e-05,9.992462305205457307e-01
6.734693877551020669e-02,2.120950887920192640e-05,9.992423798574653349e-01
6.734693877551020669e-02,2.682695795279727390e-05,9.992375057588229748e-01
6.734693877551020669e-02,3.393221771895329857e-05,9.992313442064220119e-01
6.734693877551020669e-02,4.291934260128778017e-05,9.992235487701148777e-01
6.734693877551020669e-02,5.428675439323859403e-05,9.992136884433041599e-01
6.734693877551020669e-02,6.866488450042998925e-05,9.992012177455846800e-01
6.734693877551020669e-02,8.685113737513520580e-05,9.991854437546389134e-01
6.734693877551020669e-02,1.098541141987558346e-04,9.991654929996117707e-01
6.734693877551020669e-02,1.389495494373137348e-04,9.991402588829519926e-01
6.734693877551020669e-02,1.757510624854793067e-04,9.991083445327381130e-01
6.734693877551020669e-02,2.222996482526195465e-04,9.990679780458709969e-01
6.734693877551020669e-02,2.811768697974231118e-04,9.990169268478387155e-01
6.734693877551020669e-02,3.556480306223128661e-04,9.989523627608951628e-01
6.734693877551020669e-02,4.498432668969443876e-04,9.988707047233293945e-01
6.734693877551020669e-02,5.689866029018298636e-04,9.987674424871623158e-01
6.734693877551020669e-02,7.196856730011521675e-04,9.986368568079587726e-01
6.734693877551020669e-02,9.102981779915217267e-04,9.984717293463409860e-01
6.734693877551020669e-02,1.151395399326448146e-03,9.982629444080778347e-01
6.734693877551020669e-02,1.456348477501244378e-03,9.979989785752485520e-01
6.734693877551020669e-02,1.842069969326716331e-03,9.976652864248580777e-01
6.734693877551020669e-02,2.329951810515372077e-03,9.972435163594487451e-01
6.734693877551020669e-02,2.947051702551809708e-03,9.967105174696042624e-01
6.734693877551020669e-02,3.727593720314941773e-03,9.960371233097943255e-01
6.734693877551020669e-02,4.714866363457394238e-03,9.951866039625142379e-01
6.734693877551020669e-02,5.963623316594642357e-03,9.941127774616426160e-01
6.734693877551020669e-02,7.543120063354623143e-03,9.927576713434643763e-01
6.734693877551020669e-02,9.540954763499944619e-03,9.910486459495124745e-01
6.734693877551020669e-02,1.206792640639328847e-02,9.888949203892889450e-01
6.734693877551020669e-02,1.526417967175233356e-02,9.861834107809269723e-01
6.734693877551020669e-02,1.930697728883249559e-02,9.827738338669270712e-01
6.734693877551020669e-02,2.442053094548649744e-02,9.784930765013999387e-01
6.734693877551020669e-02,3.088843596477484910e-02,9.731289659841440010e-01
6.734693877551020669e-02,3.906939937054620948e-02,9.664237286500001467e-01
6.734693877551020669e-02,4.941713361323837872e-02,9.580677211171340080e-01
6.734693877551020669e-02,6.250551925273975518e-02,9.476944928957428127e-01
6.734693877551020669e-02,7.906043210907701124e-02,9.348788421576937901e-01
6.734693877551020669e-02,1.000000000000000056e-01,9.191403094027095211e-01
7.142857142857142461e-02,9.999999999999999547e-07,9.991977695291807127e-01
7.142857142857142461e-02,1.264855216855295881e-06,9.991975393806821204e-01
7.142857142857142461e-02,1.599858719606057360e-06,9.991972465706279172e-01
7.142857142857142461e-02,2.023589647725155726e-06,9.991968811942402162e-01
7.142857142857142461e-02,2.559547922699533382e-06,9.991964161471236228e-01
7.142857142857142461e-02,3.237457542817646685e-06,9.991958282994635177e-01
7.142857142857142461e-02,4.094915062380427237e-06,9.991950824495079431e-01
7.142857142857142461e-02,5.179474679231212330e-06,9.991941415360672263e-01
7.142857142857142461e-02,6.551285568595509496e-06,9.991929527713746539e-01
7.142857142857142461e-02,8.286427728546842542e-06,9.991914483001314018e-01
7.142857142857142461e-02,1.048113134154685250e-05,9.991895446482904619e-01
7.142857142857142461e-02,1.325711365590110898e-05,9.991871359594730606e-01
7.142857142857142461e-02,1.676832936811009972e-05,9.991840889559608918e-01
7.142857142857142461e-02,2.120950887920192640e-05,9.991802396709078549e-01
7.142857142857142461e-02,2.682695795279727390e-05,9.991753650436695500e-01
7.142857142857142461e-02,3.393221771895329857e-05,9.991692020788192075e-01
7.142857142857142461e-02,4.291934260128778017e-05,9.991614068690468642e-01
7.142857142857142461e-02,5.428675439323859403e-05,9.991515474424645937e-01
7.142857142857142461e-02,6.866488450042998925e-05,9.991390768398463740e-01
7.142857142857142461e-02,8.685113737513520580e-05,9.991233013044436007e-01
7.142857142857142461e-02,1.098541141987558346e-04,9.991033500362845876e-01
7.142857142857142461e-02,1.389495494373137348e-04,9.990781159686670243e-01
7.142857142857142461e-02,1.757510624854793067e-04,9.990461992827893711e-01
7.142857142857142461e-02,2.222996482526195465e-04,9.990058330287503452e-01
7.142857142857142461e-02,2.811768697974231118e-04,9.989547824007598553e-01
7.142857142857142461e-02,3.556480306223128661e-04,9.988902139043767114e-01
7.142857142857142461e-02,4.498432668969443876e-04,9.988085553339379752e-01
7.142857142857142461e-02,5.689866029018298636e-04,9.987052901794268855e-01
7.142857142857142461e-02,7.196856730011521675e-04,9.985747016676442822e-01
7.142857142857142461e-02,9.102981779915217267e-04,9.984095721745787078e-01
7.142857142857142461e-02,1.151395399326448146e-03,9.982007794200835615e-01
7.142857142857142461e-02,1.456348477501244378e-03,9.979368084881216072e-01
7.142857142857142461e-02,1.842069969326716331e-03,9.976031064760810807e-01
7.142857142857142461e-02,2.329951810515372077e-03,9.971813248252697770e-01
7.142857142857142461e-02,2.947051702551809708e-03,9.966483145831912527e-01
7.142857142857142461e-02,3.727593720314941773e-03,9.959748994962280833e-01
7.142857142857142461e-02,4.714866363457394238e-03,9.951243569661657462e-01
7.142857142857142461e-02,5.963623316594642357e-03,9.940504997073636995e-01
7.142857142857142461e-02,7.543120063354623143e-03,9.926953551638248996e-01
7.142857142857142461e-02,9.540954763499944619e-03,9.909862766375532317e-01
7.142857142857142461e-02,1.206792640639328847e-02,9.888324812105467876e-01
7.142857142857142461e-02,1.526417967175233356e-02,9.861208792945176382e-01
7.142857142857142461e-02,1.930697728883249559e-02,9.827111717094605403e-01
7.142857142857142461e-02,2.442053094548649744e-02,9.784302360322095771e-01
7.142857142857142461e-02,3.088843596477484910e-02,9.730658810026389105e-01
7.142857142857142461e-02,3.906939937054620948e-02,9.663602949161783640e-01
7.142857142857142461e-02,4.941713361323837872e-02,9.580037885876119264e-01
7.142857142857142461e-02,6.250551925273975518e-02,9.476298489374910261e-01
7.142857142857142461e-02,7.906043210907701124e-02,9.348131552660566834e-01
7.142857142857142461e-02,1.000000000000000056e-01,9.190731011640833614e-01
7.551020408163267028e-02,9.999999999999999547e-07,9.991306718170456236e-01
7.551020408163267028e-02,1.264855216855295881e-06,9.991304422876428060e-01
7.551020408163267028e-02,1.599858719606057360e-06,9.991301519665134467e-01
7.551020408163267028e-02,2.023589647725155726e-06,9.991297844002572370e-01
7.551020408163267028e-02,2.559547922699533382e-06,9.991293187577816592e-01
7.551020408163267028e-02,3.237457542817646685e-06,9.991287299630629004e-01
7.551020408163267028e-02,4.094915062380427237e-06,9.991279874062531929e-01
7.551020408163267028e-02,5.179474679231212330e-06,9.991270472158341187e-01
7.551020408163267028e-02,6.551285568595509496e-06,9.991258563578745422e-01
7.551020408163267028e-02,8.286427728546842542e-06,9.991243507573039917e-01
7.551020408163267028e-02,1.048113134154685250e-05,9.991224482828893194e-01
7.551020408163267028e-02,1.325711365590110898e-05,9.991200390581503887e-01
7.551020408163267028e-02,1.676832936811009972e-05,9.991169939897693864e-01
7.551020408163267028e-02,2.120950887920192640e-05,9.991131408233723254e-01
7.551020408163267028e-02,2.682695795279727390e-05,9.991082675015254821e-01
7.551020408163267028e-02,3.393221771895329857e-05,9.991021021139885327e-01
7.551020408163267028e-02,4.291934260128778017e-05,9.990943073027824806e-01
7.551020408163267028e-02,5.428675439323859403e-05,9.990844470585220627e-01
7.551020408163267028e-02,6.866488450042998925e-05,9.990719756451775790e-01
7.551020408163267028e-02,8.685113737513520580e-05,9.990562008885610634e-01
7.551020408163267028e-02,1.098541141987558346e-04,9.990362483434117591e-01
7.551020408163267028e-02,1.389495494373137348e-04,9.990110148585170657e-01
7.551020408163267028e-02,1.757510624854793067e-04,9.989790963045312999e-01
7.551020408163267028e-02,2.222996482526195465e-04,9.989387279451809043e-01
7.551020408163267028e-02,2.811768697974231118e-04,9.988876733174139044e-01
7.551020408163267028e-02,3.556480306223128661e-04,9.988231005029589715e-01
7.551020408163267028e-02,4.498432668969443876e-04,9.987414382195831664e-01
7.551020408163267028e-02,5.689866029018298636e-04,9.986381654319025358e-01
7.551020408163267028e-02,7.196856730011521675e-04,9.985075694665860313e-01
7.551020408163267028e-02,9.102981779915217267e-04,9.983424318787696983e-01
7.551020408163267028e-02,1.151395399326448146e-03,9.981336304522437919e-01
7.551020408163267028e-02,1.456348477501244378e-03,9.978696398277425716e-01
7.551020408163267028e-02,1.842069969326716331e-03,9.975359233144088789e-01
7.551020408163267028e-02,2.329951810515372077e-03,9.971141165520964744e-01
7.551020408163267028e-02,2.947051702551809708e-03,9.965810753036311587e-01
7.551020408163267028e-02,3.727593720314941773e-03,9.959076233713000104e-01
7.551020408163267028e-02,4.714866363457394238e-03,9.950570296835369311e-01
7.551020408163267028e-02,5.963623316594642357e-03,9.939831100145225529e-01
7.551020408163267028e-02,7.543120063354623143e-03,9.926278837323202486e-01
7.551020408163267028e-02,9.540954763499944619e-03,9.909187016896034983e-01
7.551020408163267028e-02,1.206792640639328847e-02,9.887647702586742637e-01
7.551020408163267028e-02,1.526417967175233356e-02,9.860529927325281108e-01
7.551020408163267028e-02,1.930697728883249559e-02,9.826430557843319757e-01
7.551020408163267028e-02,2.442053094548649744e-02,9.783618160976357281e-01
7.551020408163267028e-02,3.088843596477484910e-02,9.729970549189116413e-01
7.551020408163267028e-02,3.906939937054620948e-02,9.662909274563393769e-01
7.551020408163267028e-02,4.941713361323837872e-02,9.579336859904921120e-01
7.551020408163267028e-02,6.250551925273975518e-02,9.475587418707067666e-01
7.551020408163267028e-02,7.906043210907701124e-02,9.347406637598707491e-01
7.551020408163267028e-02,1.000000000000000056e-01,9.189986810532682071e-01
7.959183673469388820e-02,9.999999999999999547e-07,9.990589292188307713e-01
7.959183673469388820e-02,1.264855216855295881e-06,9.990586987902596583e-01
7.959183673469388820e-02,1.599858719606057360e-06,9.990584085763662969e-01
7.959183673469388820e-02,2.023589647725155726e-06,9.990580382538603033e-01
7.959183673469388820e-02,2.559547922699533382e-06,9.990575737472969786e-01
7.959183673469388820e-02,3.237457542817646685e-06,9.990569892417753284e-01
7.959183673469388820e-02,4.094915062380427237e-06,9.990562442753226913e-01
7.959183673469388820e-02,5.179474679231212330e-06,9.990553030014248659e-01
7.959183673469388820e-02,6.551285568595509496e-06,9.990541128522865133e-01
7.959183673469388820e-02,8.286427728546842542e-06,9.990526058455272418e-01
7.959183673469388820e-02,1.048113134154685250e-05,9.990507051120129933e-01
7.959183673469388820e-02,1.325711365590110898e-05,9.990482961374702597e-01
7.959183673469388820e-02,1.676832936811009972e-05,9.990452496853365894e-01
7.959183673469388820e-02,2.120950887920192640e-05,9.990413971961494832e-01
7.959183673469388820e-02,2.682695795279727390e-05,9.990365213698393365e-01
7.959183673469388820e-02,3.393221771895329857e-05,9.990303552818724508e-01
7.959183673469388820e-02,4.291934260128778017e-05,9.990225608619496267e-01
7.959183673469388820e-02,5.428675439323859403e-05,9.990126982528966249e-01
7.959183673469388820e-02,6.866488450042998925e-05,9.990002277128380292e-01
7.959183673469388820e-02,8.685113737513520580e-05,9.989844514948569287e-01
7.959183673469388820e-02,1.098541141987558346e-04,9.989644971819483521e-01
7.959183673469388820e-02,1.389495494373137348e-04,9.989392609477999452e-01
7.959183673469388820e-02,1.757510624854793067e-04,9.989073390357344762e-01
7.959183673469388820e-02,2.222996482526195465e-04,9.988669666877960651e-01
7.959183673469388820e-02,2.811768697974231118e-04,9.988159070124956740e-01
7.959183673469388820e-02,3.556480306223128661e-04,9.987513328743224950e-01
7.959183673469388820e-02,4.498432668969443876e-04,9.986696662885553577e-01
7.959183673469388820e-02,5.689866029018298636e-04,9.985663827099220402e-01
7.959183673469388820e-02,7.196856730011521675e-04,9.984357767686763419e-01
7.959183673469388820e-02,9.102981779915217267e-04,9.982706225609468964e-01
7.959183673469388820e-02,1.151395399326448146e-03,9.980618038362573108e-01
7.959183673469388820e-02,1.456348477501244378e-03,9.977977937896781446e-01
7.959183673469388820e-02,1.842069969326716331e-03,9.974640466724319365e-01
7.959183673469388820e-02,2.329951810515372077e-03,9.970422056704382197e-01
7.959183673469388820e-02,2.947051702551809708e-03,9.965091188903020258e-01
7.959183673469388820e-02,3.727593720314941773e-03,9.958356124853576796e-01
7.959183673469388820e-02,4.714866363457394238e-03,9.949849477644170381e-01
7.959183673469388820e-02,5.963623316594642357e-03,9.939109375375303479e-01
7.959183673469388820e-02,7.543120063354623143e-03,9.925555951786476649e-01
7.959183673469388820e-02,9.540954763499944619e-03,9.908462627801669642e-01
7.959183673469388820e-02,1.206792640639328847e-02,9.886921454822090727e-01
7.959183673469388820e-02,1.526417967175233356e-02,9.859801178957193768e-01
7.959183673469388820e-02,1.930697728883249559e-02,9.825698670625467868e-01
7.959183673469388820e-02,2.442053094548649744e-02,9.782882179168622683e-01
7.959183673469388820e-02,3.088843596477484910e-02,9.729229232227316615e-01
7.959183673469388820e-02,3.906939937054620948e-02,9.662160989701733538e-01
7.959183673469388820e-02,4.941713361323837872e-02,9.578579442519439269e-01
7.959183673469388820e-02,6.250551925273975518e-02,9.474817834142199580e-01
7.959183673469388820e-02,7.906043210907701124e-02,9.346620837694650241e-01
7.959183673469388820e-02,1.000000000000000056e-01,9.189179185633662428e-01
8.367346938775510612e-02,9.999999999999999547e-07,9.989830584198133856e-01
8.367346938775510612e-02,1.264855216855295881e-06,9.989828299521319455e-01
8.367346938775510612e-02,1.599858719606057360e-06,9.989825394050444451e-01
8.367346938775510612e-02,2.023589647725155726e-06,9.989821703522941965e-01
8.367346938775510612e-02,2.559547922699533382e-06,9.989817066110536770e-01
8.367346938775510612e-02,3.237457542817646685e-06,9.989811193142703605e-01
8.367346938775510612e-02,4.094915062380427237e-06,9.989803740713150138e-01
8.367346938775510612e-02,5.179474679231212330e-06,9.989794330678530843e-01
8.367346938775510612e-02,6.551285568595509496e-06,9.989782432431340009e-01
8.367346938775510612e-02,8.286427728546842542e-06,9.989767376374183439e-01
8.367346938775510612e-02,1.048113134154685250e-05,9.989748322571552208e-01
8.367346938775510612e-02,1.325711365590110898e-05,9.989724246244903183e-01
8.367346938775510612e-02,1.676832936811009972e-05,9.989693777802521879e-01
8.367346938775510612e-02,2.120950887920192640e-05,9.989655258889585943e-01
8.367346938775510612e-02,2.682695795279727390e-05,9.989606507101156385e-01
8.367346938775510612e-02,3.393221771895329857e-05,9.989544865274397889e-01
8.367346938775510612e-02,4.291934260128778017e-05,9.989466871319356844e-01
8.367346938775510612e-02,5.428675439323859403e-05,9.989368261628926993e-01
8.367346938775510612e-02,6.866488450042998925e-05,9.989243511680043763e-01
8.367346938775510612e-02,8.685113737513520580e-05,9.989085763027855114e-01
8.367346938775510612e-02,1.098541141987558346e-04,9.988886192710278999e-01
8.367346938775510612e-02,1.389495494373137348e-04,9.988633770161861047e-01
8.367346938775510612e-02,1.757510624854793067e-04,9.988314557461610566e-01
8.367346938775510612e-02,2.222996482526195465e-04,9.987910776776643962e-01
8.367346938775510612e-02,2.811768697974231118e-04,9.987400132637503924e-01
8.367346938775510612e-02,3.556480306223128661e-04,9.986754296580084844e-01
8.367346938775510612e-02,4.498432668969443876e-04,9.985937538581637352e-01
8.367346938775510612e-02,5.689866029018298636e-04,9.984904615078633583e-01
8.367346938775510612e-02,7.196856730011521675e-04,9.983598415801004933e-01
8.367346938775510612e-02,9.102981779915217267e-04,9.981946708846295424e-01
8.367346938775510612e-02,1.151395399326448146e-03,9.979858301614733529e-01
8.367346938775510612e-02,1.456348477501244378e-03,9.977217917646236112e-01
8.367346938775510612e-02,1.842069969326716331e-03,9.973880137203187113e-01
8.367346938775510612e-02,2.329951810515372077e-03,9.969661264238212084e-01
8.367346938775510612e-02,2.947051702551809708e-03,9.964329859139583467e-01
8.367346938775510612e-02,3.727593720314941773e-03,9.957594058684487992e-01
8.367346938775510612e-02,4.714866363457394238e-03,9.949086531969587588e-01
8.367346938775510612e-02,5.963623316594642357e-03,9.938345309441065645e-01
8.367346938775510612e-02,7.543120063354623143e-03,9.924790440106090461e-01
8.367346938775510612e-02,9.540954763499944619e-03,9.907695307981900790e-01
8.367346938775510612e-02,1.206792640639328847e-02,9.886151760844584802e-01
8.367346938775510612e-02,1.526417967175233356e-02,9.859028543055768923e-01
8.367346938775510612e-02,1.930697728883249559e-02,9.824922219808925883e-01
8.367346938775510612e-02,2.442053094548649744e-02,9.782100907063024930e-01
8.367346938775510612e-02,3.088843596477484910e-02,9.728441734167041499e-01
8.367346938775510612e-02,3.906939937054620948e-02,9.661365482903218060e-01
8.367346938775510612e-02,4.941713361323837872e-02,9.577773594664091839e-01
8.367346938775510612e-02,6.250551925273975518e-02,9.473998550527895635e-01
8.367346938775510612e-02,7.906043210907701124e-02,9.345784093080660160e-01
8.367346938775510612e-02,1.000000000000000056e-01,9.188319594756840791e-01
8.775510204081635179e-02,9.999999999999999547e-07,9.989038063930141265e-01
8.775510204081635179e-02,1.264855216855295881e-06,9.989035765161513591e-01
8.775510204081635179e-02,1.599858719606057360e-06,9.989032869287367555e-01
8.775510204081635179e-02,2.023589647725155726e-06,9.989029189799771835e-01
8.775510204081635179e-02,2.559547922699533382e-06,9.989024522847108623e-01
8.775510204081635179e-02,3.237457542817646685e-06,9.989018641037197277e-01
8.775510204081635179e-02,4.094915062380427237e-06,9.989011201807145302e-01
8.775510204081635179e-02,5.179474679231212330e-06,9.989001797551287920e-01
8.775510204081635179e-02,6.551285568595509496e-06,9.988989882758372296e-01
8.775510204081635179e-02,8.286427728546842542e-06,9.988974828031734754e-01
8.775510204081635179e-02,1.048113134154685250e-05,9.988955792470118888e-01
8.775510204081635179e-02,1.325711365590110898e-05,9.988931679870076685e-01
8.775510204081635179e-02,1.676832936811009972e-05,9.988901226004593958e-01
8.775510204081635179e-02,2.120950887920192640e-05,9.988862688850065341e-01
8.775510204081635179e-02,2.682695795279727390e-05,9.988813932409634777e-01
8.775510204081635179e-02,3.393221771895329857e-05,9.988752289850715282e-01
8.775510204081635179e-02,4.291934260128778017e-05,9.988674295953886562e-01
8.775510204081635179e-02,5.428675439323859403e-05,9.988575662561410828e-01
8.775510204081635179e-02,6.866488450042998925e-05,9.988450899834725449e-01
8.775510204081635179e-02,8.685113737513520580e-05,9.988293110300061617e-01
8.775510204081635179e-02,1.098541141987558346e-04,9.988093532865207624e-01
8.775510204081635179e-02,1.389495494373137348e-04,9.987841086770210541e-01
8.775510204081635179e-02,1.757510624854793067e-04,9.987521835462489506e-01
8.775510204081635179e-02,2.222996482526195465e-04,9.987118040193775359e-01
8.775510204081635179e-02,2.811768697974231118e-04,9.986607324644993788e-01
8.775510204081635179e-02,3.556480306223128661e-04,9.985961406867731593e-01
8.775510204081635179e-02,4.498432668969443876e-04,9.985144540520209944e-01
8.775510204081635179e-02,5.689866029018298636e-04,9.984111486970520533e-01
8.775510204081635179e-02,7.196856730011521675e-04,9.982805147290975123e-01
8.775510204081635179e-02,9.102981779915217267e-04,9.981153262060509235e-01
8.775510204081635179e-02,1.151395399326448146e-03,9.979064571860665200e-01
8.775510204081635179e-02,1.456348477501244378e-03,9.976423923163133534e-01
8.775510204081635179e-02,1.842069969326716331e-03,9.973085721300469775e-01
8.775510204081635179e-02,2.329951810515372077e-03,9.968866403265183029e-01
8.775510204081635179e-02,2.947051702551809708e-03,9.963534312085779998e-01
8.775510204081635179e-02,3.727593720314941773e-03,9.956797760255871044e-01
8.775510204081635179e-02,4.714866363457394238e-03,9.948289209690832635e-01
8.775510204081635179e-02,5.963623316594642357e-03,9.937546709577083082e-01
8.775510204081635179e-02,7.543120063354623143e-03,9.923990210871239670e-01
8.775510204081635179e-02,9.540954763499944619e-03,9.906893013798209191e-01
8.775510204081635179e-02,1.206792640639328847e-02,9.885346895938057488e-01
8.775510204081635179e-02,1.526417967175233356e-02,9.858220365278097530e-01
8.775510204081635179e-02,1.930697728883249559e-02,9.824109910655433042e-01
8.775510204081635179e-02,2.442053094548649744e-02,9.781283266906245499e-01
8.775510204081635179e-02,3.088843596477484910e-02,9.727617413889252385e-01
8.775510204081635179e-02,3.906939937054620948e-02,9.660532639577426028e-01
8.775510204081635179e-02,4.941713361323837872e-02,9.576929858788651995e-01
8.775510204081635179e-02,6.250551925273975518e-02,9.473141011514206733e-01
8.775510204081635179e-02,7.906043210907701124e-02,9.344908942976793975e-01
8.775510204081635179e-02,1.000000000000000056e-01,9.187422025912590495e-01
9.183673469387756971e-02,9.999999999999999547e-07,9.988221431080768209e-01
9.183673469387756971e-02,1.264855216855295881e-06,9.988219148223784760e-01
9.183673469387756971e-02,1.599858719606057360e-06,9.988216221748841273e-01
9.183673469387756971e-02,2.023589647725155726e-06,9.988212561447197269e-01
9.183673469387756971e-02,2.559547922699533382e-06,9.988207904108838964e-01
9.183673469387756971e-02,3.237457542817646685e-06,9.988202021103941286e-01
9.183673469387756971e-02,4.094915062380427237e-06,9.988194575548114962e-01
9.183673469387756971e-02,5.179474679231212330e-06,9.988185179495705501e-01
9.183673469387756971e-02,6.551285568595509496e-06,9.988173250142787785e-01
9.183673469387756971e-02,8.286427728546842542e-06,9.988158199948433680e-01
9.183673469387756971e-02,1.048113134154685250e-05,9.988139137284841595e-01
9.183673469387756971e-02,1.325711365590110898e-05,9.988115066258329566e-01
9.183673469387756971e-02,1.676832936811009972e-05,9.988084605839590013e-01
9.183673469387756971e-02,2.120950887920192640e-05,9.988046052032746314e-01
9.183673469387756971e-02,2.682695795279727390e-05,9.987997279689269092e-01
9.183673469387756971e-02,3.393221771895329857e-05,9.987935628607026439e-01
9.183673469387756971e-02,4.291934260128778017e-05,9.987857639085850892e-01
9.183673469387756971e-02,5.428675439323859403e-05,9.987758989153731060e-01
9.183673469387756971e-02,6.866488450042998925e-05,9.987634220769792126e-01
9.183673469387756971e-02,8.685113737513520580e-05,9.987476416824491166e-01
9.183673469387756971e-02,1.098541141987558346e-04,9.987276793700884392e-01
9.183673469387756971e-02,1.389495494373137348e-04,9.987024332017619965e-01
9.183673469387756971e-02,1.757510624854793067e-04,9.986705027460902606e-01
9.183673469387756971e-02,2.222996482526195465e-04,9.986301172321253583e-01
9.183673469387756971e-02,2.811768697974231118e-04,9.985790389975319759e-01
9.183673469387756971e-02,3.556480306223128661e-04,9.985144415222593217e-01
9.183673469387756971e-02,4.498432668969443876e-04,9.984327440957985189e-01
9.183673469387756971e-02,5.689866029018298636e-04,9.983294280120794673e-01
9.183673469387756971e-02,7.196856730011521675e-04,9.981987753394464535e-01
9.183673469387756971e-02,9.102981779915217267e-04,9.980335661812717030e-01
9.183673469387756971e-02,1.151395399326448146e-03,9.978246797591775463e-01
9.183673469387756971e-02,1.456348477501244378e-03,9.975605749131766231e-01
9.183673469387756971e-02,1.842069969326716331e-03,9.972267112921231469e-01
9.183673469387756971e-02,2.329951810515372077e-03,9.968047239334534293e-01
9.183673469387756971e-02,2.947051702551809708e-03,9.962714530305902816e-01
9.183673469387756971e-02,3.727593720314941773e-03,9.955977113476487395e-01
9.183673469387756971e-02,4.714866363457394238e-03,9.947467542996963896e-01
9.183673469387756971e-02,5.963623316594642357e-03,9.936723687075118550e-01
9.183673469387756971e-02,7.543120063354623143e-03,9.923165515378121748e-01
9.183673469387756971e-02,9.540954763499944619e-03,9.906066197295834153e-01
9.183673469387756971e-02,1.206792640639328847e-02,9.884517365752911733e-01
9.183673469387756971e-02,1.526417967175233356e-02,9.857387467768827793e-01
9.183673469387756971e-02,1.930697728883249559e-02,9.823272707056708297e-01
9.183673469387756971e-02,2.442053094548649744e-02,9.780440712172600026e-01
9.183673469387756971e-02,3.088843596477484910e-02,9.726768046345010132e-01
9.183673469387756971e-02,3.906939937054620948e-02,9.659674729758594980e-01
9.183673469387756971e-02,4.941713361323837872e-02,9.576061269813607169e-01
9.183673469387756971e-02,6.250551925273975518e-02,9.472259030734002661e-01
9.183673469387756971e-02,7.906043210907701124e-02,9.344010252914920489e-01
9.183673469387756971e-02,1.000000000000000056e-01,9.186502652364406662e-01
9.591836734693878763e-02,9.999999999999999547e-07,9.987392549368482308e-01
9.591836734693878763e-02,1.264855216855295881e-06,9.987390254490159380e-01
9.591836734693878763e-02,1.599858719606057360e-06,9.987387356045668296e-01
9.591836734693878763e-02,2.023589647725155726e-06,9.987383662910696014e-01
9.591836734693878763e-02,2.559547922699533382e-06,9.987379014711272873e-01
9.591836734693878763e-02,3.237457542817646685e-06,9.987373135470928309e-01
9.591836734693878763e-02,4.094915062380427237e-06,9.987365690507885585e-01
9.591836734693878763e-02,5.179474679231212330e-06,9.987356277602391641e-01
9.591836734693878763e-02,6.551285568595509496e-06,9.987344387730278106e-01
9.591836734693878763e-02,8.286427728546842542e-06,9.987329317520444727e-01
9.591836734693878763e-02,1.048113134154685250e-05,9.987310256077147619e-01
9.591836734693878763e-02,1.325711365590110898e-05,9.987286167692929206e-01
9.591836734693878763e-02,1.676832936811009972e-05,9.987255668076820969e-01
9.591836734693878763e-02,2.120950887920192640e-05,9.987217135445294325e-01
9.591836734693878763e-02,2.682695795279727390e-05,9.987168387015610271e-01
9.591836734693878763e-02,3.393221771895329857e-05,9.987106709121436054e-01
9.591836734693878763e-02,4.291934260128778017e-05,9.987028726655187150e-01
9.591836734693878763e-02,5.428675439323859403e-05,9.986930041488935039e-01
9.591836734693878763e-02,6.866488450042998925e-05,9.986805272764388564e-01
9.591836734693878763e-02,8.685113737513520580e-05,9.986647443907570310e-01
9.591836734693878763e-02,1.098541141987558346e-04,9.986447798340297721e-01
9.591836734693878763e-02,1.389495494373137348e-04,9.986195299163681538e-01
9.591836734693878763e-02,1.757510624854793067e-04,9.985875963776891240e-01
9.591836734693878763e-02,2.222996482526195465e-04,9.985472049148707008e-01
9.591836734693878763e-02,2.811768697974231118e-04,9.984961198139230554e-01
9.591836734693878763e-02,3.556480306223128661e-04,9.984315153266640763e-01
9.591836734693878763e-02,4.498432668969443876e-04,9.983498092700358040e-01
9.591836734693878763e-02,5.689866029018298636e-04,9.982464799090409180e-01
9.591836734693878763e-02,7.196856730011521675e-04,9.981158130443236187e-01
9.591836734693878763e-02,9.102981779915217267e-04,9.979505827525066985e-01
9.591836734693878763e-02,1.151395399326448146e-03,9.977416627493247425e-01
9.591836734693878763e-02,1.456348477501244378e-03,9.974775314319446196e-01
9.591836734693878763e-02,1.842069969326716331e-03,9.971436312785846301e-01
9.591836734693878763e-02,2.329951810515372077e-03,9.967215921223606667e-01
9.591836734693878763e-02,2.947051702551809708e-03,9.961882590391685222e-01
9.591836734693878763e-02,3.727593720314941773e-03,9.955144312197529155e-01
9.591836734693878763e-02,4.714866363457394238e-03,9.946633724210556249e-01
9.591836734693878763e-02,5.963623316594642357e-03,9.935888569209929688e-01
9.591836734693878763e-02,7.543120063354623143e-03,9.922328761827233778e-01
9.591836734693878763e-02,9.540954763499944619e-03,9.905227371783582591e-01
9.591836734693878763e-02,1.206792640639328847e-02,9.883675943382470575e-01
9.591836734693878763e-02,1.526417967175233356e-02,9.856542773019105752e-01
9.591836734693878763e-02,1.930697728883249559e-02,9.822423911531207308e-01
9.591836734693878763e-02,2.442053094548649744e-02,9.779586751087302465e-01
9.591836734693878763e-02,3.088843596477484910e-02,9.725907680405714295e-01
9.591836734693878763e-02,3.906939937054620948e-02,9.658806339770462657e-01
9.591836734693878763e-02,4.941713361323837872e-02,9.575182990499274682e-01
9.591836734693878763e-02,6.250551925273975518e-02,9.471368579312646752e-01
9.591836734693878763e-02,7.906043210907701124e-02,9.343104910128064988e-01
9.591836734693878763e-02,1.000000000000000056e-01,9.185579344467467156e-01
1.000000000000000056e-01,9.999999999999999547e-07,9.986565124334361165e-01
1.000000000000000056e-01,1.264855216855295881e-06,9.986562819735799179e-01
1.000000000000000056e-01,1.599858719606057360e-06,9.986559926572273760e-01
1.000000000000000056e-01,2.023589647725155726e-06,9.986556253906884173e-01
1.000000000000000056e-01,2.559547922699533382e-06,9.986551599116398892e-01
1.000000000000000056e-01,3.237457542817646685e-06,9.986545717422121715e-01
1.000000000000000056e-01,4.094915062380427237e-06,9.986538244582758850e-01
1.000000000000000056e-01,5.179474679231212330e-06,9.986528846170952267e-01
1.000000000000000056e-01,6.551285568595509496e-06,9.986516947465879923e-01
1.000000000000000056e-01,8.286427728546842542e-06,9.986501894042312255e-01
1.000000000000000056e-01,1.048113134154685250e-05,9.986482828087690500e-01
1.000000000000000056e-01,1.325711365590110898e-05,9.986458737434747990e-01
1.000000000000000056e-01,1.676832936811009972e-05,9.986428253812437150e-01
1.000000000000000056e-01,2.120950887920192640e-05,9.986389695095031493e-01
1.000000000000000056e-01,2.682695795279727390e-05,9.986340944858400626e-01
1.000000000000000056e-01,3.393221771895329857e-05,9.986279280392663660e-01
1.000000000000000056e-01,4.291934260128778017e-05,9.986201242649371812e-01
1.000000000000000056e-01,5.428675439323859403e-05,9.986102577158820770e-01
1.000000000000000056e-01,6.866488450042998925e-05,9.985977781436090606e-01
1.000000000000000056e-01,8.685113737513520580e-05,9.985819915014424453e-01
1.000000000000000056e-01,1.098541141987558346e-04,9.985620269815360661e-01
1.000000000000000056e-01,1.389495494373137348e-04,9.985367743624432579e-01
1.000000000000000056e-01,1.757510624854793067e-04,9.985048366254819507e-01
1.000000000000000056e-01,2.222996482526195465e-04,9.984644418515965514e-01
1.000000000000000056e-01,2.811768697974231118e-04,9.984133515096473843e-01
1.000000000000000056e-01,3.556480306223128661e-04,9.983487412282435747e-01
1.000000000000000056e-01,4.498432668969443876e-04,9.982670214414778309e-01
1.000000000000000056e-01,5.689866029018298636e-04,9.981636837555397657e-01
1.000000000000000056e-01,7.196856730011521675e-04,9.980330016439089569e-01
1.000000000000000056e-01,9.102981779915217267e-04,9.978677543301845976e-01
1.000000000000000056e-01,1.151395399326448146e-03,9.976588142005156090e-01
1.000000000000000056e-01,1.456348477501244378e-03,9.973946503544229847e-01
1.000000000000000056e-01,1.842069969326716331e-03,9.970607117214400628e-01
1.000000000000000056e-01,2.329951810515372077e-03,9.966386289886426386e-01
1.000000000000000056e-01,2.947051702551809708e-03,9.961052345610199588e-01
1.000000000000000056e-01,3.727593720314941773e-03,9.954313358524564670e-01
1.000000000000000056e-01,4.714866363457394238e-03,9.945801815633393828e-01
1.000000000000000056e-01,5.963623316594642357e-03,9.935055476125801421e-01
1.000000000000000056e-01,7.543120063354623143e-03,9.921494203780851784e-01
1.000000000000000056e-01,9.540954763499944619e-03,9.904390950996851961e-01
1.000000000000000056e-01,1.206792640639328847e-02,9.882837180908977670e-01
1.000000000000000056e-01,1.526417967175233356e-02,9.855701084161251346e-01
1.000000000000000056e-01,1.930697728883249559e-02,9.821578543396897176e-01
1.000000000000000056e-01,2.442053094548649744e-02,9.778736824225737756e-01
1.000000000000000056e-01,3.088843596477484910e-02,9.725052070669412130e-01
1.000000000000000056e-01,3.906939937054620948e-02,9.657943817477530057e-01
1.000000000000000056e-01,4.941713361323837872e-02,9.574311933902102112e-01
1.000000000000000056e-01,6.250551925273975518e-02,9.470487189670286909e-01
1.000000000000000056e-01,7.906043210907701124e-02,9.342211189135244398e-01
1.000000000000000056e-01,1.000000000000000056e-01,9.184671102300910883e-01
