epsilon,gamma_T,AGF
-1.000000000000000056e-01,9.999999999999999547e-07,9.990735003261517200e-01
-1.000000000000000056e-01,1.264855216855295881e-06,9.990276848944701360e-01
-1.000000000000000056e-01,1.599858719606057360e-06,9.990521418942348575e-01
-1.000000000000000056e-01,2.023589647725155726e-06,9.991150678007229002e-01
-1.000000000000000056e-01,2.559547922699533382e-06,9.990010356611257469e-01
-1.000000000000000056e-01,3.237457542817646685e-06,9.991181573194822807e-01
-1.000000000000000056e-01,4.094915062380427237e-06,9.990663402159321027e-01
-1.000000000000000056e-01,5.179474679231212330e-06,9.989847740706836454e-01
-1.000000000000000056e-01,6.551285568595509496e-06,9.990727967015534672e-01
-1.000000000000000056e-01,8.286427728546842542e-06,9.990989519164048538e-01
-1.000000000000000056e-01,1.048113134154685250e-05,9.990962669602799773e-01
-1.000000000000000056e-01,1.325711365590110898e-05,9.990436140970717638e-01
-1.000000000000000056e-01,1.676832936811009972e-05,9.990653039578929473e-01
-1.000000000000000056e-01,2.120950887920192640e-05,9.991736783363204255e-01
-1.000000000000000056e-01,2.682695795279727390e-05,9.990384529143628844e-01
-1.000000000000000056e-01,3.393221771895329857e-05,9.990769841249794725e-01
-1.000000000000000056e-01,4.291934260128778017e-05,9.989876928739920281e-01
-1.000000000000000056e-01,5.428675439323859403e-05,9.989847607359814141e-01
-1.000000000000000056e-01,6.866488450042998925e-05,9.990111170867297385e-01
-1.000000000000000056e-01,8.685113737513520580e-05,9.991004680107028468e-01
-1.000000000000000056e-01,1.098541141987558346e-04,9.990871912591281490e-01
-1.000000000000000056e-01,1.389495494373137348e-04,9.990430338904665586e-01
-1.000000000000000056e-01,1.757510624854793067e-04,9.989731993204954419e-01
-1.000000000000000056e-01,2.222996482526195465e-04,9.989723990737077175e-01
-1.000000000000000056e-01,2.811768697974231118e-04,9.990016717670785473e-01
-1.000000000000000056e-01,3.556480306223128661e-04,9.989351999620234013e-01
-1.000000000000000056e-01,4.498432668969443876e-04,9.988009285741253906e-01
-1.000000000000000056e-01,5.689866029018298636e-04,9.987380736824736926e-01
-1.000000000000000056e-01,7.196856730011521675e-04,9.987246402096804365e-01
-1.000000000000000056e-01,9.102981779915217267e-04,9.986283523029616527e-01
-1.000000000000000056e-01,1.151395399326448146e-03,9.985263978472296298e-01
-1.000000000000000056e-01,1.456348477501244378e-03,9.983829323878375961e-01
-1.000000000000000056e-01,1.842069969326716331e-03,9.981817769052117040e-01
-1.000000000000000056e-01,2.329951810515372077e-03,9.980423554614195059e-01
-1.000000000000000056e-01,2.947051702551809708e-03,9.976838883848307971e-01
-1.000000000000000056e-01,3.727593720314941773e-03,9.974435274223784065e-01
-1.000000000000000056e-01,4.714866363457394238e-03,9.970348638445226674e-01
-1.000000000000000056e-01,5.963623316594642357e-03,9.963761069872389964e-01
-1.000000000000000056e-01,7.543120063354623143e-03,9.957933979018624981e-01
-1.000000000000000056e-01,9.540954763499944619e-03,9.949511603821625805e-01
-1.000000000000000056e-01,1.206792640639328847e-02,9.938232008725798039e-01
-1.000000000000000056e-01,1.526417967175233356e-02,9.923343429575733898e-01
-1.000000000000000056e-01,1.930697728883249559e-02,9.908287514661473505e-01
-1.000000000000000056e-01,2.442053094548649744e-02,9.880462454475071876e-01
-1.000000000000000056e-01,3.088843596477484910e-02,9.850687036142252717e-01
-1.000000000000000056e-01,3.906939937054620948e-02,9.820826684704041520e-01
-1.000000000000000056e-01,4.941713361323837872e-02,9.792594910445322487e-01
-1.000000000000000056e-01,6.250551925273975518e-02,9.729800386137674728e-01
-1.000000000000000056e-01,7.906043210907701124e-02,9.635237609010145476e-01
-1.000000000000000056e-01,1.000000000000000056e-01,9.573528835955517069e-01
-9.591836734693878763e-02,9.999999999999999547e-07,9.991499311759522994e-01
-9.591836734693878763e-02,1.264855216855295881e-06,9.992222198276575762e-01
-9.591836734693878763e-02,1.599858719606057360e-06,9.992090051094777436e-01
-9.591836734693878763e-02,2.023589647725155726e-06,9.992078461889137841e-01
-9.591836734693878763e-02,2.559547922699533382e-06,9.992033785265367341e-01
-9.591836734693878763e-02,3.237457542817646685e-06,9.992191179987568450e-01
-9.591836734693878763e-02,4.094915062380427237e-06,9.991721177877955773e-01
-9.591836734693878763e-02,5.179474679231212330e-06,9.992152983935542743e-01
-9.591836734693878763e-02,6.551285568595509496e-06,9.992258897242680682e-01
-9.591836734693878763e-02,8.286427728546842542e-06,9.992152331041680435e-01
-9.591836734693878763e-02,1.048113134154685250e-05,9.992741089926915343e-01
-9.591836734693878763e-02,1.325711365590110898e-05,9.991874857972868895e-01
-9.591836734693878763e-02,1.676832936811009972e-05,9.991473498808681741e-01
-9.591836734693878763e-02,2.120950887920192640e-05,9.991190623679174765e-01
-9.591836734693878763e-02,2.682695795279727390e-05,9.992449319499354665e-01
-9.591836734693878763e-02,3.393221771895329857e-05,9.991712493811149010e-01
-9.591836734693878763e-02,4.291934260128778017e-05,9.991876432354477311e-01
-9.591836734693878763e-02,5.428675439323859403e-05,9.992453594939101347e-01
-9.591836734693878763e-02,6.866488450042998925e-05,9.990894286065440388e-01
-9.591836734693878763e-02,8.685113737513520580e-05,9.990848109304307778e-01
-9.591836734693878763e-02,1.098541141987558346e-04,9.991978283816824735e-01
-9.591836734693878763e-02,1.389495494373137348e-04,9.991236007365220662e-01
-9.591836734693878763e-02,1.757510624854793067e-04,9.991488404001546142e-01
-9.591836734693878763e-02,2.222996482526195465e-04,9.989529153044546250e-01
-9.591836734693878763e-02,2.811768697974231118e-04,9.990516948735214120e-01
-9.591836734693878763e-02,3.556480306223128661e-04,9.990902387907080184e-01
-9.591836734693878763e-02,4.498432668969443876e-04,9.989376049771773181e-01
-9.591836734693878763e-02,5.689866029018298636e-04,9.989520418521514733e-01
-9.591836734693878763e-02,7.196856730011521675e-04,9.988651376031230100e-01
-9.591836734693878763e-02,9.102981779915217267e-04,9.986612401616096202e-01
-9.591836734693878763e-02,1.151395399326448146e-03,9.986857249978980944e-01
-9.591836734693878763e-02,1.456348477501244378e-03,9.985314433496089714e-01
-9.591836734693878763e-02,1.842069969326716331e-03,9.984181120281933053e-01
-9.591836734693878763e-02,2.329951810515372077e-03,9.981270006689800800e-01
-9.591836734693878763e-02,2.947051702551809708e-03,9.979195365571092990e-01
-9.591836734693878763e-02,3.727593720314941773e-03,9.976182356089101644e-01
-9.591836734693878763e-02,4.714866363457394238e-03,9.971275869507608691e-01
-9.591836734693878763e-02,5.963623316594642357e-03,9.965426446299399110e-01
-9.591836734693878763e-02,7.543120063354623143e-03,9.960159390288293446e-01
-9.591836734693878763e-02,9.540954763499944619e-03,9.953125681013887949e-01
-9.591836734693878763e-02,1.206792640639328847e-02,9.938276858962374893e-01
-9.591836734693878763e-02,1.526417967175233356e-02,9.923766295225271428e-01
-9.591836734693878763e-02,1.930697728883249559e-02,9.907557672597537834e-01
-9.591836734693878763e-02,2.442053094548649744e-02,9.889575877378824487e-01
-9.591836734693878763e-02,3.088843596477484910e-02,9.851966547180694977e-01
-9.591836734693878763e-02,3.906939937054620948e-02,9.817989859918020423e-01
-9.591836734693878763e-02,4.941713361323837872e-02,9.776997006800332013e-01
-9.591836734693878763e-02,6.250551925273975518e-02,9.735027675229277477e-01
-9.591836734693878763e-02,7.906043210907701124e-02,9.643898222246893859e-01
-9.591836734693878763e-02,1.000000000000000056e-01,9.574342991507321932e-01
-9.183673469387755584e-02,9.999999999999999547e-07,9.992999115048226688e-01
-9.183673469387755584e-02,1.264855216855295881e-06,9.992569571767336845e-01
-9.183673469387755584e-02,1.599858719606057360e-06,9.992972937111214149e-01
-9.183673469387755584e-02,2.023589647725155726e-06,9.992822947182413706e-01
-9.183673469387755584e-02,2.559547922699533382e-06,9.992805368369128693e-01
-9.183673469387755584e-02,3.237457542817646685e-06,9.992009081385510028e-01
-9.183673469387755584e-02,4.094915062380427237e-06,9.993524445999972805e-01
-9.183673469387755584e-02,5.179474679231212330e-06,9.992336854946687330e-01
-9.183673469387755584e-02,6.551285568595509496e-06,9.992592706155180027e-01
-9.183673469387755584e-02,8.286427728546842542e-06,9.992915564355847602e-01
-9.183673469387755584e-02,1.048113134154685250e-05,9.992657331586469738e-01
-9.183673469387755584e-02,1.325711365590110898e-05,9.993316690126117230e-01
-9.183673469387755584e-02,1.676832936811009972e-05,9.992569679448937148e-01
-9.183673469387755584e-02,2.120950887920192640e-05,9.991967163149938491e-01
-9.183673469387755584e-02,2.682695795279727390e-05,9.993562981755975683e-01
-9.183673469387755584e-02,3.393221771895329857e-05,9.992883452593896987e-01
-9.183673469387755584e-02,4.291934260128778017e-05,9.991650269409813045e-01
-9.183673469387755584e-02,5.428675439323859403e-05,9.992725127722411615e-01
-9.183673469387755584e-02,6.866488450042998925e-05,9.992656163468528474e-01
-9.183673469387755584e-02,8.685113737513520580e-05,9.991941195566752532e-01
-9.183673469387755584e-02,1.098541141987558346e-04,9.992743618769178715e-01
-9.183673469387755584e-02,1.389495494373137348e-04,9.991949524377203851e-01
-9.183673469387755584e-02,1.757510624854793067e-04,9.992005015201742557e-01
-9.183673469387755584e-02,2.222996482526195465e-04,9.992013061624127612e-01
-9.183673469387755584e-02,2.811768697974231118e-04,9.990352754827653836e-01
-9.183673469387755584e-02,3.556480306223128661e-04,9.990706929870941666e-01
-9.183673469387755584e-02,4.498432668969443876e-04,9.991580329698586116e-01
-9.183673469387755584e-02,5.689866029018298636e-04,9.990236276984441055e-01
-9.183673469387755584e-02,7.196856730011521675e-04,9.990397908628103618e-01
-9.183673469387755584e-02,9.102981779915217267e-04,9.988371914626249515e-01
-9.183673469387755584e-02,1.151395399326448146e-03,9.987999445917532526e-01
-9.183673469387755584e-02,1.456348477501244378e-03,9.986900935586433548e-01
-9.183673469387755584e-02,1.842069969326716331e-03,9.985049734335358362e-01
-9.183673469387755584e-02,2.329951810515372077e-03,9.982422361290348434e-01
-9.183673469387755584e-02,2.947051702551809708e-03,9.980084051829806180e-01
-9.183673469387755584e-02,3.727593720314941773e-03,9.976264712262475909e-01
-9.183673469387755584e-02,4.714866363457394238e-03,9.972130234851647179e-01
-9.183673469387755584e-02,5.963623316594642357e-03,9.966465388108542989e-01
-9.183673469387755584e-02,7.543120063354623143e-03,9.959494919098642596e-01
-9.183673469387755584e-02,9.540954763499944619e-03,9.949815995860117335e-01
-9.183673469387755584e-02,1.206792640639328847e-02,9.938671621789281208e-01
-9.183673469387755584e-02,1.526417967175233356e-02,9.927374842552617595e-01
-9.183673469387755584e-02,1.930697728883249559e-02,9.907840754963267438e-01
-9.183673469387755584e-02,2.442053094548649744e-02,9.885523174118453493e-01
-9.183673469387755584e-02,3.088843596477484910e-02,9.857444326678422852e-01
-9.183673469387755584e-02,3.906939937054620948e-02,9.829840072511256688e-01
-9.183673469387755584e-02,4.941713361323837872e-02,9.775422614806034138e-01
-9.183673469387755584e-02,6.250551925273975518e-02,9.715898591258165240e-01
-9.183673469387755584e-02,7.906043210907701124e-02,9.659914253140281515e-01
-9.183673469387755584e-02,1.000000000000000056e-01,9.578480182906748963e-01
-8.775510204081632404e-02,9.999999999999999547e-07,9.993748773146771125e-01
-8.775510204081632404e-02,1.264855216855295881e-06,9.993811879609048043e-01
-8.775510204081632404e-02,1.599858719606057360e-06,9.994303620532547505e-01
-8.775510204081632404e-02,2.023589647725155726e-06,9.993815074702838697e-01
-8.775510204081632404e-02,2.559547922699533382e-06,9.994088733084943721e-01
-8.775510204081632404e-02,3.237457542817646685e-06,9.993808186089723211e-01
-8.775510204081632404e-02,4.094915062380427237e-06,9.993393292318174526e-01
-8.775510204081632404e-02,5.179474679231212330e-06,9.993896489160388752e-01
-8.775510204081632404e-02,6.551285568595509496e-06,9.994210036018761345e-01
-8.775510204081632404e-02,8.286427728546842542e-06,9.993450475021566914e-01
-8.775510204081632404e-02,1.048113134154685250e-05,9.993897293640715551e-01
-8.775510204081632404e-02,1.325711365590110898e-05,9.993753730832639626e-01
-8.775510204081632404e-02,1.676832936811009972e-05,9.994130553128448557e-01
-8.775510204081632404e-02,2.120950887920192640e-05,9.994152780707795669e-01
-8.775510204081632404e-02,2.682695795279727390e-05,9.993565261444931069e-01
-8.775510204081632404e-02,3.393221771895329857e-05,9.993613212484895314e-01
-8.775510204081632404e-02,4.291934260128778017e-05,9.993773490852255748e-01
-8.775510204081632404e-02,5.428675439323859403e-05,9.993559319609434111e-01
-8.775510204081632404e-02,6.866488450042998925e-05,9.993382207691828834e-01
-8.775510204081632404e-02,8.685113737513520580e-05,9.994212482297956113e-01
-8.775510204081632404e-02,1.098541141987558346e-04,9.993322531428647792e-01
-8.775510204081632404e-02,1.389495494373137348e-04,9.993400728307247904e-01
-8.775510204081632404e-02,1.757510624854793067e-04,9.993313201806514057e-01
-8.775510204081632404e-02,2.222996482526195465e-04,9.992909789230272066e-01
-8.775510204081632404e-02,2.811768697974231118e-04,9.992350737705797403e-01
-8.775510204081632404e-02,3.556480306223128661e-04,9.992213011750641360e-01
-8.775510204081632404e-02,4.498432668969443876e-04,9.991740449662969148e-01
-8.775510204081632404e-02,5.689866029018298636e-04,9.991489081022302265e-01
-8.775510204081632404e-02,7.196856730011521675e-04,9.990583518374331895e-01
-8.775510204081632404e-02,9.102981779915217267e-04,9.989836114127501610e-01
-8.775510204081632404e-02,1.151395399326448146e-03,9.988542130827953169e-01
-8.775510204081632404e-02,1.456348477501244378e-03,9.987570176315072601e-01
-8.775510204081632404e-02,1.842069969326716331e-03,9.985829376049361050e-01
-8.775510204081632404e-02,2.329951810515372077e-03,9.983864667617011746e-01
-8.775510204081632404e-02,2.947051702551809708e-03,9.981584213954828311e-01
-8.775510204081632404e-02,3.727593720314941773e-03,9.977072496493728515e-01
-8.775510204081632404e-02,4.714866363457394238e-03,9.972923694273719830e-01
-8.775510204081632404e-02,5.963623316594642357e-03,9.966916815602314683e-01
-8.775510204081632404e-02,7.543120063354623143e-03,9.962990706017056386e-01
-8.775510204081632404e-02,9.540954763499944619e-03,9.952294022807113283e-01
-8.775510204081632404e-02,1.206792640639328847e-02,9.940249762086493801e-01
-8.775510204081632404e-02,1.526417967175233356e-02,9.923848966937783844e-01
-8.775510204081632404e-02,1.930697728883249559e-02,9.903469882891997589e-01
-8.775510204081632404e-02,2.442053094548649744e-02,9.882304364862959378e-01
-8.775510204081632404e-02,3.088843596477484910e-02,9.857444784010348515e-01
-8.775510204081632404e-02,3.906939937054620948e-02,9.823431518445636668e-01
-8.775510204081632404e-02,4.941713361323837872e-02,9.782614648604670560e-01
-8.775510204081632404e-02,6.250551925273975518e-02,9.715457419626324365e-01
-8.775510204081632404e-02,7.906043210907701124e-02,9.647730066892081791e-01
-8.775510204081632404e-02,1.000000000000000056e-01,9.591665399695252781e-01
-8.367346938775510612e-02,9.999999999999999547e-07,9.995045414080421242e-01
-8.367346938775510612e-02,1.264855216855295881e-06,9.994525352397465312e-01
-8.367346938775510612e-02,1.599858719606057360e-06,9.994517629192678498e-01
-8.367346938775510612e-02,2.023589647725155726e-06,9.994448523142067664e-01
-8.367346938775510612e-02,2.559547922699533382e-06,9.994971696957154483e-01
-8.367346938775510612e-02,3.237457542817646685e-06,9.994735914347167016e-01
-8.367346938775510612e-02,4.094915062380427237e-06,9.994512923469065502e-01
-8.367346938775510612e-02,5.179474679231212330e-06,9.994685208671836296e-01
-8.367346938775510612e-02,6.551285568595509496e-06,9.995060205879942039e-01
-8.367346938775510612e-02,8.286427728546842542e-06,9.994991203195233709e-01
-8.367346938775510612e-02,1.048113134154685250e-05,9.994717768191375695e-01
-8.367346938775510612e-02,1.325711365590110898e-05,9.994935586425556240e-01
-8.367346938775510612e-02,1.676832936811009972e-05,9.994698366022352065e-01
-8.367346938775510612e-02,2.120950887920192640e-05,9.994628658548017075e-01
-8.367346938775510612e-02,2.682695795279727390e-05,9.994632891121834062e-01
-8.367346938775510612e-02,3.393221771895329857e-05,9.994656308991323179e-01
-8.367346938775510612e-02,4.291934260128778017e-05,9.994305481092032872e-01
-8.367346938775510612e-02,5.428675439323859403e-05,9.994644181274412453e-01
-8.367346938775510612e-02,6.866488450042998925e-05,9.994067886473912976e-01
-8.367346938775510612e-02,8.685113737513520580e-05,9.994207919308720767e-01
-8.367346938775510612e-02,1.098541141987558346e-04,9.994363682878454336e-01
-8.367346938775510612e-02,1.389495494373137348e-04,9.993966070748889763e-01
-8.367346938775510612e-02,1.757510624854793067e-04,9.993802147439038164e-01
-8.367346938775510612e-02,2.222996482526195465e-04,9.993344349291541917e-01
-8.367346938775510612e-02,2.811768697974231118e-04,9.993580274533507835e-01
-8.367346938775510612e-02,3.556480306223128661e-04,9.993014318933475248e-01
-8.367346938775510612e-02,4.498432668969443876e-04,9.992521003968789506e-01
-8.367346938775510612e-02,5.689866029018298636e-04,9.992607087860353454e-01
-8.367346938775510612e-02,7.196856730011521675e-04,9.991535090365337712e-01
-8.367346938775510612e-02,9.102981779915217267e-04,9.990444453544137238e-01
-8.367346938775510612e-02,1.151395399326448146e-03,9.989314075109180235e-01
-8.367346938775510612e-02,1.456348477501244378e-03,9.988532095270606925e-01
-8.367346938775510612e-02,1.842069969326716331e-03,9.986743914238550568e-01
-8.367346938775510612e-02,2.329951810515372077e-03,9.984605377209503363e-01
-8.367346938775510612e-02,2.947051702551809708e-03,9.981369489575026011e-01
-8.367346938775510612e-02,3.727593720314941773e-03,9.978080522741836766e-01
-8.367346938775510612e-02,4.714866363457394238e-03,9.973594386923345656e-01
-8.367346938775510612e-02,5.963623316594642357e-03,9.969031797498980607e-01
-8.367346938775510612e-02,7.543120063354623143e-03,9.961109806192283145e-01
-8.367346938775510612e-02,9.540954763499944619e-03,9.952777810377274603e-01
-8.367346938775510612e-02,1.206792640639328847e-02,9.945316080723027863e-01
-8.367346938775510612e-02,1.526417967175233356e-02,9.926784366110849023e-01
-8.367346938775510612e-02,1.930697728883249559e-02,9.911151222134807481e-01
-8.367346938775510612e-02,2.442053094548649744e-02,9.883716862899573075e-01
-8.367346938775510612e-02,3.088843596477484910e-02,9.860130402782678605e-01
-8.367346938775510612e-02,3.906939937054620948e-02,9.820122038672904896e-01
-8.367346938775510612e-02,4.941713361323837872e-02,9.783438409976633610e-01
-8.367346938775510612e-02,6.250551925273975518e-02,9.728629576250165112e-01
-8.367346938775510612e-02,7.906043210907701124e-02,9.645621387924637746e-01
-8.367346938775510612e-02,1.000000000000000056e-01,9.568112562658909193e-01
-7.959183673469388820e-02,9.999999999999999547e-07,9.995374098026396092e-01
-7.959183673469388820e-02,1.264855216855295881e-06,9.995313717227078953e-01
-7.959183673469388820e-02,1.599858719606057360e-06,9.994945307978543303e-01
-7.959183673469388820e-02,2.023589647725155726e-06,9.995254493877117064e-01
-7.959183673469388820e-02,2.559547922699533382e-06,9.995491318474098996e-01
-7.959183673469388820e-02,3.237457542817646685e-06,9.995368982353920462e-01
-7.959183673469388820e-02,4.094915062380427237e-06,9.994996452797184627e-01
-7.959183673469388820e-02,5.179474679231212330e-06,9.995415787856600787e-01
-7.959183673469388820e-02,6.551285568595509496e-06,9.995544522373804863e-01
-7.959183673469388820e-02,8.286427728546842542e-06,9.995292495021651513e-01
-7.959183673469388820e-02,1.048113134154685250e-05,9.994751586495469464e-01
-7.959183673469388820e-02,1.325711365590110898e-05,9.995445712615306233e-01
-7.959183673469388820e-02,1.676832936811009972e-05,9.995004793939834542e-01
-7.959183673469388820e-02,2.120950887920192640e-05,9.995039877509538373e-01
-7.959183673469388820e-02,2.682695795279727390e-05,9.995767141035486469e-01
-7.959183673469388820e-02,3.393221771895329857e-05,9.995412136184061991e-01
-7.959183673469388820e-02,4.291934260128778017e-05,9.994614575545256452e-01
-7.959183673469388820e-02,5.428675439323859403e-05,9.995090969797396641e-01
-7.959183673469388820e-02,6.866488450042998925e-05,9.995229526119123742e-01
-7.959183673469388820e-02,8.685113737513520580e-05,9.995076538609940497e-01
-7.959183673469388820e-02,1.098541141987558346e-04,9.994279307146818336e-01
-7.959183673469388820e-02,1.389495494373137348e-04,9.994560539563299706e-01
-7.959183673469388820e-02,1.757510624854793067e-04,9.994794426096323958e-01
-7.959183673469388820e-02,2.222996482526195465e-04,9.994021191855197994e-01
-7.959183673469388820e-02,2.811768697974231118e-04,9.994105354733712199e-01
-7.959183673469388820e-02,3.556480306223128661e-04,9.993935321590305954e-01
-7.959183673469388820e-02,4.498432668969443876e-04,9.993702528809030872e-01
-7.959183673469388820e-02,5.689866029018298636e-04,9.992944394559216681e-01
-7.959183673469388820e-02,7.196856730011521675e-04,9.992099905458613485e-01
-7.959183673469388820e-02,9.102981779915217267e-04,9.991586298419768974e-01
-7.959183673469388820e-02,1.151395399326448146e-03,9.989941935127761852e-01
-7.959183673469388820e-02,1.456348477501244378e-03,9.988775257550933651e-01
-7.959183673469388820e-02,1.842069969326716331e-03,9.987665447035376509e-01
-7.959183673469388820e-02,2.329951810515372077e-03,9.984536335844717003e-01
-7.959183673469388820e-02,2.947051702551809708e-03,9.982128972785972998e-01
-7.959183673469388820e-02,3.727593720314941773e-03,9.978985067115339058e-01
-7.959183673469388820e-02,4.714866363457394238e-03,9.975119201014169823e-01
-7.959183673469388820e-02,5.963623316594642357e-03,9.968035934736715342e-01
-7.959183673469388820e-02,7.543120063354623143e-03,9.962707141590929627e-01
-7.959183673469388820e-02,9.540954763499944619e-03,9.952496947987496956e-01
-7.959183673469388820e-02,1.206792640639328847e-02,9.941956492733985407e-01
-7.959183673469388820e-02,1.526417967175233356e-02,9.926829624405963948e-01
-7.959183673469388820e-02,1.930697728883249559e-02,9.911284330972258694e-01
-7.959183673469388820e-02,2.442053094548649744e-02,9.889186649902483861e-01
-7.959183673469388820e-02,3.088843596477484910e-02,9.853107422903317758e-01
-7.959183673469388820e-02,3.906939937054620948e-02,9.823019694161858606e-01
-7.959183673469388820e-02,4.941713361323837872e-02,9.772120188163313514e-01
-7.959183673469388820e-02,6.250551925273975518e-02,9.731413280565389679e-01
-7.959183673469388820e-02,7.906043210907701124e-02,9.665789562297250059e-01
-7.959183673469388820e-02,1.000000000000000056e-01,9.575406999253551765e-01
-7.551020408163265640e-02,9.999999999999999547e-07,9.996104596709985968e-01
-7.551020408163265640e-02,1.264855216855295881e-06,9.996211033697589565e-01
-7.551020408163265640e-02,1.599858719606057360e-06,9.995751850696764640e-01
-7.551020408163265640e-02,2.023589647725155726e-06,9.996314509933271752e-01
-7.551020408163265640e-02,2.559547922699533382e-06,9.995823449027738672e-01
-7.551020408163265640e-02,3.237457542817646685e-06,9.995726041991145339e-01
-7.551020408163265640e-02,4.094915062380427237e-06,9.996110011241016169e-01
-7.551020408163265640e-02,5.179474679231212330e-06,9.996280221731622673e-01
-7.551020408163265640e-02,6.551285568595509496e-06,9.995880536829535590e-01
-7.551020408163265640e-02,8.286427728546842542e-06,9.996352018903826853e-01
-7.551020408163265640e-02,1.048113134154685250e-05,9.995720002681213190e-01
-7.551020408163265640e-02,1.325711365590110898e-05,9.995597666969940898e-01
-7.551020408163265640e-02,1.676832936811009972e-05,9.995929000388599217e-01
-7.551020408163265640e-02,2.120950887920192640e-05,9.995665748830631081e-01
-7.551020408163265640e-02,2.682695795279727390e-05,9.995862190872166764e-01
-7.551020408163265640e-02,3.393221771895329857e-05,9.995539966809822152e-01
-7.551020408163265640e-02,4.291934260128778017e-05,9.995870174537627717e-01
-7.551020408163265640e-02,5.428675439323859403e-05,9.995873336335321380e-01
-7.551020408163265640e-02,6.866488450042998925e-05,9.996040451343478628e-01
-7.551020408163265640e-02,8.685113737513520580e-05,9.995527388707087235e-01
-7.551020408163265640e-02,1.098541141987558346e-04,9.995678633408783265e-01
-7.551020408163265640e-02,1.389495494373137348e-04,9.995533969856280621e-01
-7.551020408163265640e-02,1.757510624854793067e-04,9.995330447526009632e-01
-7.551020408163265640e-02,2.222996482526195465e-04,9.995247014088778359e-01
-7.551020408163265640e-02,2.811768697974231118e-04,9.994754955722361389e-01
-7.551020408163265640e-02,3.556480306223128661e-04,9.994678096200471096e-01
-7.551020408163265640e-02,4.498432668969443876e-04,9.994124070774603741e-01
-7.551020408163265640e-02,5.689866029018298636e-04,9.994070576173906817e-01
-7.551020408163265640e-02,7.196856730011521675e-04,9.993025997924935844e-01
-7.551020408163265640e-02,9.102981779915217267e-04,9.991794652590413328e-01
-7.551020408163265640e-02,1.151395399326448146e-03,9.990729357284208190e-01
-7.551020408163265640e-02,1.456348477501244378e-03,9.989766094368809357e-01
-7.551020408163265640e-02,1.842069969326716331e-03,9.987874163599481658e-01
-7.551020408163265640e-02,2.329951810515372077e-03,9.986141941993738058e-01
-7.551020408163265640e-02,2.947051702551809708e-03,9.982886882739897549e-01
-7.551020408163265640e-02,3.727593720314941773e-03,9.978213004705555056e-01
-7.551020408163265640e-02,4.714866363457394238e-03,9.975214091227805335e-01
-7.551020408163265640e-02,5.963623316594642357e-03,9.969703062485015810e-01
-7.551020408163265640e-02,7.543120063354623143e-03,9.962458015570690995e-01
-7.551020408163265640e-02,9.540954763499944619e-03,9.952406701591531846e-01
-7.551020408163265640e-02,1.206792640639328847e-02,9.941844865326892045e-01
-7.551020408163265640e-02,1.526417967175233356e-02,9.929555664584950314e-01
-7.551020408163265640e-02,1.930697728883249559e-02,9.914660607192309350e-01
-7.551020408163265640e-02,2.442053094548649744e-02,9.888474885042497498e-01
-7.551020408163265640e-02,3.088843596477484910e-02,9.863728741117198107e-01
-7.551020408163265640e-02,3.906939937054620948e-02,9.822913245938404980e-01
-7.551020408163265640e-02,4.941713361323837872e-02,9.782002537706864231e-01
-7.551020408163265640e-02,6.250551925273975518e-02,9.734126497567119340e-01
-7.551020408163265640e-02,7.906043210907701124e-02,9.661787979289673256e-01
-7.551020408163265640e-02,1.000000000000000056e-01,9.565446483579074233e-01
-7.142857142857142461e-02,9.999999999999999547e-07,9.996389368602960346e-01
-7.142857142857142461e-02,1.264855216855295881e-06,9.996388537497676863e-01
-7.142857142857142461e-02,1.599858719606057360e-06,9.996241021127577620e-01
-7.142857142857142461e-02,2.023589647725155726e-06,9.996362526914122082e-01
-7.142857142857142461e-02,2.559547922699533382e-06,9.996618928073144339e-01
-7.142857142857142461e-02,3.237457542817646685e-06,9.996261614415381525e-01
-7.142857142857142461e-02,4.094915062380427237e-06,9.996275705921171539e-01
-7.142857142857142461e-02,5.179474679231212330e-06,9.996272248134794314e-01
-7.142857142857142461e-02,6.551285568595509496e-06,9.996270944167763295e-01
-7.142857142857142461e-02,8.286427728546842542e-06,9.996465586409587489e-01
-7.142857142857142461e-02,1.048113134154685250e-05,9.996372787022040907e-01
-7.142857142857142461e-02,1.325711365590110898e-05,9.996187580847429865e-01
-7.142857142857142461e-02,1.676832936811009972e-05,9.996352768867825533e-01
-7.142857142857142461e-02,2.120950887920192640e-05,9.996334622525657743e-01
-7.142857142857142461e-02,2.682695795279727390e-05,9.996636153749370868e-01
-7.142857142857142461e-02,3.393221771895329857e-05,9.996035543225870734e-01
-7.142857142857142461e-02,4.291934260128778017e-05,9.996372797005947941e-01
-7.142857142857142461e-02,5.428675439323859403e-05,9.995503880428759924e-01
-7.142857142857142461e-02,6.866488450042998925e-05,9.996137831707152532e-01
-7.142857142857142461e-02,8.685113737513520580e-05,9.996384050012774303e-01
-7.142857142857142461e-02,1.098541141987558346e-04,9.996187632124207134e-01
-7.142857142857142461e-02,1.389495494373137348e-04,9.995497931617426390e-01
-7.142857142857142461e-02,1.757510624854793067e-04,9.995597821077721878e-01
-7.142857142857142461e-02,2.222996482526195465e-04,9.995613744109571597e-01
-7.142857142857142461e-02,2.811768697974231118e-04,9.994977342991461233e-01
-7.142857142857142461e-02,3.556480306223128661e-04,9.994977006344162307e-01
-7.142857142857142461e-02,4.498432668969443876e-04,9.994426006413179575e-01
-7.142857142857142461e-02,5.689866029018298636e-04,9.993899769083017803e-01
-7.142857142857142461e-02,7.196856730011521675e-04,9.993065163276807494e-01
-7.142857142857142461e-02,9.102981779915217267e-04,9.992168818248616802e-01
-7.142857142857142461e-02,1.151395399326448146e-03,9.991238679536021960e-01
-7.142857142857142461e-02,1.456348477501244378e-03,9.989631390096821439e-01
-7.142857142857142461e-02,1.842069969326716331e-03,9.988120939630564799e-01
-7.142857142857142461e-02,2.329951810515372077e-03,9.985591061913925426e-01
-7.142857142857142461e-02,2.947051702551809708e-03,9.983658332218774412e-01
-7.142857142857142461e-02,3.727593720314941773e-03,9.979547288685474138e-01
-7.142857142857142461e-02,4.714866363457394238e-03,9.976217221863069584e-01
-7.142857142857142461e-02,5.963623316594642357e-03,9.970184891214409761e-01
-7.142857142857142461e-02,7.543120063354623143e-03,9.962883583754955641e-01
-7.142857142857142461e-02,9.540954763499944619e-03,9.954709033988754507e-01
-7.142857142857142461e-02,1.206792640639328847e-02,9.945196069306212472e-01
-7.142857142857142461e-02,1.526417967175233356e-02,9.928161675507253259e-01
-7.142857142857142461e-02,1.930697728883249559e-02,9.909640134934051270e-01
-7.142857142857142461e-02,2.442053094548649744e-02,9.889001875956163756e-01
-7.142857142857142461e-02,3.088843596477484910e-02,9.861792313759459860e-01
-7.142857142857142461e-02,3.906939937054620948e-02,9.829905461373376063e-01
-7.142857142857142461e-02,4.941713361323837872e-02,9.781173253574328985e-01
-7.142857142857142461e-02,6.250551925273975518e-02,9.735301742443179807e-01
-7.142857142857142461e-02,7.906043210907701124e-02,9.671974172277334469e-01
-7.142857142857142461e-02,1.000000000000000056e-01,9.568783494787886923e-01
-6.734693877551020669e-02,9.999999999999999547e-07,9.996763252083191720e-01
-6.734693877551020669e-02,1.264855216855295881e-06,9.996814565374405603e-01
-6.734693877551020669e-02,1.599858719606057360e-06,9.997248671550346133e-01
-6.734693877551020669e-02,2.023589647725155726e-06,9.996714136863356082e-01
-6.734693877551020669e-02,2.559547922699533382e-06,9.997038989300516265e-01
-6.734693877551020669e-02,3.237457542817646685e-06,9.996769322822163240e-01
-6.734693877551020669e-02,4.094915062380427237e-06,9.997042307172595565e-01
-6.734693877551020669e-02,5.179474679231212330e-06,9.996859709889222012e-01
-6.734693877551020669e-02,6.551285568595509496e-06,9.996961231585973495e-01
-6.734693877551020669e-02,8.286427728546842542e-06,9.996966655423882298e-01
-6.734693877551020669e-02,1.048113134154685250e-05,9.996948731555984624e-01
-6.734693877551020669e-02,1.325711365590110898e-05,9.996662936795805976e-01
-6.734693877551020669e-02,1.676832936811009972e-05,9.996786853979182652e-01
-6.734693877551020669e-02,2.120950887920192640e-05,9.996658379743103007e-01
-6.734693877551020669e-02,2.682695795279727390e-05,9.996479254317212071e-01
-6.734693877551020669e-02,3.393221771895329857e-05,9.996850140259077033e-01
-6.734693877551020669e-02,4.291934260128778017e-05,9.996778432785924373e-01
-6.734693877551020669e-02,5.428675439323859403e-05,9.996975263362046782e-01
-6.734693877551020669e-02,6.866488450042998925e-05,9.996231117337299743e-01
-6.734693877551020669e-02,8.685113737513520580e-05,9.996602568638127684e-01
-6.734693877551020669e-02,1.098541141987558346e-04,9.996874945176272842e-01
-6.734693877551020669e-02,1.389495494373137348e-04,9.996480809569097126e-01
-6.734693877551020669e-02,1.757510624854793067e-04,9.995975107521415381e-01
-6.734693877551020669e-02,2.222996482526195465e-04,9.996151790255030090e-01
-6.734693877551020669e-02,2.811768697974231118e-04,9.995818438436142594e-01
-6.734693877551020669e-02,3.556480306223128661e-04,9.995342636048508700e-01
-6.734693877551020669e-02,4.498432668969443876e-04,9.994795148159379972e-01
-6.734693877551020669e-02,5.689866029018298636e-04,9.994281948298197049e-01
-6.734693877551020669e-02,7.196856730011521675e-04,9.993706631718258793e-01
-6.734693877551020669e-02,9.102981779915217267e-04,9.993171333086455776e-01
-6.734693877551020669e-02,1.151395399326448146e-03,9.991950000627457529e-01
-6.734693877551020669e-02,1.456348477501244378e-03,9.990314565738970254e-01
-6.734693877551020669e-02,1.842069969326716331e-03,9.988546290106691261e-01
-6.734693877551020669e-02,2.329951810515372077e-03,9.986965459672727530e-01
-6.734693877551020669e-02,2.947051702551809708e-03,9.983939481852308617e-01
-6.734693877551020669e-02,3.727593720314941773e-03,9.980376998847269032e-01
-6.734693877551020669e-02,4.714866363457394238e-03,9.976072018826487309e-01
-6.734693877551020669e-02,5.963623316594642357e-03,9.970798446921642633e-01
-6.734693877551020669e-02,7.543120063354623143e-03,9.964034438986999476e-01
-6.734693877551020669e-02,9.540954763499944619e-03,9.953721943531139704e-01
-6.734693877551020669e-02,1.206792640639328847e-02,9.945195999603662074e-01
-6.734693877551020669e-02,1.526417967175233356e-02,9.928613363629498201e-01
-6.734693877551020669e-02,1.930697728883249559e-02,9.914130445057458552e-01
-6.734693877551020669e-02,2.442053094548649744e-02,9.891298828808767762e-01
-6.734693877551020669e-02,3.088843596477484910e-02,9.864600621780859058e-01
-6.734693877551020669e-02,3.906939937054620948e-02,9.830963158424669279e-01
-6.734693877551020669e-02,4.941713361323837872e-02,9.787014933070562472e-01
-6.734693877551020669e-02,6.250551925273975518e-02,9.722124950582595737e-01
-6.734693877551020669e-02,7.906043210907701124e-02,9.656525674719206309e-01
-6.734693877551020669e-02,1.000000000000000056e-01,9.576955042100908644e-01
-6.326530612244898877e-02,9.999999999999999547e-07,9.997389633494389027e-01
-6.326530612244898877e-02,1.264855216855295881e-06,9.997063872722974365e-01
-6.326530612244898877e-02,1.599858719606057360e-06,9.996862216277305757e-01
-6.326530612244898877e-02,2.023589647725155726e-06,9.997077607254333254e-01
-6.326530612244898877e-02,2.559547922699533382e-06,9.997239824402491815e-01
-6.326530612244898877e-02,3.237457542817646685e-06,9.997223816463955970e-01
-6.326530612244898877e-02,4.094915062380427237e-06,9.997148836839925279e-01
-6.326530612244898877e-02,5.179474679231212330e-06,9.997567474585009606e-01
-6.326530612244898877e-02,6.551285568595509496e-06,9.997218472532891642e-01
-6.326530612244898877e-02,8.286427728546842542e-06,9.997151707653193498e-01
-6.326530612244898877e-02,1.048113134154685250e-05,9.997472735533485810e-01
-6.326530612244898877e-02,1.325711365590110898e-05,9.997255731941568913e-01
-6.326530612244898877e-02,1.676832936811009972e-05,9.997299937078681920e-01
-6.326530612244898877e-02,2.120950887920192640e-05,9.997126008894232641e-01
-6.326530612244898877e-02,2.682695795279727390e-05,9.997079261471649714e-01
-6.326530612244898877e-02,3.393221771895329857e-05,9.997235930201376908e-01
-6.326530612244898877e-02,4.291934260128778017e-05,9.997316180990180046e-01
-6.326530612244898877e-02,5.428675439323859403e-05,9.997053297665741134e-01
-6.326530612244898877e-02,6.866488450042998925e-05,9.997098904992310908e-01
-6.326530612244898877e-02,8.685113737513520580e-05,9.996916779301973088e-01
-6.326530612244898877e-02,1.098541141987558346e-04,9.996908667795794123e-01
-6.326530612244898877e-02,1.389495494373137348e-04,9.996684626240334159e-01
-6.326530612244898877e-02,1.757510624854793067e-04,9.996341131078608777e-01
-6.326530612244898877e-02,2.222996482526195465e-04,9.996264169150511636e-01
-6.326530612244898877e-02,2.811768697974231118e-04,9.996321542840922447e-01
-6.326530612244898877e-02,3.556480306223128661e-04,9.995511272977192219e-01
-6.326530612244898877e-02,4.498432668969443876e-04,9.995199251281836617e-01
-6.326530612244898877e-02,5.689866029018298636e-04,9.994817627721446218e-01
-6.326530612244898877e-02,7.196856730011521675e-04,9.993945901429303058e-01
-6.326530612244898877e-02,9.102981779915217267e-04,9.993217576208855979e-01
-6.326530612244898877e-02,1.151395399326448146e-03,9.992167436790743151e-01
-6.326530612244898877e-02,1.456348477501244378e-03,9.990793780114192169e-01
-6.326530612244898877e-02,1.842069969326716331e-03,9.989265163724420082e-01
-6.326530612244898877e-02,2.329951810515372077e-03,9.987618686838334314e-01
-6.326530612244898877e-02,2.947051702551809708e-03,9.984601732207616376e-01
-6.326530612244898877e-02,3.727593720314941773e-03,9.980288080387205163e-01
-6.326530612244898877e-02,4.714866363457394238e-03,9.975626378179179854e-01
-6.326530612244898877e-02,5.963623316594642357e-03,9.970260523920346785e-01
-6.326530612244898877e-02,7.543120063354623143e-03,9.964039945083011940e-01
-6.326530612244898877e-02,9.540954763499944619e-03,9.954236060281154153e-01
-6.326530612244898877e-02,1.206792640639328847e-02,9.942754971920877427e-01
-6.326530612244898877e-02,1.526417967175233356e-02,9.928855249738802735e-01
-6.326530612244898877e-02,1.930697728883249559e-02,9.908662477970656690e-01
-6.326530612244898877e-02,2.442053094548649744e-02,9.888305865584062770e-01
-6.326530612244898877e-02,3.088843596477484910e-02,9.862990823129348383e-01
-6.326530612244898877e-02,3.906939937054620948e-02,9.823267187093643882e-01
-6.326530612244898877e-02,4.941713361323837872e-02,9.781769948018461669e-01
-6.326530612244898877e-02,6.250551925273975518e-02,9.732639482511846740e-01
-6.326530612244898877e-02,7.906043210907701124e-02,9.655884702738940506e-01
-6.326530612244898877e-02,1.000000000000000056e-01,9.577634319068990543e-01
-5.918367346938775697e-02,9.999999999999999547e-07,9.997349994995000655e-01
-5.918367346938775697e-02,1.264855216855295881e-06,9.997557248078814407e-01
-5.918367346938775697e-02,1.599858719606057360e-06,9.997443530186354010e-01
-5.918367346938775697e-02,2.023589647725155726e-06,9.997695862977121761e-01
-5.918367346938775697e-02,2.559547922699533382e-06,9.997731321949382410e-01
-5.918367346938775697e-02,3.237457542817646685e-06,9.997378462231022445e-01
-5.918367346938775697e-02,4.094915062380427237e-06,9.997630562987034342e-01
-5.918367346938775697e-02,5.179474679231212330e-06,9.997381701725749359e-01
-5.918367346938775697e-02,6.551285568595509496e-06,9.997822446718805933e-01
-5.918367346938775697e-02,8.286427728546842542e-06,9.997659532325843257e-01
-5.918367346938775697e-02,1.048113134154685250e-05,9.997475303308762662e-01
-5.918367346938775697e-02,1.325711365590110898e-05,9.997690656809729015e-01
-5.918367346938775697e-02,1.676832936811009972e-05,9.997475565465863134e-01
-5.918367346938775697e-02,2.120950887920192640e-05,9.997737096293487502e-01
-5.918367346938775697e-02,2.682695795279727390e-05,9.997285200304397712e-01
-5.918367346938775697e-02,3.393221771895329857e-05,9.997472022311493234e-01
-5.918367346938775697e-02,4.291934260128778017e-05,9.997587871017286076e-01
-5.918367346938775697e-02,5.428675439323859403e-05,9.997294518257250351e-01
-5.918367346938775697e-02,6.866488450042998925e-05,9.997068289196603397e-01
-5.918367346938775697e-02,8.685113737513520580e-05,9.997190050880824241e-01
-5.918367346938775697e-02,1.098541141987558346e-04,9.997046056500564770e-01
-5.918367346938775697e-02,1.389495494373137348e-04,9.996770663432613668e-01
-5.918367346938775697e-02,1.757510624854793067e-04,9.997061058485851026e-01
-5.918367346938775697e-02,2.222996482526195465e-04,9.996422090368075608e-01
-5.918367346938775697e-02,2.811768697974231118e-04,9.995987847624566713e-01
-5.918367346938775697e-02,3.556480306223128661e-04,9.995890398701844370e-01
-5.918367346938775697e-02,4.498432668969443876e-04,9.995650453417090908e-01
-5.918367346938775697e-02,5.689866029018298636e-04,9.994891242161472178e-01
-5.918367346938775697e-02,7.196856730011521675e-04,9.994316809494434573e-01
-5.918367346938775697e-02,9.102981779915217267e-04,9.993462811601933060e-01
-5.918367346938775697e-02,1.151395399326448146e-03,9.992381757826988009e-01
-5.918367346938775697e-02,1.456348477501244378e-03,9.991034160758676119e-01
-5.918367346938775697e-02,1.842069969326716331e-03,9.989550803426099357e-01
-5.918367346938775697e-02,2.329951810515372077e-03,9.987063421535242735e-01
-5.918367346938775697e-02,2.947051702551809708e-03,9.985139733832616438e-01
-5.918367346938775697e-02,3.727593720314941773e-03,9.981217367340847746e-01
-5.918367346938775697e-02,4.714866363457394238e-03,9.976161634191984540e-01
-5.918367346938775697e-02,5.963623316594642357e-03,9.970762358942040215e-01
-5.918367346938775697e-02,7.543120063354623143e-03,9.963817957516520885e-01
-5.918367346938775697e-02,9.540954763499944619e-03,9.954233811544449528e-01
-5.918367346938775697e-02,1.206792640639328847e-02,9.943410113134935058e-01
-5.918367346938775697e-02,1.526417967175233356e-02,9.933536003656374680e-01
-5.918367346938775697e-02,1.930697728883249559e-02,9.914852742758338833e-01
-5.918367346938775697e-02,2.442053094548649744e-02,9.889854601580155835e-01
-5.918367346938775697e-02,3.088843596477484910e-02,9.866170978410832015e-01
-5.918367346938775697e-02,3.906939937054620948e-02,9.834893140027428649e-01
-5.918367346938775697e-02,4.941713361323837872e-02,9.786117755623906511e-01
-5.918367346938775697e-02,6.250551925273975518e-02,9.727609387720668188e-01
-5.918367346938775697e-02,7.906043210907701124e-02,9.662064047904316277e-01
-5.918367346938775697e-02,1.000000000000000056e-01,9.584486244289329715e-01
-5.510204081632653211e-02,9.999999999999999547e-07,9.997772833328900655e-01
-5.510204081632653211e-02,1.264855216855295881e-06,9.997567838167342735e-01
-5.510204081632653211e-02,1.599858719606057360e-06,9.997910802001661601e-01
-5.510204081632653211e-02,2.023589647725155726e-06,9.997576179931155771e-01
-5.510204081632653211e-02,2.559547922699533382e-06,9.997696472317103566e-01
-5.510204081632653211e-02,3.237457542817646685e-06,9.997956309254368845e-01
-5.510204081632653211e-02,4.094915062380427237e-06,9.997779393620906951e-01
-5.510204081632653211e-02,5.179474679231212330e-06,9.997675144212229137e-01
-5.510204081632653211e-02,6.551285568595509496e-06,9.997730398587942879e-01
-5.510204081632653211e-02,8.286427728546842542e-06,9.998074144147875986e-01
-5.510204081632653211e-02,1.048113134154685250e-05,9.997999652748306154e-01
-5.510204081632653211e-02,1.325711365590110898e-05,9.997563459407268205e-01
-5.510204081632653211e-02,1.676832936811009972e-05,9.997919924354224941e-01
-5.510204081632653211e-02,2.120950887920192640e-05,9.997767210507091384e-01
-5.510204081632653211e-02,2.682695795279727390e-05,9.997723183983714401e-01
-5.510204081632653211e-02,3.393221771895329857e-05,9.997452086327546228e-01
-5.510204081632653211e-02,4.291934260128778017e-05,9.997751165837068799e-01
-5.510204081632653211e-02,5.428675439323859403e-05,9.997631535972500982e-01
-5.510204081632653211e-02,6.866488450042998925e-05,9.997864763878923089e-01
-5.510204081632653211e-02,8.685113737513520580e-05,9.997584593349543303e-01
-5.510204081632653211e-02,1.098541141987558346e-04,9.997307439049416544e-01
-5.510204081632653211e-02,1.389495494373137348e-04,9.997463659870525765e-01
-5.510204081632653211e-02,1.757510624854793067e-04,9.996870310985034314e-01
-5.510204081632653211e-02,2.222996482526195465e-04,9.996730297763862794e-01
-5.510204081632653211e-02,2.811768697974231118e-04,9.996532868023524365e-01
-5.510204081632653211e-02,3.556480306223128661e-04,9.996163542102837196e-01
-5.510204081632653211e-02,4.498432668969443876e-04,9.996053180439784525e-01
-5.510204081632653211e-02,5.689866029018298636e-04,9.995221362450321667e-01
-5.510204081632653211e-02,7.196856730011521675e-04,9.994524768357713196e-01
-5.510204081632653211e-02,9.102981779915217267e-04,9.993786785284960450e-01
-5.510204081632653211e-02,1.151395399326448146e-03,9.992415316437702755e-01
-5.510204081632653211e-02,1.456348477501244378e-03,9.991481410666283036e-01
-5.510204081632653211e-02,1.842069969326716331e-03,9.989830506282385558e-01
-5.510204081632653211e-02,2.329951810515372077e-03,9.987534663007395785e-01
-5.510204081632653211e-02,2.947051702551809708e-03,9.984811389365431111e-01
-5.510204081632653211e-02,3.727593720314941773e-03,9.981328129279745109e-01
-5.510204081632653211e-02,4.714866363457394238e-03,9.976909364990710349e-01
-5.510204081632653211e-02,5.963623316594642357e-03,9.971321807106922064e-01
-5.510204081632653211e-02,7.543120063354623143e-03,9.963527374688544436e-01
-5.510204081632653211e-02,9.540954763499944619e-03,9.955634477659650594e-01
-5.510204081632653211e-02,1.206792640639328847e-02,9.943160029437148051e-01
-5.510204081632653211e-02,1.526417967175233356e-02,9.929110262843533485e-01
-5.510204081632653211e-02,1.930697728883249559e-02,9.911044920141504067e-01
-5.510204081632653211e-02,2.442053094548649744e-02,9.892137570899072196e-01
-5.510204081632653211e-02,3.088843596477484910e-02,9.863256014747796563e-01
-5.510204081632653211e-02,3.906939937054620948e-02,9.832974441884768657e-01
-5.510204081632653211e-02,4.941713361323837872e-02,9.786802891337700316e-01
-5.510204081632653211e-02,6.250551925273975518e-02,9.738276617278573966e-01
-5.510204081632653211e-02,7.906043210907701124e-02,9.663648988219690761e-01
-5.510204081632653211e-02,1.000000000000000056e-01,9.584853221479582297e-01
-5.102040816326530726e-02,9.999999999999999547e-07,9.997917325852831993e-01
-5.102040816326530726e-02,1.264855216855295881e-06,9.998087574670994071e-01
-5.102040816326530726e-02,1.599858719606057360e-06,9.998137613963570258e-01
-5.102040816326530726e-02,2.023589647725155726e-06,9.997991289714326379e-01
-5.102040816326530726e-02,2.559547922699533382e-06,9.998296151617168670e-01
-5.102040816326530726e-02,3.237457542817646685e-06,9.997846234127959475e-01
-5.102040816326530726e-02,4.094915062380427237e-06,9.998138754153766961e-01
-5.102040816326530726e-02,5.179474679231212330e-06,9.998059707952000608e-01
-5.102040816326530726e-02,6.551285568595509496e-06,9.997971252316556479e-01
-5.102040816326530726e-02,8.286427728546842542e-06,9.997970693917258567e-01
-5.102040816326530726e-02,1.048113134154685250e-05,9.997955051472148247e-01
-5.102040816326530726e-02,1.325711365590110898e-05,9.998080961525294130e-01
-5.102040816326530726e-02,1.676832936811009972e-05,9.997669257718736491e-01
-5.102040816326530726e-02,2.120950887920192640e-05,9.997878064597712777e-01
-5.102040816326530726e-02,2.682695795279727390e-05,9.997854363349415463e-01
-5.102040816326530726e-02,3.393221771895329857e-05,9.997965486610119745e-01
-5.102040816326530726e-02,4.291934260128778017e-05,9.997776177076684867e-01
-5.102040816326530726e-02,5.428675439323859403e-05,9.997487242291817067e-01
-5.102040816326530726e-02,6.866488450042998925e-05,9.997566744541737105e-01
-5.102040816326530726e-02,8.685113737513520580e-05,9.997652199795905581e-01
-5.102040816326530726e-02,1.098541141987558346e-04,9.997425901975721674e-01
-5.102040816326530726e-02,1.389495494373137348e-04,9.997224985843549128e-01
-5.102040816326530726e-02,1.757510624854793067e-04,9.997177422047276441e-01
-5.102040816326530726e-02,2.222996482526195465e-04,9.996883332062296290e-01
-5.102040816326530726e-02,2.811768697974231118e-04,9.996562525257470799e-01
-5.102040816326530726e-02,3.556480306223128661e-04,9.996313922975876842e-01
-5.102040816326530726e-02,4.498432668969443876e-04,9.996153813857902026e-01
-5.102040816326530726e-02,5.689866029018298636e-04,9.995518028264334109e-01
-5.102040816326530726e-02,7.196856730011521675e-04,9.994825680175045690e-01
-5.102040816326530726e-02,9.102981779915217267e-04,9.993815341470663194e-01
-5.102040816326530726e-02,1.151395399326448146e-03,9.993025136947503162e-01
-5.102040816326530726e-02,1.456348477501244378e-03,9.991326514320862939e-01
-5.102040816326530726e-02,1.842069969326716331e-03,9.990030616025638022e-01
-5.102040816326530726e-02,2.329951810515372077e-03,9.987610021228996438e-01
-5.102040816326530726e-02,2.947051702551809708e-03,9.985160660275954614e-01
-5.102040816326530726e-02,3.727593720314941773e-03,9.981267701312662721e-01
-5.102040816326530726e-02,4.714866363457394238e-03,9.976887710937906162e-01
-5.102040816326530726e-02,5.963623316594642357e-03,9.971830329829338702e-01
-5.102040816326530726e-02,7.543120063354623143e-03,9.964490112313956205e-01
-5.102040816326530726e-02,9.540954763499944619e-03,9.954989313710055354e-01
-5.102040816326530726e-02,1.206792640639328847e-02,9.944595772907791620e-01
-5.102040816326530726e-02,1.526417967175233356e-02,9.930123932848299306e-01
-5.102040816326530726e-02,1.930697728883249559e-02,9.915650998473620747e-01
-5.102040816326530726e-02,2.442053094548649744e-02,9.887683731801786280e-01
-5.102040816326530726e-02,3.088843596477484910e-02,9.865099753839685626e-01
-5.102040816326530726e-02,3.906939937054620948e-02,9.833778268534587585e-01
-5.102040816326530726e-02,4.941713361323837872e-02,9.788831593191119618e-01
-5.102040816326530726e-02,6.250551925273975518e-02,9.736097474707017252e-01
-5.102040816326530726e-02,7.906043210907701124e-02,9.672800117681513710e-01
-5.102040816326530726e-02,1.000000000000000056e-01,9.590826979264278629e-01
-4.693877551020408240e-02,9.999999999999999547e-07,9.998011125627119799e-01
-4.693877551020408240e-02,1.264855216855295881e-06,9.998212397015627806e-01
-4.693877551020408240e-02,1.599858719606057360e-06,9.998093773102957327e-01
-4.693877551020408240e-02,2.023589647725155726e-06,9.998188241426667622e-01
-4.693877551020408240e-02,2.559547922699533382e-06,9.998217243895982653e-01
-4.693877551020408240e-02,3.237457542817646685e-06,9.998181332011887301e-01
-4.693877551020408240e-02,4.094915062380427237e-06,9.998205395332145917e-01
-4.693877551020408240e-02,5.179474679231212330e-06,9.998157703446942657e-01
-4.693877551020408240e-02,6.551285568595509496e-06,9.998368993968917984e-01
-4.693877551020408240e-02,8.286427728546842542e-06,9.998449752174097815e-01
-4.693877551020408240e-02,1.048113134154685250e-05,9.998336960008252783e-01
-4.693877551020408240e-02,1.325711365590110898e-05,9.997906646654471929e-01
-4.693877551020408240e-02,1.676832936811009972e-05,9.998064632559318099e-01
-4.693877551020408240e-02,2.120950887920192640e-05,9.998111025100068217e-01
-4.693877551020408240e-02,2.682695795279727390e-05,9.998070879279786771e-01
-4.693877551020408240e-02,3.393221771895329857e-05,9.998026713455615555e-01
-4.693877551020408240e-02,4.291934260128778017e-05,9.998042021878035257e-01
-4.693877551020408240e-02,5.428675439323859403e-05,9.997916553707737464e-01
-4.693877551020408240e-02,6.866488450042998925e-05,9.997877547588923663e-01
-4.693877551020408240e-02,8.685113737513520580e-05,9.997970384251866349e-01
-4.693877551020408240e-02,1.098541141987558346e-04,9.997611898080448478e-01
-4.693877551020408240e-02,1.389495494373137348e-04,9.997731572954493551e-01
-4.693877551020408240e-02,1.757510624854793067e-04,9.997599265709575800e-01
-4.693877551020408240e-02,2.222996482526195465e-04,9.997256646638814637e-01
-4.693877551020408240e-02,2.811768697974231118e-04,9.997183478984006388e-01
-4.693877551020408240e-02,3.556480306223128661e-04,9.996598331779609214e-01
-4.693877551020408240e-02,4.498432668969443876e-04,9.996332773471068300e-01
-4.693877551020408240e-02,5.689866029018298636e-04,9.995769414180124546e-01
-4.693877551020408240e-02,7.196856730011521675e-04,9.994930666756961513e-01
-4.693877551020408240e-02,9.102981779915217267e-04,9.994388115085166557e-01
-4.693877551020408240e-02,1.151395399326448146e-03,9.993005455411894111e-01
-4.693877551020408240e-02,1.456348477501244378e-03,9.991854992423236936e-01
-4.693877551020408240e-02,1.842069969326716331e-03,9.989809844127107707e-01
-4.693877551020408240e-02,2.329951810515372077e-03,9.988294407668973918e-01
-4.693877551020408240e-02,2.947051702551809708e-03,9.985494482920038717e-01
-4.693877551020408240e-02,3.727593720314941773e-03,9.982407495258349694e-01
-4.693877551020408240e-02,4.714866363457394238e-03,9.976894503689162086e-01
-4.693877551020408240e-02,5.963623316594642357e-03,9.973045723874486290e-01
-4.693877551020408240e-02,7.543120063354623143e-03,9.964798116704902675e-01
-4.693877551020408240e-02,9.540954763499944619e-03,9.955868256600016730e-01
-4.693877551020408240e-02,1.206792640639328847e-02,9.943473831293141441e-01
-4.693877551020408240e-02,1.526417967175233356e-02,9.929941410460830786e-01
-4.693877551020408240e-02,1.930697728883249559e-02,9.912502529772482252e-01
-4.693877551020408240e-02,2.442053094548649744e-02,9.887049980359708945e-01
-4.693877551020408240e-02,3.088843596477484910e-02,9.863196443475434894e-01
-4.693877551020408240e-02,3.906939937054620948e-02,9.825636711233520781e-01
-4.693877551020408240e-02,4.941713361323837872e-02,9.792426031694927424e-01
-4.693877551020408240e-02,6.250551925273975518e-02,9.728391744610110914e-01
-4.693877551020408240e-02,7.906043210907701124e-02,9.663808415504137050e-01
-4.693877551020408240e-02,1.000000000000000056e-01,9.594627456277838862e-01
-4.285714285714285754e-02,9.999999999999999547e-07,9.998594128896975963e-01
-4.285714285714285754e-02,1.264855216855295881e-06,9.998383073508240182e-01
-4.285714285714285754e-02,1.599858719606057360e-06,9.998222510615236702e-01
-4.285714285714285754e-02,2.023589647725155726e-06,9.998181903583284180e-01
-4.285714285714285754e-02,2.559547922699533382e-06,9.998269287057882648e-01
-4.285714285714285754e-02,3.237457542817646685e-06,9.998207513177717054e-01
-4.285714285714285754e-02,4.094915062380427237e-06,9.998363560909322434e-01
-4.285714285714285754e-02,5.179474679231212330e-06,9.998306200649952347e-01
-4.285714285714285754e-02,6.551285568595509496e-06,9.998308587105770862e-01
-4.285714285714285754e-02,8.286427728546842542e-06,9.998460049028586871e-01
-4.285714285714285754e-02,1.048113134154685250e-05,9.998304400011562842e-01
-4.285714285714285754e-02,1.325711365590110898e-05,9.998311259049539323e-01
-4.285714285714285754e-02,1.676832936811009972e-05,9.998389464670353055e-01
-4.285714285714285754e-02,2.120950887920192640e-05,9.998170123682327270e-01
-4.285714285714285754e-02,2.682695795279727390e-05,9.998193596711465458e-01
-4.285714285714285754e-02,3.393221771895329857e-05,9.998348871862506870e-01
-4.285714285714285754e-02,4.291934260128778017e-05,9.998211568630673840e-01
-4.285714285714285754e-02,5.428675439323859403e-05,9.997903752237823349e-01
-4.285714285714285754e-02,6.866488450042998925e-05,9.998132364829942498e-01
-4.285714285714285754e-02,8.685113737513520580e-05,9.997748710269219741e-01
-4.285714285714285754e-02,1.098541141987558346e-04,9.997844508390776319e-01
-4.285714285714285754e-02,1.389495494373137348e-04,9.997818685250235982e-01
-4.285714285714285754e-02,1.757510624854793067e-04,9.997619045327487131e-01
-4.285714285714285754e-02,2.222996482526195465e-04,9.997232283236290318e-01
-4.285714285714285754e-02,2.811768697974231118e-04,9.997143057412519740e-01
-4.285714285714285754e-02,3.556480306223128661e-04,9.996677479817475120e-01
-4.285714285714285754e-02,4.498432668969443876e-04,9.996324374702953985e-01
-4.285714285714285754e-02,5.689866029018298636e-04,9.995793965786128332e-01
-4.285714285714285754e-02,7.196856730011521675e-04,9.995210321145310273e-01
-4.285714285714285754e-02,9.102981779915217267e-04,9.994552691122740029e-01
-4.285714285714285754e-02,1.151395399326448146e-03,9.993143526545807953e-01
-4.285714285714285754e-02,1.456348477501244378e-03,9.991843864843474865e-01
-4.285714285714285754e-02,1.842069969326716331e-03,9.990444747196824959e-01
-4.285714285714285754e-02,2.329951810515372077e-03,9.987770731853060635e-01
-4.285714285714285754e-02,2.947051702551809708e-03,9.985103757083723108e-01
-4.285714285714285754e-02,3.727593720314941773e-03,9.982288987994200058e-01
-4.285714285714285754e-02,4.714866363457394238e-03,9.976982869822939026e-01
-4.285714285714285754e-02,5.963623316594642357e-03,9.972031932715990088e-01
-4.285714285714285754e-02,7.543120063354623143e-03,9.965110574233277951e-01
-4.285714285714285754e-02,9.540954763499944619e-03,9.956512751561251706e-01
-4.285714285714285754e-02,1.206792640639328847e-02,9.946707966137201540e-01
-4.285714285714285754e-02,1.526417967175233356e-02,9.932429401543223513e-01
-4.285714285714285754e-02,1.930697728883249559e-02,9.913557653521746227e-01
-4.285714285714285754e-02,2.442053094548649744e-02,9.886103775641065239e-01
-4.285714285714285754e-02,3.088843596477484910e-02,9.860173421039118979e-01
-4.285714285714285754e-02,3.906939937054620948e-02,9.830456608727381473e-01
-4.285714285714285754e-02,4.941713361323837872e-02,9.779992737888376642e-01
-4.285714285714285754e-02,6.250551925273975518e-02,9.723251312776628463e-01
-4.285714285714285754e-02,7.906043210907701124e-02,9.661301684960794667e-01
-4.285714285714285754e-02,1.000000000000000056e-01,9.570968698372176453e-01
-3.877551020408163268e-02,9.999999999999999547e-07,9.998583607265506545e-01
-3.877551020408163268e-02,1.264855216855295881e-06,9.998321505980912738e-01
-3.877551020408163268e-02,1.599858719606057360e-06,9.998323314287530517e-01
-3.877551020408163268e-02,2.023589647725155726e-06,9.998574763103533769e-01
-3.877551020408163268e-02,2.559547922699533382e-06,9.998596601720629584e-01
-3.877551020408163268e-02,3.237457542817646685e-06,9.998405348444110441e-01
-3.877551020408163268e-02,4.094915062380427237e-06,9.998292143638619622e-01
-3.877551020408163268e-02,5.179474679231212330e-06,9.998543574674987333e-01
-3.877551020408163268e-02,6.551285568595509496e-06,9.998428323789215755e-01
-3.877551020408163268e-02,8.286427728546842542e-06,9.998630825997766314e-01
-3.877551020408163268e-02,1.048113134154685250e-05,9.998363594850129266e-01
-3.877551020408163268e-02,1.325711365590110898e-05,9.998588948260751508e-01
-3.877551020408163268e-02,1.676832936811009972e-05,9.998241882703322592e-01
-3.877551020408163268e-02,2.120950887920192640e-05,9.998142020605146341e-01
-3.877551020408163268e-02,2.682695795279727390e-05,9.998596748088404151e-01
-3.877551020408163268e-02,3.393221771895329857e-05,9.998393830109209013e-01
-3.877551020408163268e-02,4.291934260128778017e-05,9.998295308932374503e-01
-3.877551020408163268e-02,5.428675439323859403e-05,9.998243976094398633e-01
-3.877551020408163268e-02,6.866488450042998925e-05,9.998233733765450326e-01
-3.877551020408163268e-02,8.685113737513520580e-05,9.997984407765581061e-01
-3.877551020408163268e-02,1.098541141987558346e-04,9.997948249357871964e-01
-3.877551020408163268e-02,1.389495494373137348e-04,9.998019674422324865e-01
-3.877551020408163268e-02,1.757510624854793067e-04,9.997499421928178753e-01
-3.877551020408163268e-02,2.222996482526195465e-04,9.997375144698917859e-01
-3.877551020408163268e-02,2.811768697974231118e-04,9.997397005956315530e-01
-3.877551020408163268e-02,3.556480306223128661e-04,9.997058230352205976e-01
-3.877551020408163268e-02,4.498432668969443876e-04,9.996206494572138501e-01
-3.877551020408163268e-02,5.689866029018298636e-04,9.995916147547592168e-01
-3.877551020408163268e-02,7.196856730011521675e-04,9.995326605002206044e-01
-3.877551020408163268e-02,9.102981779915217267e-04,9.994655269040987333e-01
-3.877551020408163268e-02,1.151395399326448146e-03,9.993254615389282058e-01
-3.877551020408163268e-02,1.456348477501244378e-03,9.992316074567232365e-01
-3.877551020408163268e-02,1.842069969326716331e-03,9.990404773378824821e-01
-3.877551020408163268e-02,2.329951810515372077e-03,9.987883061469170487e-01
-3.877551020408163268e-02,2.947051702551809708e-03,9.985103017890125665e-01
-3.877551020408163268e-02,3.727593720314941773e-03,9.982649912202464781e-01
-3.877551020408163268e-02,4.714866363457394238e-03,9.977766542099155700e-01
-3.877551020408163268e-02,5.963623316594642357e-03,9.973273003790371627e-01
-3.877551020408163268e-02,7.543120063354623143e-03,9.965334058546487794e-01
-3.877551020408163268e-02,9.540954763499944619e-03,9.954975032515747113e-01
-3.877551020408163268e-02,1.206792640639328847e-02,9.946472702403263977e-01
-3.877551020408163268e-02,1.526417967175233356e-02,9.929475222166991299e-01
-3.877551020408163268e-02,1.930697728883249559e-02,9.908626816344663357e-01
-3.877551020408163268e-02,2.442053094548649744e-02,9.889550956911057344e-01
-3.877551020408163268e-02,3.088843596477484910e-02,9.860208390196187889e-01
-3.877551020408163268e-02,3.906939937054620948e-02,9.831024877003795570e-01
-3.877551020408163268e-02,4.941713361323837872e-02,9.785024400082765750e-01
-3.877551020408163268e-02,6.250551925273975518e-02,9.734990212720867619e-01
-3.877551020408163268e-02,7.906043210907701124e-02,9.662747303225240891e-01
-3.877551020408163268e-02,1.000000000000000056e-01,9.578058777174309757e-01
-3.469387755102040782e-02,9.999999999999999547e-07,9.998684518613824013e-01
-3.469387755102040782e-02,1.264855216855295881e-06,9.998502969904227156e-01
-3.469387755102040782e-02,1.599858719606057360e-06,9.998480735711271494e-01
-3.469387755102040782e-02,2.023589647725155726e-06,9.998610734397403998e-01
-3.469387755102040782e-02,2.559547922699533382e-06,9.998448830258535036e-01
-3.469387755102040782e-02,3.237457542817646685e-06,9.998457631557167158e-01
-3.469387755102040782e-02,4.094915062380427237e-06,9.998483537922722153e-01
-3.469387755102040782e-02,5.179474679231212330e-06,9.998539401475124988e-01
-3.469387755102040782e-02,6.551285568595509496e-06,9.998510874299192386e-01
-3.469387755102040782e-02,8.286427728546842542e-06,9.998250621641537883e-01
-3.469387755102040782e-02,1.048113134154685250e-05,9.998450822580872144e-01
-3.469387755102040782e-02,1.325711365590110898e-05,9.998391602578462489e-01
-3.469387755102040782e-02,1.676832936811009972e-05,9.998409660531462073e-01
-3.469387755102040782e-02,2.120950887920192640e-05,9.998557872465011487e-01
-3.469387755102040782e-02,2.682695795279727390e-05,9.998550620298577440e-01
-3.469387755102040782e-02,3.393221771895329857e-05,9.998258194934983578e-01
-3.469387755102040782e-02,4.291934260128778017e-05,9.998360784263813361e-01
-3.469387755102040782e-02,5.428675439323859403e-05,9.998312340338989523e-01
-3.469387755102040782e-02,6.866488450042998925e-05,9.998268376344024988e-01
-3.469387755102040782e-02,8.685113737513520580e-05,9.998123250806493223e-01
-3.469387755102040782e-02,1.098541141987558346e-04,9.998076150790352612e-01
-3.469387755102040782e-02,1.389495494373137348e-04,9.997997322635040485e-01
-3.469387755102040782e-02,1.757510624854793067e-04,9.997755642561986233e-01
-3.469387755102040782e-02,2.222996482526195465e-04,9.997475481974340550e-01
-3.469387755102040782e-02,2.811768697974231118e-04,9.997253430882129255e-01
-3.469387755102040782e-02,3.556480306223128661e-04,9.997004652258121293e-01
-3.469387755102040782e-02,4.498432668969443876e-04,9.996637050417972459e-01
-3.469387755102040782e-02,5.689866029018298636e-04,9.996018204916071737e-01
-3.469387755102040782e-02,7.196856730011521675e-04,9.995329746659458170e-01
-3.469387755102040782e-02,9.102981779915217267e-04,9.994695116079800323e-01
-3.469387755102040782e-02,1.151395399326448146e-03,9.993051248034093836e-01
-3.469387755102040782e-02,1.456348477501244378e-03,9.992236584329234894e-01
-3.469387755102040782e-02,1.842069969326716331e-03,9.990439921321834227e-01
-3.469387755102040782e-02,2.329951810515372077e-03,9.987834358360531128e-01
-3.469387755102040782e-02,2.947051702551809708e-03,9.984700267387098815e-01
-3.469387755102040782e-02,3.727593720314941773e-03,9.981955173009392501e-01
-3.469387755102040782e-02,4.714866363457394238e-03,9.977106276480156577e-01
-3.469387755102040782e-02,5.963623316594642357e-03,9.970811629575092594e-01
-3.469387755102040782e-02,7.543120063354623143e-03,9.964886282053311284e-01
-3.469387755102040782e-02,9.540954763499944619e-03,9.954463616728336239e-01
-3.469387755102040782e-02,1.206792640639328847e-02,9.943642189433472556e-01
-3.469387755102040782e-02,1.526417967175233356e-02,9.929084479650431838e-01
-3.469387755102040782e-02,1.930697728883249559e-02,9.914051718212125719e-01
-3.469387755102040782e-02,2.442053094548649744e-02,9.892348991865668184e-01
-3.469387755102040782e-02,3.088843596477484910e-02,9.865041212226322020e-01
-3.469387755102040782e-02,3.906939937054620948e-02,9.820649652912303296e-01
-3.469387755102040782e-02,4.941713361323837872e-02,9.789235143855516963e-01
-3.469387755102040782e-02,6.250551925273975518e-02,9.736037089677089806e-01
-3.469387755102040782e-02,7.906043210907701124e-02,9.642174649190916602e-01
-3.469387755102040782e-02,1.000000000000000056e-01,9.571973543545729823e-01
-3.061224489795918990e-02,9.999999999999999547e-07,9.998429469970343542e-01
-3.061224489795918990e-02,1.264855216855295881e-06,9.998539853765907592e-01
-3.061224489795918990e-02,1.599858719606057360e-06,9.998679784171844442e-01
-3.061224489795918990e-02,2.023589647725155726e-06,9.998867400144526574e-01
-3.061224489795918990e-02,2.559547922699533382e-06,9.998577867015753240e-01
-3.061224489795918990e-02,3.237457542817646685e-06,9.998717428518523187e-01
-3.061224489795918990e-02,4.094915062380427237e-06,9.998532959766157635e-01
-3.061224489795918990e-02,5.179474679231212330e-06,9.998584142996600477e-01
-3.061224489795918990e-02,6.551285568595509496e-06,9.998550925014874080e-01
-3.061224489795918990e-02,8.286427728546842542e-06,9.998556761590287056e-01
-3.061224489795918990e-02,1.048113134154685250e-05,9.998686002774620496e-01
-3.061224489795918990e-02,1.325711365590110898e-05,9.998634956865132262e-01
-3.061224489795918990e-02,1.676832936811009972e-05,9.998537033424661491e-01
-3.061224489795918990e-02,2.120950887920192640e-05,9.998535945047299922e-01
-3.061224489795918990e-02,2.682695795279727390e-05,9.998398746179784080e-01
-3.061224489795918990e-02,3.393221771895329857e-05,9.998257524510606453e-01
-3.061224489795918990e-02,4.291934260128778017e-05,9.998378392200433229e-01
-3.061224489795918990e-02,5.428675439323859403e-05,9.998366296011047538e-01
-3.061224489795918990e-02,6.866488450042998925e-05,9.998248462336535303e-01
-3.061224489795918990e-02,8.685113737513520580e-05,9.998065015167456604e-01
-3.061224489795918990e-02,1.098541141987558346e-04,9.998146678640422724e-01
-3.061224489795918990e-02,1.389495494373137348e-04,9.998100962478502218e-01
-3.061224489795918990e-02,1.757510624854793067e-04,9.997857266176386482e-01
-3.061224489795918990e-02,2.222996482526195465e-04,9.997740422410267280e-01
-3.061224489795918990e-02,2.811768697974231118e-04,9.997409921244421183e-01
-3.061224489795918990e-02,3.556480306223128661e-04,9.997130510247067559e-01
-3.061224489795918990e-02,4.498432668969443876e-04,9.996598475547961993e-01
-3.061224489795918990e-02,5.689866029018298636e-04,9.996329484009364164e-01
-3.061224489795918990e-02,7.196856730011521675e-04,9.995514641114217058e-01
-3.061224489795918990e-02,9.102981779915217267e-04,9.994585521218177782e-01
-3.061224489795918990e-02,1.151395399326448146e-03,9.993631493545680478e-01
-3.061224489795918990e-02,1.456348477501244378e-03,9.992072861280369978e-01
-3.061224489795918990e-02,1.842069969326716331e-03,9.990300395295009794e-01
-3.061224489795918990e-02,2.329951810515372077e-03,9.988232261244082144e-01
-3.061224489795918990e-02,2.947051702551809708e-03,9.985915428344435130e-01
-3.061224489795918990e-02,3.727593720314941773e-03,9.982640385373027225e-01
-3.061224489795918990e-02,4.714866363457394238e-03,9.978009702391393843e-01
-3.061224489795918990e-02,5.963623316594642357e-03,9.972880607326628510e-01
-3.061224489795918990e-02,7.543120063354623143e-03,9.963712639011061967e-01
-3.061224489795918990e-02,9.540954763499944619e-03,9.957856478128443989e-01
-3.061224489795918990e-02,1.206792640639328847e-02,9.942470560934545398e-01
-3.061224489795918990e-02,1.526417967175233356e-02,9.929694290463677575e-01
-3.061224489795918990e-02,1.930697728883249559e-02,9.913571699485429489e-01
-3.061224489795918990e-02,2.442053094548649744e-02,9.895173045041810722e-01
-3.061224489795918990e-02,3.088843596477484910e-02,9.869563109818814128e-01
-3.061224489795918990e-02,3.906939937054620948e-02,9.834666540662854173e-01
-3.061224489795918990e-02,4.941713361323837872e-02,9.784678778210488259e-01
-3.061224489795918990e-02,6.250551925273975518e-02,9.716589890479525593e-01
-3.061224489795918990e-02,7.906043210907701124e-02,9.661117367839610059e-01
-3.061224489795918990e-02,1.000000000000000056e-01,9.584514213939943073e-01
-2.653061224489795811e-02,9.999999999999999547e-07,9.998884240613199470e-01
-2.653061224489795811e-02,1.264855216855295881e-06,9.998551037963071542e-01
-2.653061224489795811e-02,1.599858719606057360e-06,9.998656755129060603e-01
-2.653061224489795811e-02,2.023589647725155726e-06,9.998656948087161211e-01
-2.653061224489795811e-02,2.559547922699533382e-06,9.998667214349363785e-01
-2.653061224489795811e-02,3.237457542817646685e-06,9.998622500362308596e-01
-2.653061224489795811e-02,4.094915062380427237e-06,9.998477328325167113e-01
-2.653061224489795811e-02,5.179474679231212330e-06,9.998605308668676583e-01
-2.653061224489795811e-02,6.551285568595509496e-06,9.998422084712755842e-01
-2.653061224489795811e-02,8.286427728546842542e-06,9.998630485045397753e-01
-2.653061224489795811e-02,1.048113134154685250e-05,9.998615035213509472e-01
-2.653061224489795811e-02,1.325711365590110898e-05,9.998583626752716169e-01
-2.653061224489795811e-02,1.676832936811009972e-05,9.998496222534195566e-01
-2.653061224489795811e-02,2.120950887920192640e-05,9.998446122126481983e-01
-2.653061224489795811e-02,2.682695795279727390e-05,9.998597142888562272e-01
-2.653061224489795811e-02,3.393221771895329857e-05,9.998329765417141024e-01
-2.653061224489795811e-02,4.291934260128778017e-05,9.998597288754276224e-01
-2.653061224489795811e-02,5.428675439323859403e-05,9.998557988342223757e-01
-2.653061224489795811e-02,6.866488450042998925e-05,9.998452778634274729e-01
-2.653061224489795811e-02,8.685113737513520580e-05,9.998262033722178366e-01
-2.653061224489795811e-02,1.098541141987558346e-04,9.998272621325319243e-01
-2.653061224489795811e-02,1.389495494373137348e-04,9.998104997991735798e-01
-2.653061224489795811e-02,1.757510624854793067e-04,9.998103806413451977e-01
-2.653061224489795811e-02,2.222996482526195465e-04,9.997819915579765349e-01
-2.653061224489795811e-02,2.811768697974231118e-04,9.997324166697250103e-01
-2.653061224489795811e-02,3.556480306223128661e-04,9.997011003899696213e-01
-2.653061224489795811e-02,4.498432668969443876e-04,9.996608648845998202e-01
-2.653061224489795811e-02,5.689866029018298636e-04,9.996237489876270699e-01
-2.653061224489795811e-02,7.196856730011521675e-04,9.995461432503535137e-01
-2.653061224489795811e-02,9.102981779915217267e-04,9.994395927722634632e-01
-2.653061224489795811e-02,1.151395399326448146e-03,9.993408001619844550e-01
-2.653061224489795811e-02,1.456348477501244378e-03,9.992117979742306533e-01
-2.653061224489795811e-02,1.842069969326716331e-03,9.990673065311057588e-01
-2.653061224489795811e-02,2.329951810515372077e-03,9.988160211889482998e-01
-2.653061224489795811e-02,2.947051702551809708e-03,9.985967544079922265e-01
-2.653061224489795811e-02,3.727593720314941773e-03,9.981752412120870055e-01
-2.653061224489795811e-02,4.714866363457394238e-03,9.977723771152804400e-01
-2.653061224489795811e-02,5.963623316594642357e-03,9.971957079329967222e-01
-2.653061224489795811e-02,7.543120063354623143e-03,9.964121439385839052e-01
-2.653061224489795811e-02,9.540954763499944619e-03,9.956383559641536207e-01
-2.653061224489795811e-02,1.206792640639328847e-02,9.944706152241451491e-01
-2.653061224489795811e-02,1.526417967175233356e-02,9.928851395229598698e-01
-2.653061224489795811e-02,1.930697728883249559e-02,9.912233147754279106e-01
-2.653061224489795811e-02,2.442053094548649744e-02,9.894599430073387492e-01
-2.653061224489795811e-02,3.088843596477484910e-02,9.861205942926858370e-01
-2.653061224489795811e-02,3.906939937054620948e-02,9.826045793358292313e-01
-2.653061224489795811e-02,4.941713361323837872e-02,9.783701460962016538e-01
-2.653061224489795811e-02,6.250551925273975518e-02,9.723675038422981975e-01
-2.653061224489795811e-02,7.906043210907701124e-02,9.666725687875376005e-01
-2.653061224489795811e-02,1.000000000000000056e-01,9.565514208924298378e-01
-2.244897959183672631e-02,9.999999999999999547e-07,9.998742428091993428e-01
-2.244897959183672631e-02,1.264855216855295881e-06,9.998570352348477019e-01
-2.244897959183672631e-02,1.599858719606057360e-06,9.998665916693290079e-01
-2.244897959183672631e-02,2.023589647725155726e-06,9.998498055820812525e-01
-2.244897959183672631e-02,2.559547922699533382e-06,9.998760954074651375e-01
-2.244897959183672631e-02,3.237457542817646685e-06,9.998637236180479837e-01
-2.244897959183672631e-02,4.094915062380427237e-06,9.998490558805720463e-01
-2.244897959183672631e-02,5.179474679231212330e-06,9.998735329028022312e-01
-2.244897959183672631e-02,6.551285568595509496e-06,9.998800222007246941e-01
-2.244897959183672631e-02,8.286427728546842542e-06,9.998583283544779654e-01
-2.244897959183672631e-02,1.048113134154685250e-05,9.998621014201917179e-01
-2.244897959183672631e-02,1.325711365590110898e-05,9.998624631205550450e-01
-2.244897959183672631e-02,1.676832936811009972e-05,9.998684866747841182e-01
-2.244897959183672631e-02,2.120950887920192640e-05,9.998547533585570024e-01
-2.244897959183672631e-02,2.682695795279727390e-05,9.998538203631528454e-01
-2.244897959183672631e-02,3.393221771895329857e-05,9.998423076624125549e-01
-2.244897959183672631e-02,4.291934260128778017e-05,9.998379505966440428e-01
-2.244897959183672631e-02,5.428675439323859403e-05,9.998504800934456815e-01
-2.244897959183672631e-02,6.866488450042998925e-05,9.998263878990623077e-01
-2.244897959183672631e-02,8.685113737513520580e-05,9.998344357284243422e-01
-2.244897959183672631e-02,1.098541141987558346e-04,9.998304026949925705e-01
-2.244897959183672631e-02,1.389495494373137348e-04,9.998153069570716589e-01
-2.244897959183672631e-02,1.757510624854793067e-04,9.997807608422581982e-01
-2.244897959183672631e-02,2.222996482526195465e-04,9.997686334811821673e-01
-2.244897959183672631e-02,2.811768697974231118e-04,9.997328819192949911e-01
-2.244897959183672631e-02,3.556480306223128661e-04,9.996923147920128150e-01
-2.244897959183672631e-02,4.498432668969443876e-04,9.996875995631132605e-01
-2.244897959183672631e-02,5.689866029018298636e-04,9.996116169862774292e-01
-2.244897959183672631e-02,7.196856730011521675e-04,9.995538955540880233e-01
-2.244897959183672631e-02,9.102981779915217267e-04,9.994736213427689586e-01
-2.244897959183672631e-02,1.151395399326448146e-03,9.993493937015718309e-01
-2.244897959183672631e-02,1.456348477501244378e-03,9.992542288945474027e-01
-2.244897959183672631e-02,1.842069969326716331e-03,9.991117679414354136e-01
-2.244897959183672631e-02,2.329951810515372077e-03,9.988515450433174125e-01
-2.244897959183672631e-02,2.947051702551809708e-03,9.985394365624900015e-01
-2.244897959183672631e-02,3.727593720314941773e-03,9.981191631050392310e-01
-2.244897959183672631e-02,4.714866363457394238e-03,9.978646273961564450e-01
-2.244897959183672631e-02,5.963623316594642357e-03,9.973328257800830876e-01
-2.244897959183672631e-02,7.543120063354623143e-03,9.965715183131683697e-01
-2.244897959183672631e-02,9.540954763499944619e-03,9.957719732151764092e-01
-2.244897959183672631e-02,1.206792640639328847e-02,9.945150522569771168e-01
-2.244897959183672631e-02,1.526417967175233356e-02,9.933044326435446214e-01
-2.244897959183672631e-02,1.930697728883249559e-02,9.914824796927428352e-01
-2.244897959183672631e-02,2.442053094548649744e-02,9.888664018538597666e-01
-2.244897959183672631e-02,3.088843596477484910e-02,9.862502529680490237e-01
-2.244897959183672631e-02,3.906939937054620948e-02,9.828201207109384940e-01
-2.244897959183672631e-02,4.941713361323837872e-02,9.785672529678709486e-01
-2.244897959183672631e-02,6.250551925273975518e-02,9.726062453418627962e-01
-2.244897959183672631e-02,7.906043210907701124e-02,9.652887562690188883e-01
-2.244897959183672631e-02,1.000000000000000056e-01,9.582582229329829060e-01
-1.836734693877550839e-02,9.999999999999999547e-07,9.998645450458333306e-01
-1.836734693877550839e-02,1.264855216855295881e-06,9.998802529225885305e-01
-1.836734693877550839e-02,1.599858719606057360e-06,9.998588588484103035e-01
-1.836734693877550839e-02,2.023589647725155726e-06,9.998615712704866931e-01
-1.836734693877550839e-02,2.559547922699533382e-06,9.998732909029367510e-01
-1.836734693877550839e-02,3.237457542817646685e-06,9.998754473123264708e-01
-1.836734693877550839e-02,4.094915062380427237e-06,9.998623813477491851e-01
-1.836734693877550839e-02,5.179474679231212330e-06,9.998615146772248385e-01
-1.836734693877550839e-02,6.551285568595509496e-06,9.998800375343592783e-01
-1.836734693877550839e-02,8.286427728546842542e-06,9.998752411650222438e-01
-1.836734693877550839e-02,1.048113134154685250e-05,9.998669724837019324e-01
-1.836734693877550839e-02,1.325711365590110898e-05,9.998618829122309926e-01
-1.836734693877550839e-02,1.676832936811009972e-05,9.998601591386752085e-01
-1.836734693877550839e-02,2.120950887920192640e-05,9.998711059829726855e-01
-1.836734693877550839e-02,2.682695795279727390e-05,9.998730635149474244e-01
-1.836734693877550839e-02,3.393221771895329857e-05,9.998657787804932084e-01
-1.836734693877550839e-02,4.291934260128778017e-05,9.998600529286408856e-01
-1.836734693877550839e-02,5.428675439323859403e-05,9.998576511216871188e-01
-1.836734693877550839e-02,6.866488450042998925e-05,9.998547909708389581e-01
-1.836734693877550839e-02,8.685113737513520580e-05,9.998260781989866119e-01
-1.836734693877550839e-02,1.098541141987558346e-04,9.998237683885254912e-01
-1.836734693877550839e-02,1.389495494373137348e-04,9.998072697745772341e-01
-1.836734693877550839e-02,1.757510624854793067e-04,9.997862403415931354e-01
-1.836734693877550839e-02,2.222996482526195465e-04,9.997644835452443868e-01
-1.836734693877550839e-02,2.811768697974231118e-04,9.997576680463580168e-01
-1.836734693877550839e-02,3.556480306223128661e-04,9.997170789100878752e-01
-1.836734693877550839e-02,4.498432668969443876e-04,9.996867292271817140e-01
-1.836734693877550839e-02,5.689866029018298636e-04,9.996266729938604323e-01
-1.836734693877550839e-02,7.196856730011521675e-04,9.995688798515257600e-01
-1.836734693877550839e-02,9.102981779915217267e-04,9.994779371842292814e-01
-1.836734693877550839e-02,1.151395399326448146e-03,9.993580342306400688e-01
-1.836734693877550839e-02,1.456348477501244378e-03,9.992400793570952455e-01
-1.836734693877550839e-02,1.842069969326716331e-03,9.990507852265941846e-01
-1.836734693877550839e-02,2.329951810515372077e-03,9.988715417510988237e-01
-1.836734693877550839e-02,2.947051702551809708e-03,9.985907322251145191e-01
-1.836734693877550839e-02,3.727593720314941773e-03,9.982200952872507527e-01
-1.836734693877550839e-02,4.714866363457394238e-03,9.978468394460051627e-01
-1.836734693877550839e-02,5.963623316594642357e-03,9.971772451421559991e-01
-1.836734693877550839e-02,7.543120063354623143e-03,9.963828917656476492e-01
-1.836734693877550839e-02,9.540954763499944619e-03,9.956300021382585852e-01
-1.836734693877550839e-02,1.206792640639328847e-02,9.944836495220675809e-01
-1.836734693877550839e-02,1.526417967175233356e-02,9.931711255881797706e-01
-1.836734693877550839e-02,1.930697728883249559e-02,9.912363911766166602e-01
-1.836734693877550839e-02,2.442053094548649744e-02,9.897460037963600188e-01
-1.836734693877550839e-02,3.088843596477484910e-02,9.865965709300043018e-01
-1.836734693877550839e-02,3.906939937054620948e-02,9.823276399820726201e-01
-1.836734693877550839e-02,4.941713361323837872e-02,9.784481922304995027e-01
-1.836734693877550839e-02,6.250551925273975518e-02,9.724296592370786918e-01
-1.836734693877550839e-02,7.906043210907701124e-02,9.673057063642154230e-01
-1.836734693877550839e-02,1.000000000000000056e-01,9.576700186078856980e-01
-1.428571428571429047e-02,9.999999999999999547e-07,9.998852677855437632e-01
-1.428571428571429047e-02,1.264855216855295881e-06,9.998692839213912942e-01
-1.428571428571429047e-02,1.599858719606057360e-06,9.998597195954093131e-01
-1.428571428571429047e-02,2.023589647725155726e-06,9.998829188565132586e-01
-1.428571428571429047e-02,2.559547922699533382e-06,9.998748346809470666e-01
-1.428571428571429047e-02,3.237457542817646685e-06,9.998652032037262938e-01
-1.428571428571429047e-02,4.094915062380427237e-06,9.998712477785156594e-01
-1.428571428571429047e-02,5.179474679231212330e-06,9.998735173784922825e-01
-1.428571428571429047e-02,6.551285568595509496e-06,9.998635511064368764e-01
-1.428571428571429047e-02,8.286427728546842542e-06,9.998698111588217863e-01
-1.428571428571429047e-02,1.048113134154685250e-05,9.998702245593331650e-01
-1.428571428571429047e-02,1.325711365590110898e-05,9.998687062015829685e-01
-1.428571428571429047e-02,1.676832936811009972e-05,9.998699929892224114e-01
-1.428571428571429047e-02,2.120950887920192640e-05,9.998491607708086537e-01
-1.428571428571429047e-02,2.682695795279727390e-05,9.998641048930633213e-01
-1.428571428571429047e-02,3.393221771895329857e-05,9.998470936401363529e-01
-1.428571428571429047e-02,4.291934260128778017e-05,9.998662242286014967e-01
-1.428571428571429047e-02,5.428675439323859403e-05,9.998568028069769742e-01
-1.428571428571429047e-02,6.866488450042998925e-05,9.998359155412718247e-01
-1.428571428571429047e-02,8.685113737513520580e-05,9.998381316570817967e-01
-1.428571428571429047e-02,1.098541141987558346e-04,9.998264882498193451e-01
-1.428571428571429047e-02,1.389495494373137348e-04,9.998165772834509690e-01
-1.428571428571429047e-02,1.757510624854793067e-04,9.997968094521937354e-01
-1.428571428571429047e-02,2.222996482526195465e-04,9.997851180810332083e-01
-1.428571428571429047e-02,2.811768697974231118e-04,9.997344587056623544e-01
-1.428571428571429047e-02,3.556480306223128661e-04,9.997179474222374074e-01
-1.428571428571429047e-02,4.498432668969443876e-04,9.996732294551864406e-01
-1.428571428571429047e-02,5.689866029018298636e-04,9.996165897064155370e-01
-1.428571428571429047e-02,7.196856730011521675e-04,9.995491314467996880e-01
-1.428571428571429047e-02,9.102981779915217267e-04,9.994733477123670662e-01
-1.428571428571429047e-02,1.151395399326448146e-03,9.993738658204921466e-01
-1.428571428571429047e-02,1.456348477501244378e-03,9.992320015251811016e-01
-1.428571428571429047e-02,1.842069969326716331e-03,9.990407950596710274e-01
-1.428571428571429047e-02,2.329951810515372077e-03,9.988519670979054688e-01
-1.428571428571429047e-02,2.947051702551809708e-03,9.985579985554530191e-01
-1.428571428571429047e-02,3.727593720314941773e-03,9.981944898567866042e-01
-1.428571428571429047e-02,4.714866363457394238e-03,9.977800548083689547e-01
-1.428571428571429047e-02,5.963623316594642357e-03,9.970728791109533251e-01
-1.428571428571429047e-02,7.543120063354623143e-03,9.965765783437784409e-01
-1.428571428571429047e-02,9.540954763499944619e-03,9.956599234007630361e-01
-1.428571428571429047e-02,1.206792640639328847e-02,9.946778067684626246e-01
-1.428571428571429047e-02,1.526417967175233356e-02,9.929053890314041286e-01
-1.428571428571429047e-02,1.930697728883249559e-02,9.915061021110544992e-01
-1.428571428571429047e-02,2.442053094548649744e-02,9.887162485530160971e-01
-1.428571428571429047e-02,3.088843596477484910e-02,9.859410993444430726e-01
-1.428571428571429047e-02,3.906939937054620948e-02,9.821469170828472928e-01
-1.428571428571429047e-02,4.941713361323837872e-02,9.778300560683764742e-01
-1.428571428571429047e-02,6.250551925273975518e-02,9.731129337839149462e-01
-1.428571428571429047e-02,7.906043210907701124e-02,9.683229409977801572e-01
-1.428571428571429047e-02,1.000000000000000056e-01,9.595869387508506598e-01
-1.020408163265305868e-02,9.999999999999999547e-07,9.998705532571188215e-01
-1.020408163265305868e-02,1.264855216855295881e-06,9.998667337494283602e-01
-1.020408163265305868e-02,1.599858719606057360e-06,9.998681260102249002e-01
-1.020408163265305868e-02,2.023589647725155726e-06,9.998797838635463675e-01
-1.020408163265305868e-02,2.559547922699533382e-06,9.998613123878230535e-01
-1.020408163265305868e-02,3.237457542817646685e-06,9.998545055755724276e-01
-1.020408163265305868e-02,4.094915062380427237e-06,9.998689947001133671e-01
-1.020408163265305868e-02,5.179474679231212330e-06,9.998655180883941895e-01
-1.020408163265305868e-02,6.551285568595509496e-06,9.998574171971345015e-01
-1.020408163265305868e-02,8.286427728546842542e-06,9.998632720403207719e-01
-1.020408163265305868e-02,1.048113134154685250e-05,9.998600265111281526e-01
-1.020408163265305868e-02,1.325711365590110898e-05,9.998528994602431386e-01
-1.020408163265305868e-02,1.676832936811009972e-05,9.998651807674262537e-01
-1.020408163265305868e-02,2.120950887920192640e-05,9.998586086103878889e-01
-1.020408163265305868e-02,2.682695795279727390e-05,9.998570395391526144e-01
-1.020408163265305868e-02,3.393221771895329857e-05,9.998661669057113954e-01
-1.020408163265305868e-02,4.291934260128778017e-05,9.998598841318327990e-01
-1.020408163265305868e-02,5.428675439323859403e-05,9.998415259544843892e-01
-1.020408163265305868e-02,6.866488450042998925e-05,9.998477839224512165e-01
-1.020408163265305868e-02,8.685113737513520580e-05,9.998335508049858156e-01
-1.020408163265305868e-02,1.098541141987558346e-04,9.998346899989081216e-01
-1.020408163265305868e-02,1.389495494373137348e-04,9.998067672868770073e-01
-1.020408163265305868e-02,1.757510624854793067e-04,9.997989615338049862e-01
-1.020408163265305868e-02,2.222996482526195465e-04,9.997735521943917902e-01
-1.020408163265305868e-02,2.811768697974231118e-04,9.997581976044225271e-01
-1.020408163265305868e-02,3.556480306223128661e-04,9.997036921436464052e-01
-1.020408163265305868e-02,4.498432668969443876e-04,9.996696050999216432e-01
-1.020408163265305868e-02,5.689866029018298636e-04,9.996156920854537553e-01
-1.020408163265305868e-02,7.196856730011521675e-04,9.995433658399741628e-01
-1.020408163265305868e-02,9.102981779915217267e-04,9.994539110360172174e-01
-1.020408163265305868e-02,1.151395399326448146e-03,9.993766376201972390e-01
-1.020408163265305868e-02,1.456348477501244378e-03,9.992024151136706944e-01
-1.020408163265305868e-02,1.842069969326716331e-03,9.990760075153859443e-01
-1.020408163265305868e-02,2.329951810515372077e-03,9.988264783124448654e-01
-1.020408163265305868e-02,2.947051702551809708e-03,9.985301934677618396e-01
-1.020408163265305868e-02,3.727593720314941773e-03,9.982195031052456535e-01
-1.020408163265305868e-02,4.714866363457394238e-03,9.977687248295921130e-01
-1.020408163265305868e-02,5.963623316594642357e-03,9.972818727438305109e-01
-1.020408163265305868e-02,7.543120063354623143e-03,9.964943162138498733e-01
-1.020408163265305868e-02,9.540954763499944619e-03,9.958271755802252656e-01
-1.020408163265305868e-02,1.206792640639328847e-02,9.943282882830550840e-01
-1.020408163265305868e-02,1.526417967175233356e-02,9.930195625728147624e-01
-1.020408163265305868e-02,1.930697728883249559e-02,9.914110016965796968e-01
-1.020408163265305868e-02,2.442053094548649744e-02,9.890078020870762820e-01
-1.020408163265305868e-02,3.088843596477484910e-02,9.866726968549734966e-01
-1.020408163265305868e-02,3.906939937054620948e-02,9.827261622623272297e-01
-1.020408163265305868e-02,4.941713361323837872e-02,9.779284733514016503e-01
-1.020408163265305868e-02,6.250551925273975518e-02,9.721704280730142367e-01
-1.020408163265305868e-02,7.906043210907701124e-02,9.638344227393877972e-01
-1.020408163265305868e-02,1.000000000000000056e-01,9.583801471955684104e-01
-6.122448979591826879e-03,9.999999999999999547e-07,9.998770732114443671e-01
-6.122448979591826879e-03,1.264855216855295881e-06,9.998639627948002762e-01
-6.122448979591826879e-03,1.599858719606057360e-06,9.998542756185182512e-01
-6.122448979591826879e-03,2.023589647725155726e-06,9.998593472868873011e-01
-6.122448979591826879e-03,2.559547922699533382e-06,9.998684582077396188e-01
-6.122448979591826879e-03,3.237457542817646685e-06,9.998666874797348392e-01
-6.122448979591826879e-03,4.094915062380427237e-06,9.998674419223030352e-01
-6.122448979591826879e-03,5.179474679231212330e-06,9.998662421987778437e-01
-6.122448979591826879e-03,6.551285568595509496e-06,9.998810890012808095e-01
-6.122448979591826879e-03,8.286427728546842542e-06,9.998651878887487854e-01
-6.122448979591826879e-03,1.048113134154685250e-05,9.998445647693360305e-01
-6.122448979591826879e-03,1.325711365590110898e-05,9.998660034205009151e-01
-6.122448979591826879e-03,1.676832936811009972e-05,9.998603471111665586e-01
-6.122448979591826879e-03,2.120950887920192640e-05,9.998645263863980004e-01
-6.122448979591826879e-03,2.682695795279727390e-05,9.998557091762634297e-01
-6.122448979591826879e-03,3.393221771895329857e-05,9.998550193364220684e-01
-6.122448979591826879e-03,4.291934260128778017e-05,9.998332249366543856e-01
-6.122448979591826879e-03,5.428675439323859403e-05,9.998516245187625273e-01
-6.122448979591826879e-03,6.866488450042998925e-05,9.998434187973960219e-01
-6.122448979591826879e-03,8.685113737513520580e-05,9.998232458363319752e-01
-6.122448979591826879e-03,1.098541141987558346e-04,9.998197694600474694e-01
-6.122448979591826879e-03,1.389495494373137348e-04,9.998178020618299078e-01
-6.122448979591826879e-03,1.757510624854793067e-04,9.997981509356824725e-01
-6.122448979591826879e-03,2.222996482526195465e-04,9.997546008431182907e-01
-6.122448979591826879e-03,2.811768697974231118e-04,9.997289601754049126e-01
-6.122448979591826879e-03,3.556480306223128661e-04,9.997100908980791623e-01
-6.122448979591826879e-03,4.498432668969443876e-04,9.996700962791341682e-01
-6.122448979591826879e-03,5.689866029018298636e-04,9.996046232178089630e-01
-6.122448979591826879e-03,7.196856730011521675e-04,9.995486372498243455e-01
-6.122448979591826879e-03,9.102981779915217267e-04,9.994433046117185970e-01
-6.122448979591826879e-03,1.151395399326448146e-03,9.993447287267174239e-01
-6.122448979591826879e-03,1.456348477501244378e-03,9.992103373586930237e-01
-6.122448979591826879e-03,1.842069969326716331e-03,9.990711689658580141e-01
-6.122448979591826879e-03,2.329951810515372077e-03,9.988759184414935932e-01
-6.122448979591826879e-03,2.947051702551809708e-03,9.986289097018326011e-01
-6.122448979591826879e-03,3.727593720314941773e-03,9.982341831343739535e-01
-6.122448979591826879e-03,4.714866363457394238e-03,9.977588644895234449e-01
-6.122448979591826879e-03,5.963623316594642357e-03,9.971943551965206654e-01
-6.122448979591826879e-03,7.543120063354623143e-03,9.967349288985016820e-01
-6.122448979591826879e-03,9.540954763499944619e-03,9.957155407969168204e-01
-6.122448979591826879e-03,1.206792640639328847e-02,9.946378192339977442e-01
-6.122448979591826879e-03,1.526417967175233356e-02,9.931531050105261160e-01
-6.122448979591826879e-03,1.930697728883249559e-02,9.912288722836609667e-01
-6.122448979591826879e-03,2.442053094548649744e-02,9.888919999893355239e-01
-6.122448979591826879e-03,3.088843596477484910e-02,9.857583421248938826e-01
-6.122448979591826879e-03,3.906939937054620948e-02,9.829741397739394371e-01
-6.122448979591826879e-03,4.941713361323837872e-02,9.794365820461170546e-01
-6.122448979591826879e-03,6.250551925273975518e-02,9.730107117062861688e-01
-6.122448979591826879e-03,7.906043210907701124e-02,9.663065547200591077e-01
-6.122448979591826879e-03,1.000000000000000056e-01,9.587309977233851033e-01
-2.040816326530608960e-03,9.999999999999999547e-07,9.998665388195004944e-01
-2.040816326530608960e-03,1.264855216855295881e-06,9.998565724535335431e-01
-2.040816326530608960e-03,1.599858719606057360e-06,9.998629468989672642e-01
-2.040816326530608960e-03,2.023589647725155726e-06,9.998584808863354434e-01
-2.040816326530608960e-03,2.559547922699533382e-06,9.998421363388867444e-01
-2.040816326530608960e-03,3.237457542817646685e-06,9.998679365683256215e-01
-2.040816326530608960e-03,4.094915062380427237e-06,9.998627164909353882e-01
-2.040816326530608960e-03,5.179474679231212330e-06,9.998646594124798170e-01
-2.040816326530608960e-03,6.551285568595509496e-06,9.998775685027916360e-01
-2.040816326530608960e-03,8.286427728546842542e-06,9.998604389091849676e-01
-2.040816326530608960e-03,1.048113134154685250e-05,9.998596300886595234e-01
-2.040816326530608960e-03,1.325711365590110898e-05,9.998533423107994755e-01
-2.040816326530608960e-03,1.676832936811009972e-05,9.998595752606831422e-01
-2.040816326530608960e-03,2.120950887920192640e-05,9.998534760312438596e-01
-2.040816326530608960e-03,2.682695795279727390e-05,9.998536818635183065e-01
-2.040816326530608960e-03,3.393221771895329857e-05,9.998510716483560712e-01
-2.040816326530608960e-03,4.291934260128778017e-05,9.998512278895141936e-01
-2.040816326530608960e-03,5.428675439323859403e-05,9.998527646083792408e-01
-2.040816326530608960e-03,6.866488450042998925e-05,9.998326287137817570e-01
-2.040816326530608960e-03,8.685113737513520580e-05,9.998185125800140849e-01
-2.040816326530608960e-03,1.098541141987558346e-04,9.998189419027326830e-01
-2.040816326530608960e-03,1.389495494373137348e-04,9.998125565388672475e-01
-2.040816326530608960e-03,1.757510624854793067e-04,9.997911937813319661e-01
-2.040816326530608960e-03,2.222996482526195465e-04,9.997628333728647565e-01
-2.040816326530608960e-03,2.811768697974231118e-04,9.997409012791219629e-01
-2.040816326530608960e-03,3.556480306223128661e-04,9.997062037125610257e-01
-2.040816326530608960e-03,4.498432668969443876e-04,9.996751018557918922e-01
-2.040816326530608960e-03,5.689866029018298636e-04,9.995937549097719810e-01
-2.040816326530608960e-03,7.196856730011521675e-04,9.995285260225397206e-01
-2.040816326530608960e-03,9.102981779915217267e-04,9.994496551163846165e-01
-2.040816326530608960e-03,1.151395399326448146e-03,9.993549354474927648e-01
-2.040816326530608960e-03,1.456348477501244378e-03,9.991929775488894716e-01
-2.040816326530608960e-03,1.842069969326716331e-03,9.990845908227710126e-01
-2.040816326530608960e-03,2.329951810515372077e-03,9.988800775091642992e-01
-2.040816326530608960e-03,2.947051702551809708e-03,9.984881906827286491e-01
-2.040816326530608960e-03,3.727593720314941773e-03,9.982138976494983051e-01
-2.040816326530608960e-03,4.714866363457394238e-03,9.978108271519446903e-01
-2.040816326530608960e-03,5.963623316594642357e-03,9.972074426410189041e-01
-2.040816326530608960e-03,7.543120063354623143e-03,9.966111414069108720e-01
-2.040816326530608960e-03,9.540954763499944619e-03,9.957216852091805848e-01
-2.040816326530608960e-03,1.206792640639328847e-02,9.943546396236526697e-01
-2.040816326530608960e-03,1.526417967175233356e-02,9.934079624937652842e-01
-2.040816326530608960e-03,1.930697728883249559e-02,9.914234306101831207e-01
-2.040816326530608960e-03,2.442053094548649744e-02,9.895707020100792395e-01
-2.040816326530608960e-03,3.088843596477484910e-02,9.862643212674621074e-01
-2.040816326530608960e-03,3.906939937054620948e-02,9.833086623522518943e-01
-2.040816326530608960e-03,4.941713361323837872e-02,9.782082093535759970e-01
-2.040816326530608960e-03,6.250551925273975518e-02,9.740424280101788179e-01
-2.040816326530608960e-03,7.906043210907701124e-02,9.663479679286485213e-01
-2.040816326530608960e-03,1.000000000000000056e-01,9.578291250587867012e-01
2.040816326530608960e-03,9.999999999999999547e-07,9.998751423862181076e-01
2.040816326530608960e-03,1.264855216855295881e-06,9.998600045012001614e-01
2.040816326530608960e-03,1.599858719606057360e-06,9.998469209032115890e-01
2.040816326530608960e-03,2.023589647725155726e-06,9.998747521291193596e-01
2.040816326530608960e-03,2.559547922699533382e-06,9.998469154837305028e-01
2.040816326530608960e-03,3.237457542817646685e-06,9.998638916790473230e-01
2.040816326530608960e-03,4.094915062380427237e-06,9.998713835253092430e-01
2.040816326530608960e-03,5.179474679231212330e-06,9.998502703482583520e-01
2.040816326530608960e-03,6.551285568595509496e-06,9.998624418371566680e-01
2.040816326530608960e-03,8.286427728546842542e-06,9.998602143935917397e-01
2.040816326530608960e-03,1.048113134154685250e-05,9.998493442621501082e-01
2.040816326530608960e-03,1.325711365590110898e-05,9.998555087864011703e-01
2.040816326530608960e-03,1.676832936811009972e-05,9.998466862758470519e-01
2.040816326530608960e-03,2.120950887920192640e-05,9.998519610258475021e-01
2.040816326530608960e-03,2.682695795279727390e-05,9.998452956368365507e-01
2.040816326530608960e-03,3.393221771895329857e-05,9.998407545068763724e-01
2.040816326530608960e-03,4.291934260128778017e-05,9.998368048458207147e-01
2.040816326530608960e-03,5.428675439323859403e-05,9.998460791334659037e-01
2.040816326530608960e-03,6.866488450042998925e-05,9.998245573646887818e-01
2.040816326530608960e-03,8.685113737513520580e-05,9.998353443197709467e-01
2.040816326530608960e-03,1.098541141987558346e-04,9.998175098550067252e-01
2.040816326530608960e-03,1.389495494373137348e-04,9.998113810037770888e-01
2.040816326530608960e-03,1.757510624854793067e-04,9.997729939299131452e-01
2.040816326530608960e-03,2.222996482526195465e-04,9.997584791931910519e-01
2.040816326530608960e-03,2.811768697974231118e-04,9.997372148525016655e-01
2.040816326530608960e-03,3.556480306223128661e-04,9.997090832775492597e-01
2.040816326530608960e-03,4.498432668969443876e-04,9.996692408306807609e-01
2.040816326530608960e-03,5.689866029018298636e-04,9.996198106692498753e-01
2.040816326530608960e-03,7.196856730011521675e-04,9.995226133861382367e-01
2.040816326530608960e-03,9.102981779915217267e-04,9.994632963409172399e-01
2.040816326530608960e-03,1.151395399326448146e-03,9.993444835218562305e-01
2.040816326530608960e-03,1.456348477501244378e-03,9.992017747699779573e-01
2.040816326530608960e-03,1.842069969326716331e-03,9.990287832514604949e-01
2.040816326530608960e-03,2.329951810515372077e-03,9.988348573946812525e-01
2.040816326530608960e-03,2.947051702551809708e-03,9.985739700940786667e-01
2.040816326530608960e-03,3.727593720314941773e-03,9.981927689211785859e-01
2.040816326530608960e-03,4.714866363457394238e-03,9.977386498844582619e-01
2.040816326530608960e-03,5.963623316594642357e-03,9.973199658916525046e-01
2.040816326530608960e-03,7.543120063354623143e-03,9.966099587991099629e-01
2.040816326530608960e-03,9.540954763499944619e-03,9.957369023780541228e-01
2.040816326530608960e-03,1.206792640639328847e-02,9.944370326340569166e-01
2.040816326530608960e-03,1.526417967175233356e-02,9.930065225691919739e-01
2.040816326530608960e-03,1.930697728883249559e-02,9.914325522447756667e-01
2.040816326530608960e-03,2.442053094548649744e-02,9.892936824750377944e-01
2.040816326530608960e-03,3.088843596477484910e-02,9.862241310923850479e-01
2.040816326530608960e-03,3.906939937054620948e-02,9.833340715255937114e-01
2.040816326530608960e-03,4.941713361323837872e-02,9.788733780334818446e-01
2.040816326530608960e-03,6.250551925273975518e-02,9.730417524739000124e-01
2.040816326530608960e-03,7.906043210907701124e-02,9.662791238704212526e-01
2.040816326530608960e-03,1.000000000000000056e-01,9.576826027397165042e-01
6.122448979591840756e-03,9.999999999999999547e-07,9.998440751036052898e-01
6.122448979591840756e-03,1.264855216855295881e-06,9.998733552082499365e-01
6.122448979591840756e-03,1.599858719606057360e-06,9.998552333149531846e-01
6.122448979591840756e-03,2.023589647725155726e-06,9.998326895767941647e-01
6.122448979591840756e-03,2.559547922699533382e-06,9.998562921795796088e-01
6.122448979591840756e-03,3.237457542817646685e-06,9.998574192179614517e-01
6.122448979591840756e-03,4.094915062380427237e-06,9.998612663673039913e-01
6.122448979591840756e-03,5.179474679231212330e-06,9.998537671519243109e-01
6.122448979591840756e-03,6.551285568595509496e-06,9.998402686325346123e-01
6.122448979591840756e-03,8.286427728546842542e-06,9.998609783676591922e-01
6.122448979591840756e-03,1.048113134154685250e-05,9.998619216876092342e-01
6.122448979591840756e-03,1.325711365590110898e-05,9.998381927653074985e-01
6.122448979591840756e-03,1.676832936811009972e-05,9.998626790989940671e-01
6.122448979591840756e-03,2.120950887920192640e-05,9.998604175896135260e-01
6.122448979591840756e-03,2.682695795279727390e-05,9.998533077020316240e-01
6.122448979591840756e-03,3.393221771895329857e-05,9.998486796294746570e-01
6.122448979591840756e-03,4.291934260128778017e-05,9.998333871253382021e-01
6.122448979591840756e-03,5.428675439323859403e-05,9.998209512893293516e-01
6.122448979591840756e-03,6.866488450042998925e-05,9.998244088847498823e-01
6.122448979591840756e-03,8.685113737513520580e-05,9.998232207506329017e-01
6.122448979591840756e-03,1.098541141987558346e-04,9.998061636098656280e-01
6.122448979591840756e-03,1.389495494373137348e-04,9.998095572178798962e-01
6.122448979591840756e-03,1.757510624854793067e-04,9.997789155485140578e-01
6.122448979591840756e-03,2.222996482526195465e-04,9.997663481415968167e-01
6.122448979591840756e-03,2.811768697974231118e-04,9.997379010054503468e-01
6.122448979591840756e-03,3.556480306223128661e-04,9.996994920502707549e-01
6.122448979591840756e-03,4.498432668969443876e-04,9.996578350715096262e-01
6.122448979591840756e-03,5.689866029018298636e-04,9.996235613084181182e-01
6.122448979591840756e-03,7.196856730011521675e-04,9.995387966545744574e-01
6.122448979591840756e-03,9.102981779915217267e-04,9.994437319982100165e-01
6.122448979591840756e-03,1.151395399326448146e-03,9.993267777255728790e-01
6.122448979591840756e-03,1.456348477501244378e-03,9.992179359098837255e-01
6.122448979591840756e-03,1.842069969326716331e-03,9.991021332844405300e-01
6.122448979591840756e-03,2.329951810515372077e-03,9.988108685759246042e-01
6.122448979591840756e-03,2.947051702551809708e-03,9.985563477120547038e-01
6.122448979591840756e-03,3.727593720314941773e-03,9.981511022496601937e-01
6.122448979591840756e-03,4.714866363457394238e-03,9.977132672913975320e-01
6.122448979591840756e-03,5.963623316594642357e-03,9.972476440561305333e-01
6.122448979591840756e-03,7.543120063354623143e-03,9.965746377572461956e-01
6.122448979591840756e-03,9.540954763499944619e-03,9.956631470207125689e-01
6.122448979591840756e-03,1.206792640639328847e-02,9.946723763031489751e-01
6.122448979591840756e-03,1.526417967175233356e-02,9.932030478990384603e-01
6.122448979591840756e-03,1.930697728883249559e-02,9.910726785409396111e-01
6.122448979591840756e-03,2.442053094548649744e-02,9.889458450196637607e-01
6.122448979591840756e-03,3.088843596477484910e-02,9.867858453783617811e-01
6.122448979591840756e-03,3.906939937054620948e-02,9.831756544328236203e-01
6.122448979591840756e-03,4.941713361323837872e-02,9.789080485313688129e-01
6.122448979591840756e-03,6.250551925273975518e-02,9.734826054779981419e-01
6.122448979591840756e-03,7.906043210907701124e-02,9.666367913839747361e-01
6.122448979591840756e-03,1.000000000000000056e-01,9.577514622026782609e-01
1.020408163265307255e-02,9.999999999999999547e-07,9.998663349070556761e-01
1.020408163265307255e-02,1.264855216855295881e-06,9.998516593860490298e-01
1.020408163265307255e-02,1.599858719606057360e-06,9.998478389191756133e-01
1.020408163265307255e-02,2.023589647725155726e-06,9.998522991058638176e-01
1.020408163265307255e-02,2.559547922699533382e-06,9.998446472021557119e-01
1.020408163265307255e-02,3.237457542817646685e-06,9.998379445614407057e-01
1.020408163265307255e-02,4.094915062380427237e-06,9.998466878675581482e-01
1.020408163265307255e-02,5.179474679231212330e-06,9.998482495106495449e-01
1.020408163265307255e-02,6.551285568595509496e-06,9.998510652362752049e-01
1.020408163265307255e-02,8.286427728546842542e-06,9.998442473355062532e-01
1.020408163265307255e-02,1.048113134154685250e-05,9.998394596875371798e-01
1.020408163265307255e-02,1.325711365590110898e-05,9.998446541533206888e-01
1.020408163265307255e-02,1.676832936811009972e-05,9.998489166128549099e-01
1.020408163265307255e-02,2.120950887920192640e-05,9.998415432735028308e-01
1.020408163265307255e-02,2.682695795279727390e-05,9.998309845551979214e-01
1.020408163265307255e-02,3.393221771895329857e-05,9.998496191549057777e-01
1.020408163265307255e-02,4.291934260128778017e-05,9.998179783027638656e-01
1.020408163265307255e-02,5.428675439323859403e-05,9.998355119361913568e-01
1.020408163265307255e-02,6.866488450042998925e-05,9.998198453934460384e-01
1.020408163265307255e-02,8.685113737513520580e-05,9.998141156224559234e-01
1.020408163265307255e-02,1.098541141987558346e-04,9.998032926774841345e-01
1.020408163265307255e-02,1.389495494373137348e-04,9.997924748999527100e-01
1.020408163265307255e-02,1.757510624854793067e-04,9.997625289525673420e-01
1.020408163265307255e-02,2.222996482526195465e-04,9.997459199405498431e-01
1.020408163265307255e-02,2.811768697974231118e-04,9.997198514133834868e-01
1.020408163265307255e-02,3.556480306223128661e-04,9.996902297044785168e-01
1.020408163265307255e-02,4.498432668969443876e-04,9.996453362642782059e-01
1.020408163265307255e-02,5.689866029018298636e-04,9.996010458066031390e-01
1.020408163265307255e-02,7.196856730011521675e-04,9.995335819126652810e-01
1.020408163265307255e-02,9.102981779915217267e-04,9.994515231996597970e-01
1.020408163265307255e-02,1.151395399326448146e-03,9.993326336836791945e-01
1.020408163265307255e-02,1.456348477501244378e-03,9.992002228857777002e-01
1.020408163265307255e-02,1.842069969326716331e-03,9.989955550679141538e-01
1.020408163265307255e-02,2.329951810515372077e-03,9.988110961776005547e-01
1.020408163265307255e-02,2.947051702551809708e-03,9.985155417510239717e-01
1.020408163265307255e-02,3.727593720314941773e-03,9.981756736693259136e-01
1.020408163265307255e-02,4.714866363457394238e-03,9.978137946003332592e-01
1.020408163265307255e-02,5.963623316594642357e-03,9.972471028569208640e-01
1.020408163265307255e-02,7.543120063354623143e-03,9.964521106932522354e-01
1.020408163265307255e-02,9.540954763499944619e-03,9.956682060145115587e-01
1.020408163265307255e-02,1.206792640639328847e-02,9.946618387914721859e-01
1.020408163265307255e-02,1.526417967175233356e-02,9.932305860213961335e-01
1.020408163265307255e-02,1.930697728883249559e-02,9.913132908624433526e-01
1.020408163265307255e-02,2.442053094548649744e-02,9.890784624996042940e-01
1.020408163265307255e-02,3.088843596477484910e-02,9.866303001321887756e-01
1.020408163265307255e-02,3.906939937054620948e-02,9.835175894777224981e-01
1.020408163265307255e-02,4.941713361323837872e-02,9.786673413192759075e-01
1.020408163265307255e-02,6.250551925273975518e-02,9.733502922059532603e-01
1.020408163265307255e-02,7.906043210907701124e-02,9.674624989028091093e-01
1.020408163265307255e-02,1.000000000000000056e-01,9.566213735820754405e-01
1.428571428571429047e-02,9.999999999999999547e-07,9.998394269272510293e-01
1.428571428571429047e-02,1.264855216855295881e-06,9.998493691570632391e-01
1.428571428571429047e-02,1.599858719606057360e-06,9.998446465573743724e-01
1.428571428571429047e-02,2.023589647725155726e-06,9.998463613607937450e-01
1.428571428571429047e-02,2.559547922699533382e-06,9.998292681003136950e-01
1.428571428571429047e-02,3.237457542817646685e-06,9.998542396344892724e-01
1.428571428571429047e-02,4.094915062380427237e-06,9.998381562585721971e-01
1.428571428571429047e-02,5.179474679231212330e-06,9.998361078009210257e-01
1.428571428571429047e-02,6.551285568595509496e-06,9.998545232914581860e-01
1.428571428571429047e-02,8.286427728546842542e-06,9.998389424273382842e-01
1.428571428571429047e-02,1.048113134154685250e-05,9.998358021839434118e-01
1.428571428571429047e-02,1.325711365590110898e-05,9.998397293032388333e-01
1.428571428571429047e-02,1.676832936811009972e-05,9.998296252459115685e-01
1.428571428571429047e-02,2.120950887920192640e-05,9.998338960566330869e-01
1.428571428571429047e-02,2.682695795279727390e-05,9.998260317645423223e-01
1.428571428571429047e-02,3.393221771895329857e-05,9.998332715933601067e-01
1.428571428571429047e-02,4.291934260128778017e-05,9.998216417980771986e-01
1.428571428571429047e-02,5.428675439323859403e-05,9.998233493909920444e-01
1.428571428571429047e-02,6.866488450042998925e-05,9.998120668212905349e-01
1.428571428571429047e-02,8.685113737513520580e-05,9.997917466610352077e-01
1.428571428571429047e-02,1.098541141987558346e-04,9.997972790219741279e-01
1.428571428571429047e-02,1.389495494373137348e-04,9.997907778043848559e-01
1.428571428571429047e-02,1.757510624854793067e-04,9.997737071044777712e-01
1.428571428571429047e-02,2.222996482526195465e-04,9.997573541392046348e-01
1.428571428571429047e-02,2.811768697974231118e-04,9.997201954934327173e-01
1.428571428571429047e-02,3.556480306223128661e-04,9.996858415940019782e-01
1.428571428571429047e-02,4.498432668969443876e-04,9.996467551414979225e-01
1.428571428571429047e-02,5.689866029018298636e-04,9.995923407911024849e-01
1.428571428571429047e-02,7.196856730011521675e-04,9.995258497079098081e-01
1.428571428571429047e-02,9.102981779915217267e-04,9.994635230654167479e-01
1.428571428571429047e-02,1.151395399326448146e-03,9.993514731123253059e-01
1.428571428571429047e-02,1.456348477501244378e-03,9.992524934747373244e-01
1.428571428571429047e-02,1.842069969326716331e-03,9.990116188764204264e-01
1.428571428571429047e-02,2.329951810515372077e-03,9.987973385854086450e-01
1.428571428571429047e-02,2.947051702551809708e-03,9.985603213935503319e-01
1.428571428571429047e-02,3.727593720314941773e-03,9.981552462735061582e-01
1.428571428571429047e-02,4.714866363457394238e-03,9.978017815192872231e-01
1.428571428571429047e-02,5.963623316594642357e-03,9.971526116374238580e-01
1.428571428571429047e-02,7.543120063354623143e-03,9.965505578465401193e-01
1.428571428571429047e-02,9.540954763499944619e-03,9.957670391901163320e-01
1.428571428571429047e-02,1.206792640639328847e-02,9.945069168187883335e-01
1.428571428571429047e-02,1.526417967175233356e-02,9.932949285684742335e-01
1.428571428571429047e-02,1.930697728883249559e-02,9.914534634489607923e-01
1.428571428571429047e-02,2.442053094548649744e-02,9.892974347122145407e-01
1.428571428571429047e-02,3.088843596477484910e-02,9.861207674826040215e-01
1.428571428571429047e-02,3.906939937054620948e-02,9.818978754150532451e-01
1.428571428571429047e-02,4.941713361323837872e-02,9.783578073036713896e-01
1.428571428571429047e-02,6.250551925273975518e-02,9.734218331425187332e-01
1.428571428571429047e-02,7.906043210907701124e-02,9.658896604302023015e-01
1.428571428571429047e-02,1.000000000000000056e-01,9.572096493302462150e-01
1.836734693877550839e-02,9.999999999999999547e-07,9.998299809402765304e-01
1.836734693877550839e-02,1.264855216855295881e-06,9.998339627612956582e-01
1.836734693877550839e-02,1.599858719606057360e-06,9.998340384748855003e-01
1.836734693877550839e-02,2.023589647725155726e-06,9.998397269067609283e-01
1.836734693877550839e-02,2.559547922699533382e-06,9.998459873379517138e-01
1.836734693877550839e-02,3.237457542817646685e-06,9.998316426194988615e-01
1.836734693877550839e-02,4.094915062380427237e-06,9.998397596879743388e-01
1.836734693877550839e-02,5.179474679231212330e-06,9.998356696963338619e-01
1.836734693877550839e-02,6.551285568595509496e-06,9.998323679981444556e-01
1.836734693877550839e-02,8.286427728546842542e-06,9.998357091008940323e-01
1.836734693877550839e-02,1.048113134154685250e-05,9.998344278855302303e-01
1.836734693877550839e-02,1.325711365590110898e-05,9.998275168249185496e-01
1.836734693877550839e-02,1.676832936811009972e-05,9.998317213577181395e-01
1.836734693877550839e-02,2.120950887920192640e-05,9.998359797248855818e-01
1.836734693877550839e-02,2.682695795279727390e-05,9.998313093433418564e-01
1.836734693877550839e-02,3.393221771895329857e-05,9.998085800491014474e-01
1.836734693877550839e-02,4.291934260128778017e-05,9.998275843078278102e-01
1.836734693877550839e-02,5.428675439323859403e-05,9.998173727312280601e-01
1.836734693877550839e-02,6.866488450042998925e-05,9.998119746865578028e-01
1.836734693877550839e-02,8.685113737513520580e-05,9.997902339694649809e-01
1.836734693877550839e-02,1.098541141987558346e-04,9.997815547168227290e-01
1.836734693877550839e-02,1.389495494373137348e-04,9.997788182760949383e-01
1.836734693877550839e-02,1.757510624854793067e-04,9.997528003314779532e-01
1.836734693877550839e-02,2.222996482526195465e-04,9.997407709394959818e-01
1.836734693877550839e-02,2.811768697974231118e-04,9.997076160882494289e-01
1.836734693877550839e-02,3.556480306223128661e-04,9.996732739363431985e-01
1.836734693877550839e-02,4.498432668969443876e-04,9.996374721168576061e-01
1.836734693877550839e-02,5.689866029018298636e-04,9.995788067260776844e-01
1.836734693877550839e-02,7.196856730011521675e-04,9.995133238459011915e-01
1.836734693877550839e-02,9.102981779915217267e-04,9.994429533203958993e-01
1.836734693877550839e-02,1.151395399326448146e-03,9.992878543171778150e-01
1.836734693877550839e-02,1.456348477501244378e-03,9.991924883545273417e-01
1.836734693877550839e-02,1.842069969326716331e-03,9.990312911003174090e-01
1.836734693877550839e-02,2.329951810515372077e-03,9.988445774232626029e-01
1.836734693877550839e-02,2.947051702551809708e-03,9.985462990420314044e-01
1.836734693877550839e-02,3.727593720314941773e-03,9.981940249766273476e-01
1.836734693877550839e-02,4.714866363457394238e-03,9.976654160785379810e-01
1.836734693877550839e-02,5.963623316594642357e-03,9.973463671999311941e-01
1.836734693877550839e-02,7.543120063354623143e-03,9.965158042794420856e-01
1.836734693877550839e-02,9.540954763499944619e-03,9.955603152277683332e-01
1.836734693877550839e-02,1.206792640639328847e-02,9.948042148068090285e-01
1.836734693877550839e-02,1.526417967175233356e-02,9.931688092669109791e-01
1.836734693877550839e-02,1.930697728883249559e-02,9.912987278077820541e-01
1.836734693877550839e-02,2.442053094548649744e-02,9.890805592784599476e-01
1.836734693877550839e-02,3.088843596477484910e-02,9.862286398900917961e-01
1.836734693877550839e-02,3.906939937054620948e-02,9.825115669488950765e-01
1.836734693877550839e-02,4.941713361323837872e-02,9.788853517270029725e-01
1.836734693877550839e-02,6.250551925273975518e-02,9.725190438983437602e-01
1.836734693877550839e-02,7.906043210907701124e-02,9.661043685208562382e-01
1.836734693877550839e-02,1.000000000000000056e-01,9.582824850548068429e-01
2.244897959183674019e-02,9.999999999999999547e-07,9.998147442069504898e-01
2.244897959183674019e-02,1.264855216855295881e-06,9.998156090226275605e-01
2.244897959183674019e-02,1.599858719606057360e-06,9.998332311889605029e-01
2.244897959183674019e-02,2.023589647725155726e-06,9.998202467221176670e-01
2.244897959183674019e-02,2.559547922699533382e-06,9.998246109252251212e-01
2.244897959183674019e-02,3.237457542817646685e-06,9.998154716181499868e-01
2.244897959183674019e-02,4.094915062380427237e-06,9.998252892451999774e-01
2.244897959183674019e-02,5.179474679231212330e-06,9.998284812843277747e-01
2.244897959183674019e-02,6.551285568595509496e-06,9.998255886214627575e-01
2.244897959183674019e-02,8.286427728546842542e-06,9.998234605366497219e-01
2.244897959183674019e-02,1.048113134154685250e-05,9.998205343076169704e-01
2.244897959183674019e-02,1.325711365590110898e-05,9.998229847292069428e-01
2.244897959183674019e-02,1.676832936811009972e-05,9.998158485803040341e-01
2.244897959183674019e-02,2.120950887920192640e-05,9.998177441529179088e-01
2.244897959183674019e-02,2.682695795279727390e-05,9.998164782715537324e-01
2.244897959183674019e-02,3.393221771895329857e-05,9.998022434028953631e-01
2.244897959183674019e-02,4.291934260128778017e-05,9.998030551662472343e-01
2.244897959183674019e-02,5.428675439323859403e-05,9.998039965785697758e-01
2.244897959183674019e-02,6.866488450042998925e-05,9.998013781207794048e-01
2.244897959183674019e-02,8.685113737513520580e-05,9.997974206042603562e-01
2.244897959183674019e-02,1.098541141987558346e-04,9.997857305972945863e-01
2.244897959183674019e-02,1.389495494373137348e-04,9.997592207020509214e-01
2.244897959183674019e-02,1.757510624854793067e-04,9.997444208811196997e-01
2.244897959183674019e-02,2.222996482526195465e-04,9.997289107872844305e-01
2.244897959183674019e-02,2.811768697974231118e-04,9.997002076395951065e-01
2.244897959183674019e-02,3.556480306223128661e-04,9.996582431744351904e-01
2.244897959183674019e-02,4.498432668969443876e-04,9.996205234846842203e-01
2.244897959183674019e-02,5.689866029018298636e-04,9.995777078001446547e-01
2.244897959183674019e-02,7.196856730011521675e-04,9.994976437709759409e-01
2.244897959183674019e-02,9.102981779915217267e-04,9.994194398487539210e-01
2.244897959183674019e-02,1.151395399326448146e-03,9.993184542153378258e-01
2.244897959183674019e-02,1.456348477501244378e-03,9.991799490968960029e-01
2.244897959183674019e-02,1.842069969326716331e-03,9.989967482283340638e-01
2.244897959183674019e-02,2.329951810515372077e-03,9.988048025216008652e-01
2.244897959183674019e-02,2.947051702551809708e-03,9.985880149890982160e-01
2.244897959183674019e-02,3.727593720314941773e-03,9.982206357485471360e-01
2.244897959183674019e-02,4.714866363457394238e-03,9.978524492663318757e-01
2.244897959183674019e-02,5.963623316594642357e-03,9.972402064213603534e-01
2.244897959183674019e-02,7.543120063354623143e-03,9.966410882779982439e-01
2.244897959183674019e-02,9.540954763499944619e-03,9.957241790161275308e-01
2.244897959183674019e-02,1.206792640639328847e-02,9.946768051840807479e-01
2.244897959183674019e-02,1.526417967175233356e-02,9.928302280046890083e-01
2.244897959183674019e-02,1.930697728883249559e-02,9.912782727695141904e-01
2.244897959183674019e-02,2.442053094548649744e-02,9.888371762746835936e-01
2.244897959183674019e-02,3.088843596477484910e-02,9.861843078281280484e-01
2.244897959183674019e-02,3.906939937054620948e-02,9.835922572465838343e-01
2.244897959183674019e-02,4.941713361323837872e-02,9.782240307132528123e-01
2.244897959183674019e-02,6.250551925273975518e-02,9.740492482533866792e-01
2.244897959183674019e-02,7.906043210907701124e-02,9.660946029043813166e-01
2.244897959183674019e-02,1.000000000000000056e-01,9.559621866318590566e-01
2.653061224489797199e-02,9.999999999999999547e-07,9.998218961090384882e-01
2.653061224489797199e-02,1.264855216855295881e-06,9.998180098675210070e-01
2.653061224489797199e-02,1.599858719606057360e-06,9.998333637960183928e-01
2.653061224489797199e-02,2.023589647725155726e-06,9.997971531098579501e-01
2.653061224489797199e-02,2.559547922699533382e-06,9.998028892284679392e-01
2.653061224489797199e-02,3.237457542817646685e-06,9.998181786384283676e-01
2.653061224489797199e-02,4.094915062380427237e-06,9.998098639552918110e-01
2.653061224489797199e-02,5.179474679231212330e-06,9.998270542831803054e-01
2.653061224489797199e-02,6.551285568595509496e-06,9.998017269119178208e-01
2.653061224489797199e-02,8.286427728546842542e-06,9.998154628675406386e-01
2.653061224489797199e-02,1.048113134154685250e-05,9.998172959806798099e-01
2.653061224489797199e-02,1.325711365590110898e-05,9.998039649062491208e-01
2.653061224489797199e-02,1.676832936811009972e-05,9.998143967629532503e-01
2.653061224489797199e-02,2.120950887920192640e-05,9.998061379884469746e-01
2.653061224489797199e-02,2.682695795279727390e-05,9.998127772567086957e-01
2.653061224489797199e-02,3.393221771895329857e-05,9.997947793340842271e-01
2.653061224489797199e-02,4.291934260128778017e-05,9.997907574872619829e-01
2.653061224489797199e-02,5.428675439323859403e-05,9.998015353510062431e-01
2.653061224489797199e-02,6.866488450042998925e-05,9.997891717868074846e-01
2.653061224489797199e-02,8.685113737513520580e-05,9.997809256581401405e-01
2.653061224489797199e-02,1.098541141987558346e-04,9.997578706740809507e-01
2.653061224489797199e-02,1.389495494373137348e-04,9.997649418589230619e-01
2.653061224489797199e-02,1.757510624854793067e-04,9.997420987900899059e-01
2.653061224489797199e-02,2.222996482526195465e-04,9.996980269633388705e-01
2.653061224489797199e-02,2.811768697974231118e-04,9.996961967042493624e-01
2.653061224489797199e-02,3.556480306223128661e-04,9.996591026214569631e-01
2.653061224489797199e-02,4.498432668969443876e-04,9.996124808363454628e-01
2.653061224489797199e-02,5.689866029018298636e-04,9.995722649546017191e-01
2.653061224489797199e-02,7.196856730011521675e-04,9.995071696611596002e-01
2.653061224489797199e-02,9.102981779915217267e-04,9.993985094910295963e-01
2.653061224489797199e-02,1.151395399326448146e-03,9.992838743369989452e-01
2.653061224489797199e-02,1.456348477501244378e-03,9.991678312727805267e-01
2.653061224489797199e-02,1.842069969326716331e-03,9.989984514582895825e-01
2.653061224489797199e-02,2.329951810515372077e-03,9.987960726184964555e-01
2.653061224489797199e-02,2.947051702551809708e-03,9.984784853671199167e-01
2.653061224489797199e-02,3.727593720314941773e-03,9.982192042522823883e-01
2.653061224489797199e-02,4.714866363457394238e-03,9.977740747549417311e-01
2.653061224489797199e-02,5.963623316594642357e-03,9.972169362120069103e-01
2.653061224489797199e-02,7.543120063354623143e-03,9.964456947465926140e-01
2.653061224489797199e-02,9.540954763499944619e-03,9.955848814784455936e-01
2.653061224489797199e-02,1.206792640639328847e-02,9.945508884000939798e-01
2.653061224489797199e-02,1.526417967175233356e-02,9.931525062688920658e-01
2.653061224489797199e-02,1.930697728883249559e-02,9.910433043717276069e-01
2.653061224489797199e-02,2.442053094548649744e-02,9.891991713834654698e-01
2.653061224489797199e-02,3.088843596477484910e-02,9.861597989108179529e-01
2.653061224489797199e-02,3.906939937054620948e-02,9.831316722102677597e-01
2.653061224489797199e-02,4.941713361323837872e-02,9.780809966255996635e-01
2.653061224489797199e-02,6.250551925273975518e-02,9.734599995420708529e-01
2.653061224489797199e-02,7.906043210907701124e-02,9.665190529168797839e-01
2.653061224489797199e-02,1.000000000000000056e-01,9.568139199263019368e-01
3.061224489795918990e-02,9.999999999999999547e-07,9.998045286216801220e-01
3.061224489795918990e-02,1.264855216855295881e-06,9.998124345074481667e-01
3.061224489795918990e-02,1.599858719606057360e-06,9.998100479643953209e-01
3.061224489795918990e-02,2.023589647725155726e-06,9.997994651635144780e-01
3.061224489795918990e-02,2.559547922699533382e-06,9.998063596751712856e-01
3.061224489795918990e-02,3.237457542817646685e-06,9.997990275120652859e-01
3.061224489795918990e-02,4.094915062380427237e-06,9.998001106234020163e-01
3.061224489795918990e-02,5.179474679231212330e-06,9.998142318157515751e-01
3.061224489795918990e-02,6.551285568595509496e-06,9.998163135110972322e-01
3.061224489795918990e-02,8.286427728546842542e-06,9.997959183906559577e-01
3.061224489795918990e-02,1.048113134154685250e-05,9.997961924948854939e-01
3.061224489795918990e-02,1.325711365590110898e-05,9.997821042423836735e-01
3.061224489795918990e-02,1.676832936811009972e-05,9.998062401071343697e-01
3.061224489795918990e-02,2.120950887920192640e-05,9.998163323517609280e-01
3.061224489795918990e-02,2.682695795279727390e-05,9.997965839975839764e-01
3.061224489795918990e-02,3.393221771895329857e-05,9.997783487005286185e-01
3.061224489795918990e-02,4.291934260128778017e-05,9.997764493868384061e-01
3.061224489795918990e-02,5.428675439323859403e-05,9.997859638201052057e-01
3.061224489795918990e-02,6.866488450042998925e-05,9.997882933255405336e-01
3.061224489795918990e-02,8.685113737513520580e-05,9.997646507114934522e-01
3.061224489795918990e-02,1.098541141987558346e-04,9.997469043526028276e-01
3.061224489795918990e-02,1.389495494373137348e-04,9.997434150482316095e-01
3.061224489795918990e-02,1.757510624854793067e-04,9.997255598729212211e-01
3.061224489795918990e-02,2.222996482526195465e-04,9.997003146815905961e-01
3.061224489795918990e-02,2.811768697974231118e-04,9.996672953530755246e-01
3.061224489795918990e-02,3.556480306223128661e-04,9.996554491115859920e-01
3.061224489795918990e-02,4.498432668969443876e-04,9.995980985879588943e-01
3.061224489795918990e-02,5.689866029018298636e-04,9.995335333373980280e-01
3.061224489795918990e-02,7.196856730011521675e-04,9.994874571377602157e-01
3.061224489795918990e-02,9.102981779915217267e-04,9.993997509821168634e-01
3.061224489795918990e-02,1.151395399326448146e-03,9.992965211370526957e-01
3.061224489795918990e-02,1.456348477501244378e-03,9.991784374953176506e-01
3.061224489795918990e-02,1.842069969326716331e-03,9.989878522709090269e-01
3.061224489795918990e-02,2.329951810515372077e-03,9.987553562819756481e-01
3.061224489795918990e-02,2.947051702551809708e-03,9.984986088441084595e-01
3.061224489795918990e-02,3.727593720314941773e-03,9.981789661277482573e-01
3.061224489795918990e-02,4.714866363457394238e-03,9.978017278769714116e-01
3.061224489795918990e-02,5.963623316594642357e-03,9.972353911528134551e-01
3.061224489795918990e-02,7.543120063354623143e-03,9.964879742005738894e-01
3.061224489795918990e-02,9.540954763499944619e-03,9.956647633282390553e-01
3.061224489795918990e-02,1.206792640639328847e-02,9.947837551381539800e-01
3.061224489795918990e-02,1.526417967175233356e-02,9.929902468364449897e-01
3.061224489795918990e-02,1.930697728883249559e-02,9.908015697713412617e-01
3.061224489795918990e-02,2.442053094548649744e-02,9.891859974280344803e-01
3.061224489795918990e-02,3.088843596477484910e-02,9.865842140364639024e-01
3.061224489795918990e-02,3.906939937054620948e-02,9.824981721807759527e-01
3.061224489795918990e-02,4.941713361323837872e-02,9.785838484474415067e-01
3.061224489795918990e-02,6.250551925273975518e-02,9.722238001374866601e-01
3.061224489795918990e-02,7.906043210907701124e-02,9.667422512335376306e-01
3.061224489795918990e-02,1.000000000000000056e-01,9.578640762036658707e-01
3.469387755102040782e-02,9.999999999999999547e-07,9.997870054939953510e-01
3.469387755102040782e-02,1.264855216855295881e-06,9.997972409991662257e-01
3.469387755102040782e-02,1.599858719606057360e-06,9.997945997324063638e-01
3.469387755102040782e-02,2.023589647725155726e-06,9.997957505738354067e-01
3.469387755102040782e-02,2.559547922699533382e-06,9.997820085155295633e-01
3.469387755102040782e-02,3.237457542817646685e-06,9.998011775333189854e-01
3.469387755102040782e-02,4.094915062380427237e-06,9.997858341985410568e-01
3.469387755102040782e-02,5.179474679231212330e-06,9.998151623836228907e-01
3.469387755102040782e-02,6.551285568595509496e-06,9.997926527975515842e-01
3.469387755102040782e-02,8.286427728546842542e-06,9.997968383872453124e-01
3.469387755102040782e-02,1.048113134154685250e-05,9.997853589496362714e-01
3.469387755102040782e-02,1.325711365590110898e-05,9.998038316432880102e-01
3.469387755102040782e-02,1.676832936811009972e-05,9.997869339076153050e-01
3.469387755102040782e-02,2.120950887920192640e-05,9.997719874352791747e-01
3.469387755102040782e-02,2.682695795279727390e-05,9.997657795818351012e-01
3.469387755102040782e-02,3.393221771895329857e-05,9.997724731183825764e-01
3.469387755102040782e-02,4.291934260128778017e-05,9.997831759862342293e-01
3.469387755102040782e-02,5.428675439323859403e-05,9.997680098536138038e-01
3.469387755102040782e-02,6.866488450042998925e-05,9.997468153494938337e-01
3.469387755102040782e-02,8.685113737513520580e-05,9.997433243571228756e-01
3.469387755102040782e-02,1.098541141987558346e-04,9.997408293736982365e-01
3.469387755102040782e-02,1.389495494373137348e-04,9.997169920684929600e-01
3.469387755102040782e-02,1.757510624854793067e-04,9.996983890286756935e-01
3.469387755102040782e-02,2.222996482526195465e-04,9.996832920530239752e-01
3.469387755102040782e-02,2.811768697974231118e-04,9.996777714946192273e-01
3.469387755102040782e-02,3.556480306223128661e-04,9.996348744037625300e-01
3.469387755102040782e-02,4.498432668969443876e-04,9.995683452611900943e-01
3.469387755102040782e-02,5.689866029018298636e-04,9.995402198771407010e-01
3.469387755102040782e-02,7.196856730011521675e-04,9.994690212548874575e-01
3.469387755102040782e-02,9.102981779915217267e-04,9.993729022772486204e-01
3.469387755102040782e-02,1.151395399326448146e-03,9.992379936334367940e-01
3.469387755102040782e-02,1.456348477501244378e-03,9.991618271718110122e-01
3.469387755102040782e-02,1.842069969326716331e-03,9.989627569097838666e-01
3.469387755102040782e-02,2.329951810515372077e-03,9.987468074996701528e-01
3.469387755102040782e-02,2.947051702551809708e-03,9.984270103941242924e-01
3.469387755102040782e-02,3.727593720314941773e-03,9.981657294854325846e-01
3.469387755102040782e-02,4.714866363457394238e-03,9.977569556446317378e-01
3.469387755102040782e-02,5.963623316594642357e-03,9.971999775801951849e-01
3.469387755102040782e-02,7.543120063354623143e-03,9.965963943477504916e-01
3.469387755102040782e-02,9.540954763499944619e-03,9.955436469418177392e-01
3.469387755102040782e-02,1.206792640639328847e-02,9.944298931950070752e-01
3.469387755102040782e-02,1.526417967175233356e-02,9.930221137210516469e-01
3.469387755102040782e-02,1.930697728883249559e-02,9.913192147309772828e-01
3.469387755102040782e-02,2.442053094548649744e-02,9.888714487338334802e-01
3.469387755102040782e-02,3.088843596477484910e-02,9.865732580827123455e-01
3.469387755102040782e-02,3.906939937054620948e-02,9.824036537312440531e-01
3.469387755102040782e-02,4.941713361323837872e-02,9.782888723268428066e-01
3.469387755102040782e-02,6.250551925273975518e-02,9.734972242554100763e-01
3.469387755102040782e-02,7.906043210907701124e-02,9.668786844308556727e-01
3.469387755102040782e-02,1.000000000000000056e-01,9.574880334571824747e-01
3.877551020408162574e-02,9.999999999999999547e-07,9.997762879224975086e-01
3.877551020408162574e-02,1.264855216855295881e-06,9.997652657433266921e-01
3.877551020408162574e-02,1.599858719606057360e-06,9.998020291586970920e-01
3.877551020408162574e-02,2.023589647725155726e-06,9.997534057245096584e-01
3.877551020408162574e-02,2.559547922699533382e-06,9.997719368274681218e-01
3.877551020408162574e-02,3.237457542817646685e-06,9.997762085657605491e-01
3.877551020408162574e-02,4.094915062380427237e-06,9.997695784838058763e-01
3.877551020408162574e-02,5.179474679231212330e-06,9.997767178208534222e-01
3.877551020408162574e-02,6.551285568595509496e-06,9.997615015538090510e-01
3.877551020408162574e-02,8.286427728546842542e-06,9.997783237787679633e-01
3.877551020408162574e-02,1.048113134154685250e-05,9.997757132974078864e-01
3.877551020408162574e-02,1.325711365590110898e-05,9.997510741938663292e-01
3.877551020408162574e-02,1.676832936811009972e-05,9.997747691289556871e-01
3.877551020408162574e-02,2.120950887920192640e-05,9.997777311183392301e-01
3.877551020408162574e-02,2.682695795279727390e-05,9.997318785854265588e-01
3.877551020408162574e-02,3.393221771895329857e-05,9.997486190210598256e-01
3.877551020408162574e-02,4.291934260128778017e-05,9.997776693537762105e-01
3.877551020408162574e-02,5.428675439323859403e-05,9.997597466071639349e-01
3.877551020408162574e-02,6.866488450042998925e-05,9.997313538236037855e-01
3.877551020408162574e-02,8.685113737513520580e-05,9.997648517125918843e-01
3.877551020408162574e-02,1.098541141987558346e-04,9.997127462216939264e-01
3.877551020408162574e-02,1.389495494373137348e-04,9.997115493223189819e-01
3.877551020408162574e-02,1.757510624854793067e-04,9.996983607373707281e-01
3.877551020408162574e-02,2.222996482526195465e-04,9.996670919918347886e-01
3.877551020408162574e-02,2.811768697974231118e-04,9.996755137449914175e-01
3.877551020408162574e-02,3.556480306223128661e-04,9.996191474883547867e-01
3.877551020408162574e-02,4.498432668969443876e-04,9.995994974326763982e-01
3.877551020408162574e-02,5.689866029018298636e-04,9.995192884593034899e-01
3.877551020408162574e-02,7.196856730011521675e-04,9.994775267981897970e-01
3.877551020408162574e-02,9.102981779915217267e-04,9.993748195025893288e-01
3.877551020408162574e-02,1.151395399326448146e-03,9.992676190728905228e-01
3.877551020408162574e-02,1.456348477501244378e-03,9.991241540308364311e-01
3.877551020408162574e-02,1.842069969326716331e-03,9.989255211242128452e-01
3.877551020408162574e-02,2.329951810515372077e-03,9.987914175835913566e-01
3.877551020408162574e-02,2.947051702551809708e-03,9.984736395799863606e-01
3.877551020408162574e-02,3.727593720314941773e-03,9.981282741893996446e-01
3.877551020408162574e-02,4.714866363457394238e-03,9.977328234836519982e-01
3.877551020408162574e-02,5.963623316594642357e-03,9.970296738242508949e-01
3.877551020408162574e-02,7.543120063354623143e-03,9.963191540515277111e-01
3.877551020408162574e-02,9.540954763499944619e-03,9.956210461666376021e-01
3.877551020408162574e-02,1.206792640639328847e-02,9.944462993131186757e-01
3.877551020408162574e-02,1.526417967175233356e-02,9.931375647128934947e-01
3.877551020408162574e-02,1.930697728883249559e-02,9.910304603456306927e-01
3.877551020408162574e-02,2.442053094548649744e-02,9.889279590072304060e-01
3.877551020408162574e-02,3.088843596477484910e-02,9.869967827929485571e-01
3.877551020408162574e-02,3.906939937054620948e-02,9.825302656910044341e-01
3.877551020408162574e-02,4.941713361323837872e-02,9.789367291671321469e-01
3.877551020408162574e-02,6.250551925273975518e-02,9.724020972558691245e-01
3.877551020408162574e-02,7.906043210907701124e-02,9.656573046822682915e-01
3.877551020408162574e-02,1.000000000000000056e-01,9.585830679754150374e-01
4.285714285714287142e-02,9.999999999999999547e-07,9.997665318487087838e-01
4.285714285714287142e-02,1.264855216855295881e-06,9.997782742884669949e-01
4.285714285714287142e-02,1.599858719606057360e-06,9.997299417046509040e-01
4.285714285714287142e-02,2.023589647725155726e-06,9.997538040670614912e-01
4.285714285714287142e-02,2.559547922699533382e-06,9.997553029570912519e-01
4.285714285714287142e-02,3.237457542817646685e-06,9.997639448018708075e-01
4.285714285714287142e-02,4.094915062380427237e-06,9.997501619442233922e-01
4.285714285714287142e-02,5.179474679231212330e-06,9.997476438353669614e-01
4.285714285714287142e-02,6.551285568595509496e-06,9.997772127536113107e-01
4.285714285714287142e-02,8.286427728546842542e-06,9.997459050380428369e-01
4.285714285714287142e-02,1.048113134154685250e-05,9.997479884398778882e-01
4.285714285714287142e-02,1.325711365590110898e-05,9.997504211024940135e-01
4.285714285714287142e-02,1.676832936811009972e-05,9.997671045578939708e-01
4.285714285714287142e-02,2.120950887920192640e-05,9.997639876152029093e-01
4.285714285714287142e-02,2.682695795279727390e-05,9.997324797011040154e-01
4.285714285714287142e-02,3.393221771895329857e-05,9.997541018088486053e-01
4.285714285714287142e-02,4.291934260128778017e-05,9.997359359776067933e-01
4.285714285714287142e-02,5.428675439323859403e-05,9.997149117202818180e-01
4.285714285714287142e-02,6.866488450042998925e-05,9.996945884197495635e-01
4.285714285714287142e-02,8.685113737513520580e-05,9.997365848000094868e-01
4.285714285714287142e-02,1.098541141987558346e-04,9.997072383515098748e-01
4.285714285714287142e-02,1.389495494373137348e-04,9.996985656409216325e-01
4.285714285714287142e-02,1.757510624854793067e-04,9.996669045068331538e-01
4.285714285714287142e-02,2.222996482526195465e-04,9.996561340515426330e-01
4.285714285714287142e-02,2.811768697974231118e-04,9.996237413854882625e-01
4.285714285714287142e-02,3.556480306223128661e-04,9.995961651924549773e-01
4.285714285714287142e-02,4.498432668969443876e-04,9.995406291813118127e-01
4.285714285714287142e-02,5.689866029018298636e-04,9.995046434210003161e-01
4.285714285714287142e-02,7.196856730011521675e-04,9.994324250919055519e-01
4.285714285714287142e-02,9.102981779915217267e-04,9.993318392636539871e-01
4.285714285714287142e-02,1.151395399326448146e-03,9.992468655599143768e-01
4.285714285714287142e-02,1.456348477501244378e-03,9.991075410344143481e-01
4.285714285714287142e-02,1.842069969326716331e-03,9.989367389967314104e-01
4.285714285714287142e-02,2.329951810515372077e-03,9.987437985296082621e-01
4.285714285714287142e-02,2.947051702551809708e-03,9.984624542443146789e-01
4.285714285714287142e-02,3.727593720314941773e-03,9.980778843762756480e-01
4.285714285714287142e-02,4.714866363457394238e-03,9.976861309641819053e-01
4.285714285714287142e-02,5.963623316594642357e-03,9.970585928247858165e-01
4.285714285714287142e-02,7.543120063354623143e-03,9.963988321496449752e-01
4.285714285714287142e-02,9.540954763499944619e-03,9.954488920461196377e-01
4.285714285714287142e-02,1.206792640639328847e-02,9.944789366555641941e-01
4.285714285714287142e-02,1.526417967175233356e-02,9.931558689351528413e-01
4.285714285714287142e-02,1.930697728883249559e-02,9.911312805570017259e-01
4.285714285714287142e-02,2.442053094548649744e-02,9.888498540348993338e-01
4.285714285714287142e-02,3.088843596477484910e-02,9.868494773068932080e-01
4.285714285714287142e-02,3.906939937054620948e-02,9.832726566813616564e-01
4.285714285714287142e-02,4.941713361323837872e-02,9.788631797442234328e-01
4.285714285714287142e-02,6.250551925273975518e-02,9.732270513036904713e-01
4.285714285714287142e-02,7.906043210907701124e-02,9.662104169795386888e-01
4.285714285714287142e-02,1.000000000000000056e-01,9.566919787515684170e-01
4.693877551020408934e-02,9.999999999999999547e-07,9.997495806914615812e-01
4.693877551020408934e-02,1.264855216855295881e-06,9.997482251459836045e-01
4.693877551020408934e-02,1.599858719606057360e-06,9.997464718109217996e-01
4.693877551020408934e-02,2.023589647725155726e-06,9.997398651430654537e-01
4.693877551020408934e-02,2.559547922699533382e-06,9.997521263733445407e-01
4.693877551020408934e-02,3.237457542817646685e-06,9.997444201734033697e-01
4.693877551020408934e-02,4.094915062380427237e-06,9.997546047326608676e-01
4.693877551020408934e-02,5.179474679231212330e-06,9.997147283088314573e-01
4.693877551020408934e-02,6.551285568595509496e-06,9.996980677731915899e-01
4.693877551020408934e-02,8.286427728546842542e-06,9.997012712422992387e-01
4.693877551020408934e-02,1.048113134154685250e-05,9.997520116264928536e-01
4.693877551020408934e-02,1.325711365590110898e-05,9.997599583985141702e-01
4.693877551020408934e-02,1.676832936811009972e-05,9.997174178555273683e-01
4.693877551020408934e-02,2.120950887920192640e-05,9.996930028400806689e-01
4.693877551020408934e-02,2.682695795279727390e-05,9.997493481861777775e-01
4.693877551020408934e-02,3.393221771895329857e-05,9.997273861316287036e-01
4.693877551020408934e-02,4.291934260128778017e-05,9.997481953126389209e-01
4.693877551020408934e-02,5.428675439323859403e-05,9.996933579264515313e-01
4.693877551020408934e-02,6.866488450042998925e-05,9.997130994294921580e-01
4.693877551020408934e-02,8.685113737513520580e-05,9.997265280527695142e-01
4.693877551020408934e-02,1.098541141987558346e-04,9.997181593841033553e-01
4.693877551020408934e-02,1.389495494373137348e-04,9.996461510569519815e-01
4.693877551020408934e-02,1.757510624854793067e-04,9.996728848048637150e-01
4.693877551020408934e-02,2.222996482526195465e-04,9.996315108348602374e-01
4.693877551020408934e-02,2.811768697974231118e-04,9.996064314114176952e-01
4.693877551020408934e-02,3.556480306223128661e-04,9.995898649384810097e-01
4.693877551020408934e-02,4.498432668969443876e-04,9.995431462862087724e-01
4.693877551020408934e-02,5.689866029018298636e-04,9.994726494967686170e-01
4.693877551020408934e-02,7.196856730011521675e-04,9.993997608497044993e-01
4.693877551020408934e-02,9.102981779915217267e-04,9.993143710759396781e-01
4.693877551020408934e-02,1.151395399326448146e-03,9.992307007186248535e-01
4.693877551020408934e-02,1.456348477501244378e-03,9.990549259677231619e-01
4.693877551020408934e-02,1.842069969326716331e-03,9.989140294050278257e-01
4.693877551020408934e-02,2.329951810515372077e-03,9.986860104415947736e-01
4.693877551020408934e-02,2.947051702551809708e-03,9.984247972552005024e-01
4.693877551020408934e-02,3.727593720314941773e-03,9.980255200582243136e-01
4.693877551020408934e-02,4.714866363457394238e-03,9.974865791353632050e-01
4.693877551020408934e-02,5.963623316594642357e-03,9.971297052347101175e-01
4.693877551020408934e-02,7.543120063354623143e-03,9.963075024004685032e-01
4.693877551020408934e-02,9.540954763499944619e-03,9.956432896849213288e-01
4.693877551020408934e-02,1.206792640639328847e-02,9.944748249989356914e-01
4.693877551020408934e-02,1.526417967175233356e-02,9.929237333566836021e-01
4.693877551020408934e-02,1.930697728883249559e-02,9.911726474127862119e-01
4.693877551020408934e-02,2.442053094548649744e-02,9.895104946880046715e-01
4.693877551020408934e-02,3.088843596477484910e-02,9.870329119866961820e-01
4.693877551020408934e-02,3.906939937054620948e-02,9.827052456156600835e-01
4.693877551020408934e-02,4.941713361323837872e-02,9.783246243028197453e-01
4.693877551020408934e-02,6.250551925273975518e-02,9.733677500119760628e-01
4.693877551020408934e-02,7.906043210907701124e-02,9.673678396079938846e-01
4.693877551020408934e-02,1.000000000000000056e-01,9.564638800675807628e-01
5.102040816326530726e-02,9.999999999999999547e-07,9.997370914962250277e-01
5.102040816326530726e-02,1.264855216855295881e-06,9.997279400520130421e-01
5.102040816326530726e-02,1.599858719606057360e-06,9.996989105304632250e-01
5.102040816326530726e-02,2.023589647725155726e-06,9.996819056367666212e-01
5.102040816326530726e-02,2.559547922699533382e-06,9.997400555223227014e-01
5.102040816326530726e-02,3.237457542817646685e-06,9.996931847125051229e-01
5.102040816326530726e-02,4.094915062380427237e-06,9.997101432148848277e-01
5.102040816326530726e-02,5.179474679231212330e-06,9.997126898195416445e-01
5.102040816326530726e-02,6.551285568595509496e-06,9.997227782797903917e-01
5.102040816326530726e-02,8.286427728546842542e-06,9.997213835659580772e-01
5.102040816326530726e-02,1.048113134154685250e-05,9.997209603303069958e-01
5.102040816326530726e-02,1.325711365590110898e-05,9.997087772825123952e-01
5.102040816326530726e-02,1.676832936811009972e-05,9.996954491732323866e-01
5.102040816326530726e-02,2.120950887920192640e-05,9.996942019172543326e-01
5.102040816326530726e-02,2.682695795279727390e-05,9.997289130461168849e-01
5.102040816326530726e-02,3.393221771895329857e-05,9.997185302499990156e-01
5.102040816326530726e-02,4.291934260128778017e-05,9.996997335003297014e-01
5.102040816326530726e-02,5.428675439323859403e-05,9.996442045203275395e-01
5.102040816326530726e-02,6.866488450042998925e-05,9.996795828860488564e-01
5.102040816326530726e-02,8.685113737513520580e-05,9.996322929551656467e-01
5.102040816326530726e-02,1.098541141987558346e-04,9.996765906110635092e-01
5.102040816326530726e-02,1.389495494373137348e-04,9.996713918999157178e-01
5.102040816326530726e-02,1.757510624854793067e-04,9.996199782970031089e-01
5.102040816326530726e-02,2.222996482526195465e-04,9.996234793561368237e-01
5.102040816326530726e-02,2.811768697974231118e-04,9.996170053180425397e-01
5.102040816326530726e-02,3.556480306223128661e-04,9.995200204197328686e-01
5.102040816326530726e-02,4.498432668969443876e-04,9.995321776798702373e-01
5.102040816326530726e-02,5.689866029018298636e-04,9.994574778063857190e-01
5.102040816326530726e-02,7.196856730011521675e-04,9.993749589334700589e-01
5.102040816326530726e-02,9.102981779915217267e-04,9.992930335226895000e-01
5.102040816326530726e-02,1.151395399326448146e-03,9.992116169509592805e-01
5.102040816326530726e-02,1.456348477501244378e-03,9.990869175003144198e-01
5.102040816326530726e-02,1.842069969326716331e-03,9.989088805851028541e-01
5.102040816326530726e-02,2.329951810515372077e-03,9.986599188379107206e-01
5.102040816326530726e-02,2.947051702551809708e-03,9.984390222980863427e-01
5.102040816326530726e-02,3.727593720314941773e-03,9.980439770236165797e-01
5.102040816326530726e-02,4.714866363457394238e-03,9.976697306726686199e-01
5.102040816326530726e-02,5.963623316594642357e-03,9.970311665381969002e-01
5.102040816326530726e-02,7.543120063354623143e-03,9.965343522219598515e-01
5.102040816326530726e-02,9.540954763499944619e-03,9.953495855939443748e-01
5.102040816326530726e-02,1.206792640639328847e-02,9.943645561813009293e-01
5.102040816326530726e-02,1.526417967175233356e-02,9.931655274773218967e-01
5.102040816326530726e-02,1.930697728883249559e-02,9.908039195901516827e-01
5.102040816326530726e-02,2.442053094548649744e-02,9.894186258139803236e-01
5.102040816326530726e-02,3.088843596477484910e-02,9.858928140247992244e-01
5.102040816326530726e-02,3.906939937054620948e-02,9.835095381213583288e-01
5.102040816326530726e-02,4.941713361323837872e-02,9.785759337834644134e-01
5.102040816326530726e-02,6.250551925273975518e-02,9.731573929781568433e-01
5.102040816326530726e-02,7.906043210907701124e-02,9.663722859809285026e-01
5.102040816326530726e-02,1.000000000000000056e-01,9.569473887731646533e-01
5.510204081632655293e-02,9.999999999999999547e-07,9.996654825689362811e-01
5.510204081632655293e-02,1.264855216855295881e-06,9.996930460091918436e-01
5.510204081632655293e-02,1.599858719606057360e-06,9.996699272298588124e-01
5.510204081632655293e-02,2.023589647725155726e-06,9.997066995054825211e-01
5.510204081632655293e-02,2.559547922699533382e-06,9.997052959785587278e-01
5.510204081632655293e-02,3.237457542817646685e-06,9.997173481497289016e-01
5.510204081632655293e-02,4.094915062380427237e-06,9.997232155747906024e-01
5.510204081632655293e-02,5.179474679231212330e-06,9.996960941400044875e-01
5.510204081632655293e-02,6.551285568595509496e-06,9.996924491643351951e-01
5.510204081632655293e-02,8.286427728546842542e-06,9.996954305821300624e-01
5.510204081632655293e-02,1.048113134154685250e-05,9.997241823266498351e-01
5.510204081632655293e-02,1.325711365590110898e-05,9.996931735919232231e-01
5.510204081632655293e-02,1.676832936811009972e-05,9.996935012295489198e-01
5.510204081632655293e-02,2.120950887920192640e-05,9.996919942459627784e-01
5.510204081632655293e-02,2.682695795279727390e-05,9.997238883819592470e-01
5.510204081632655293e-02,3.393221771895329857e-05,9.996498615024012047e-01
5.510204081632655293e-02,4.291934260128778017e-05,9.997009826842373492e-01
5.510204081632655293e-02,5.428675439323859403e-05,9.996838401355874204e-01
5.510204081632655293e-02,6.866488450042998925e-05,9.996721899258846911e-01
5.510204081632655293e-02,8.685113737513520580e-05,9.996532806782962854e-01
5.510204081632655293e-02,1.098541141987558346e-04,9.996270352558540573e-01
5.510204081632655293e-02,1.389495494373137348e-04,9.996531603348748352e-01
5.510204081632655293e-02,1.757510624854793067e-04,9.996116735796823916e-01
5.510204081632655293e-02,2.222996482526195465e-04,9.996230706761933815e-01
5.510204081632655293e-02,2.811768697974231118e-04,9.995768714354927864e-01
5.510204081632655293e-02,3.556480306223128661e-04,9.995245882557992623e-01
5.510204081632655293e-02,4.498432668969443876e-04,9.994837708631766349e-01
5.510204081632655293e-02,5.689866029018298636e-04,9.994133997158154425e-01
5.510204081632655293e-02,7.196856730011521675e-04,9.993407654635758641e-01
5.510204081632655293e-02,9.102981779915217267e-04,9.992695886909375158e-01
5.510204081632655293e-02,1.151395399326448146e-03,9.991750530777031569e-01
5.510204081632655293e-02,1.456348477501244378e-03,9.990192359990026638e-01
5.510204081632655293e-02,1.842069969326716331e-03,9.989251121766921093e-01
5.510204081632655293e-02,2.329951810515372077e-03,9.986844025216372600e-01
5.510204081632655293e-02,2.947051702551809708e-03,9.984754729339965218e-01
5.510204081632655293e-02,3.727593720314941773e-03,9.980754364615357366e-01
5.510204081632655293e-02,4.714866363457394238e-03,9.975779413046775845e-01
5.510204081632655293e-02,5.963623316594642357e-03,9.969452699546601515e-01
5.510204081632655293e-02,7.543120063354623143e-03,9.964802544496529357e-01
5.510204081632655293e-02,9.540954763499944619e-03,9.954807965350143117e-01
5.510204081632655293e-02,1.206792640639328847e-02,9.943388695950088341e-01
5.510204081632655293e-02,1.526417967175233356e-02,9.933026319384740122e-01
5.510204081632655293e-02,1.930697728883249559e-02,9.908208945590960548e-01
5.510204081632655293e-02,2.442053094548649744e-02,9.885793044475158498e-01
5.510204081632655293e-02,3.088843596477484910e-02,9.868043085308160212e-01
5.510204081632655293e-02,3.906939937054620948e-02,9.830962702980954315e-01
5.510204081632655293e-02,4.941713361323837872e-02,9.786322967636342796e-01
5.510204081632655293e-02,6.250551925273975518e-02,9.742889586283567382e-01
5.510204081632655293e-02,7.906043210907701124e-02,9.669361394152360401e-01
5.510204081632655293e-02,1.000000000000000056e-01,9.579677199078493466e-01
5.918367346938777085e-02,9.999999999999999547e-07,9.996986888727760201e-01
5.918367346938777085e-02,1.264855216855295881e-06,9.996483320412602458e-01
5.918367346938777085e-02,1.599858719606057360e-06,9.996683462521211982e-01
5.918367346938777085e-02,2.023589647725155726e-06,9.996830146874688960e-01
5.918367346938777085e-02,2.559547922699533382e-06,9.996982882335977427e-01
5.918367346938777085e-02,3.237457542817646685e-06,9.996707372795909929e-01
5.918367346938777085e-02,4.094915062380427237e-06,9.996559628643656437e-01
5.918367346938777085e-02,5.179474679231212330e-06,9.996800766839148977e-01
5.918367346938777085e-02,6.551285568595509496e-06,9.996889532237431819e-01
5.918367346938777085e-02,8.286427728546842542e-06,9.996313586546389240e-01
5.918367346938777085e-02,1.048113134154685250e-05,9.996496767456277688e-01
5.918367346938777085e-02,1.325711365590110898e-05,9.996123580895982519e-01
5.918367346938777085e-02,1.676832936811009972e-05,9.996605911283453771e-01
5.918367346938777085e-02,2.120950887920192640e-05,9.996551598747858147e-01
5.918367346938777085e-02,2.682695795279727390e-05,9.996188638546372740e-01
5.918367346938777085e-02,3.393221771895329857e-05,9.996316236996612981e-01
5.918367346938777085e-02,4.291934260128778017e-05,9.996150695558345678e-01
5.918367346938777085e-02,5.428675439323859403e-05,9.996300672325487691e-01
5.918367346938777085e-02,6.866488450042998925e-05,9.996390135186397075e-01
5.918367346938777085e-02,8.685113737513520580e-05,9.996043761276850459e-01
5.918367346938777085e-02,1.098541141987558346e-04,9.996137073529345329e-01
5.918367346938777085e-02,1.389495494373137348e-04,9.996350438047781894e-01
5.918367346938777085e-02,1.757510624854793067e-04,9.995901843661413322e-01
5.918367346938777085e-02,2.222996482526195465e-04,9.996045853909523160e-01
5.918367346938777085e-02,2.811768697974231118e-04,9.995648796694647231e-01
5.918367346938777085e-02,3.556480306223128661e-04,9.995487205588503565e-01
5.918367346938777085e-02,4.498432668969443876e-04,9.994691400064985576e-01
5.918367346938777085e-02,5.689866029018298636e-04,9.993995818705717626e-01
5.918367346938777085e-02,7.196856730011521675e-04,9.993516861003122198e-01
5.918367346938777085e-02,9.102981779915217267e-04,9.992757088329144999e-01
5.918367346938777085e-02,1.151395399326448146e-03,9.992321382437703292e-01
5.918367346938777085e-02,1.456348477501244378e-03,9.990634762116947787e-01
5.918367346938777085e-02,1.842069969326716331e-03,9.988742477105785333e-01
5.918367346938777085e-02,2.329951810515372077e-03,9.986302075481698903e-01
5.918367346938777085e-02,2.947051702551809708e-03,9.984227332643993424e-01
5.918367346938777085e-02,3.727593720314941773e-03,9.980169497356196073e-01
5.918367346938777085e-02,4.714866363457394238e-03,9.976338699558521261e-01
5.918367346938777085e-02,5.963623316594642357e-03,9.968363624493298270e-01
5.918367346938777085e-02,7.543120063354623143e-03,9.965043737255067091e-01
5.918367346938777085e-02,9.540954763499944619e-03,9.954992458272375888e-01
5.918367346938777085e-02,1.206792640639328847e-02,9.942610899951854764e-01
5.918367346938777085e-02,1.526417967175233356e-02,9.930719301852454217e-01
5.918367346938777085e-02,1.930697728883249559e-02,9.910741183290956435e-01
5.918367346938777085e-02,2.442053094548649744e-02,9.891676324569271817e-01
5.918367346938777085e-02,3.088843596477484910e-02,9.859144219330553405e-01
5.918367346938777085e-02,3.906939937054620948e-02,9.831121781634007961e-01
5.918367346938777085e-02,4.941713361323837872e-02,9.794490066200522982e-01
5.918367346938777085e-02,6.250551925273975518e-02,9.739398214453371949e-01
5.918367346938777085e-02,7.906043210907701124e-02,9.664896787768377795e-01
5.918367346938777085e-02,1.000000000000000056e-01,9.570522347599971225e-01
6.326530612244898877e-02,9.999999999999999547e-07,9.996473799164088403e-01
6.326530612244898877e-02,1.264855216855295881e-06,9.996647646139191767e-01
6.326530612244898877e-02,1.599858719606057360e-06,9.996408035558453919e-01
6.326530612244898877e-02,2.023589647725155726e-06,9.996643279290630124e-01
6.326530612244898877e-02,2.559547922699533382e-06,9.996496473038383179e-01
6.326530612244898877e-02,3.237457542817646685e-06,9.996736327623052532e-01
6.326530612244898877e-02,4.094915062380427237e-06,9.996397448911892303e-01
6.326530612244898877e-02,5.179474679231212330e-06,9.996169983609778376e-01
6.326530612244898877e-02,6.551285568595509496e-06,9.996326247329065939e-01
6.326530612244898877e-02,8.286427728546842542e-06,9.996634881684820506e-01
6.326530612244898877e-02,1.048113134154685250e-05,9.996252158426244261e-01
6.326530612244898877e-02,1.325711365590110898e-05,9.996683256900746883e-01
6.326530612244898877e-02,1.676832936811009972e-05,9.996366420716179535e-01
6.326530612244898877e-02,2.120950887920192640e-05,9.996216830887543203e-01
6.326530612244898877e-02,2.682695795279727390e-05,9.996599279997090415e-01
6.326530612244898877e-02,3.393221771895329857e-05,9.995753141961740695e-01
6.326530612244898877e-02,4.291934260128778017e-05,9.996355423572166332e-01
6.326530612244898877e-02,5.428675439323859403e-05,9.996502481850698674e-01
6.326530612244898877e-02,6.866488450042998925e-05,9.996469091172239807e-01
6.326530612244898877e-02,8.685113737513520580e-05,9.996634244579943873e-01
6.326530612244898877e-02,1.098541141987558346e-04,9.996298490469318621e-01
6.326530612244898877e-02,1.389495494373137348e-04,9.996058669011951281e-01
6.326530612244898877e-02,1.757510624854793067e-04,9.995655813538231182e-01
6.326530612244898877e-02,2.222996482526195465e-04,9.995478295913983180e-01
6.326530612244898877e-02,2.811768697974231118e-04,9.995752072342639627e-01
6.326530612244898877e-02,3.556480306223128661e-04,9.994861012372348030e-01
6.326530612244898877e-02,4.498432668969443876e-04,9.994802911327029804e-01
6.326530612244898877e-02,5.689866029018298636e-04,9.994237110074586372e-01
6.326530612244898877e-02,7.196856730011521675e-04,9.992751811351827662e-01
6.326530612244898877e-02,9.102981779915217267e-04,9.992119948708397814e-01
6.326530612244898877e-02,1.151395399326448146e-03,9.991552880581510143e-01
6.326530612244898877e-02,1.456348477501244378e-03,9.990162954928202277e-01
6.326530612244898877e-02,1.842069969326716331e-03,9.988190953757041246e-01
6.326530612244898877e-02,2.329951810515372077e-03,9.985736914658516206e-01
6.326530612244898877e-02,2.947051702551809708e-03,9.983489260039319912e-01
6.326530612244898877e-02,3.727593720314941773e-03,9.979743371718865497e-01
6.326530612244898877e-02,4.714866363457394238e-03,9.976415755543076580e-01
6.326530612244898877e-02,5.963623316594642357e-03,9.969780604508717836e-01
6.326530612244898877e-02,7.543120063354623143e-03,9.962933829426021681e-01
6.326530612244898877e-02,9.540954763499944619e-03,9.953682620390087443e-01
6.326530612244898877e-02,1.206792640639328847e-02,9.944352303299741624e-01
6.326530612244898877e-02,1.526417967175233356e-02,9.929022160499932914e-01
6.326530612244898877e-02,1.930697728883249559e-02,9.912511191829108670e-01
6.326530612244898877e-02,2.442053094548649744e-02,9.893357582437666276e-01
6.326530612244898877e-02,3.088843596477484910e-02,9.856008145972148249e-01
6.326530612244898877e-02,3.906939937054620948e-02,9.830113152340109739e-01
6.326530612244898877e-02,4.941713361323837872e-02,9.786473019144094065e-01
6.326530612244898877e-02,6.250551925273975518e-02,9.723990713717932666e-01
6.326530612244898877e-02,7.906043210907701124e-02,9.666279237708489402e-01
6.326530612244898877e-02,1.000000000000000056e-01,9.585918548147449592e-01
6.734693877551020669e-02,9.999999999999999547e-07,9.995837526536855977e-01
6.734693877551020669e-02,1.264855216855295881e-06,9.996752561042236973e-01
6.734693877551020669e-02,1.599858719606057360e-06,9.996107125735939070e-01
6.734693877551020669e-02,2.023589647725155726e-06,9.995908861382253319e-01
6.734693877551020669e-02,2.559547922699533382e-06,9.995951903054166587e-01
6.734693877551020669e-02,3.237457542817646685e-06,9.995890699674156998e-01
6.734693877551020669e-02,4.094915062380427237e-06,9.996360092509678497e-01
6.734693877551020669e-02,5.179474679231212330e-06,9.995868347220623340e-01
6.734693877551020669e-02,6.551285568595509496e-06,9.995698872124567647e-01
6.734693877551020669e-02,8.286427728546842542e-06,9.995559029582673505e-01
6.734693877551020669e-02,1.048113134154685250e-05,9.996226756746040554e-01
6.734693877551020669e-02,1.325711365590110898e-05,9.995960585513893326e-01
6.734693877551020669e-02,1.676832936811009972e-05,9.996313063023636314e-01
6.734693877551020669e-02,2.120950887920192640e-05,9.995878337832870830e-01
6.734693877551020669e-02,2.682695795279727390e-05,9.995891390035080981e-01
6.734693877551020669e-02,3.393221771895329857e-05,9.995886867264954789e-01
6.734693877551020669e-02,4.291934260128778017e-05,9.996180603840221224e-01
6.734693877551020669e-02,5.428675439323859403e-05,9.996294824057848638e-01
6.734693877551020669e-02,6.866488450042998925e-05,9.995369998906790121e-01
6.734693877551020669e-02,8.685113737513520580e-05,9.996161848276198247e-01
6.734693877551020669e-02,1.098541141987558346e-04,9.996203545980119065e-01
6.734693877551020669e-02,1.389495494373137348e-04,9.995956756075901062e-01
6.734693877551020669e-02,1.757510624854793067e-04,9.995060483317295130e-01
6.734693877551020669e-02,2.222996482526195465e-04,9.995447640813419632e-01
6.734693877551020669e-02,2.811768697974231118e-04,9.995016816144622895e-01
6.734693877551020669e-02,3.556480306223128661e-04,9.994380005981653436e-01
6.734693877551020669e-02,4.498432668969443876e-04,9.994170552408676578e-01
6.734693877551020669e-02,5.689866029018298636e-04,9.993506745672425806e-01
6.734693877551020669e-02,7.196856730011521675e-04,9.992512659198067304e-01
6.734693877551020669e-02,9.102981779915217267e-04,9.991998950682068337e-01
6.734693877551020669e-02,1.151395399326448146e-03,9.990265394186086390e-01
6.734693877551020669e-02,1.456348477501244378e-03,9.989916455339437062e-01
6.734693877551020669e-02,1.842069969326716331e-03,9.988114991565886225e-01
6.734693877551020669e-02,2.329951810515372077e-03,9.985549056839631010e-01
6.734693877551020669e-02,2.947051702551809708e-03,9.983481135401212070e-01
6.734693877551020669e-02,3.727593720314941773e-03,9.979115264913567263e-01
6.734693877551020669e-02,4.714866363457394238e-03,9.974413261900809680e-01
6.734693877551020669e-02,5.963623316594642357e-03,9.969563169375385003e-01
6.734693877551020669e-02,7.543120063354623143e-03,9.961569691503049384e-01
6.734693877551020669e-02,9.540954763499944619e-03,9.955438858528431467e-01
6.734693877551020669e-02,1.206792640639328847e-02,9.943887775539866913e-01
6.734693877551020669e-02,1.526417967175233356e-02,9.925788380448061776e-01
6.734693877551020669e-02,1.930697728883249559e-02,9.914903362769410533e-01
6.734693877551020669e-02,2.442053094548649744e-02,9.886621401063274694e-01
6.734693877551020669e-02,3.088843596477484910e-02,9.861486954476156308e-01
6.734693877551020669e-02,3.906939937054620948e-02,9.826120679723194806e-01
6.734693877551020669e-02,4.941713361323837872e-02,9.788734113772654677e-01
6.734693877551020669e-02,6.250551925273975518e-02,9.718027611437559665e-01
6.734693877551020669e-02,7.906043210907701124e-02,9.679867888854567504e-01
6.734693877551020669e-02,1.000000000000000056e-01,9.591195754750557745e-01
7.142857142857142461e-02,9.999999999999999547e-07,9.995399623762670771e-01
7.142857142857142461e-02,1.264855216855295881e-06,9.996001674357910538e-01
7.142857142857142461e-02,1.599858719606057360e-06,9.995723277098207404e-01
7.142857142857142461e-02,2.023589647725155726e-06,9.995336261744085515e-01
7.142857142857142461e-02,2.559547922699533382e-06,9.995620673438242454e-01
7.142857142857142461e-02,3.237457542817646685e-06,9.996015089964612743e-01
7.142857142857142461e-02,4.094915062380427237e-06,9.996215405066528614e-01
7.142857142857142461e-02,5.179474679231212330e-06,9.995717336109276596e-01
7.142857142857142461e-02,6.551285568595509496e-06,9.996243455225887198e-01
7.142857142857142461e-02,8.286427728546842542e-06,9.996169775993409834e-01
7.142857142857142461e-02,1.048113134154685250e-05,9.996173135912432839e-01
7.142857142857142461e-02,1.325711365590110898e-05,9.995507975092934316e-01
7.142857142857142461e-02,1.676832936811009972e-05,9.996104169332881151e-01
7.142857142857142461e-02,2.120950887920192640e-05,9.996063394378328359e-01
7.142857142857142461e-02,2.682695795279727390e-05,9.995634980433962813e-01
7.142857142857142461e-02,3.393221771895329857e-05,9.995873181890791992e-01
7.142857142857142461e-02,4.291934260128778017e-05,9.996191990497148572e-01
7.142857142857142461e-02,5.428675439323859403e-05,9.995420061255805289e-01
7.142857142857142461e-02,6.866488450042998925e-05,9.995326972124003451e-01
7.142857142857142461e-02,8.685113737513520580e-05,9.995632399499411180e-01
7.142857142857142461e-02,1.098541141987558346e-04,9.995275465377594371e-01
7.142857142857142461e-02,1.389495494373137348e-04,9.995378793718566746e-01
7.142857142857142461e-02,1.757510624854793067e-04,9.994816563125457076e-01
7.142857142857142461e-02,2.222996482526195465e-04,9.994852202606432368e-01
7.142857142857142461e-02,2.811768697974231118e-04,9.994710627863594432e-01
7.142857142857142461e-02,3.556480306223128661e-04,9.993953119489519255e-01
7.142857142857142461e-02,4.498432668969443876e-04,9.993612386142254334e-01
7.142857142857142461e-02,5.689866029018298636e-04,9.993501682121130880e-01
7.142857142857142461e-02,7.196856730011521675e-04,9.993008289990703563e-01
7.142857142857142461e-02,9.102981779915217267e-04,9.991648034999376371e-01
7.142857142857142461e-02,1.151395399326448146e-03,9.990539227972768943e-01
7.142857142857142461e-02,1.456348477501244378e-03,9.989178180241752303e-01
7.142857142857142461e-02,1.842069969326716331e-03,9.988094467699230039e-01
7.142857142857142461e-02,2.329951810515372077e-03,9.986172822480926525e-01
7.142857142857142461e-02,2.947051702551809708e-03,9.981938606307652062e-01
7.142857142857142461e-02,3.727593720314941773e-03,9.979845094939018280e-01
7.142857142857142461e-02,4.714866363457394238e-03,9.975589905835897664e-01
7.142857142857142461e-02,5.963623316594642357e-03,9.969979831621117450e-01
7.142857142857142461e-02,7.543120063354623143e-03,9.963183825152135409e-01
7.142857142857142461e-02,9.540954763499944619e-03,9.953755613717375494e-01
7.142857142857142461e-02,1.206792640639328847e-02,9.943370552058184986e-01
7.142857142857142461e-02,1.526417967175233356e-02,9.928280485346355766e-01
7.142857142857142461e-02,1.930697728883249559e-02,9.911132718295516675e-01
7.142857142857142461e-02,2.442053094548649744e-02,9.892629565611376075e-01
7.142857142857142461e-02,3.088843596477484910e-02,9.860734838943021607e-01
7.142857142857142461e-02,3.906939937054620948e-02,9.828280285040946751e-01
7.142857142857142461e-02,4.941713361323837872e-02,9.779049444342300390e-01
7.142857142857142461e-02,6.250551925273975518e-02,9.720557605073167906e-01
7.142857142857142461e-02,7.906043210907701124e-02,9.657393674429682884e-01
7.142857142857142461e-02,1.000000000000000056e-01,9.565654899875791761e-01
7.551020408163267028e-02,9.999999999999999547e-07,9.995035080466655453e-01
7.551020408163267028e-02,1.264855216855295881e-06,9.995284113455416009e-01
7.551020408163267028e-02,1.599858719606057360e-06,9.995487567445419108e-01
7.551020408163267028e-02,2.023589647725155726e-06,9.995535752003094077e-01
7.551020408163267028e-02,2.559547922699533382e-06,9.995809733337418512e-01
7.551020408163267028e-02,3.237457542817646685e-06,9.995385515791600506e-01
7.551020408163267028e-02,4.094915062380427237e-06,9.995173538584113393e-01
7.551020408163267028e-02,5.179474679231212330e-06,9.995367266597710021e-01
7.551020408163267028e-02,6.551285568595509496e-06,9.996077250863555363e-01
7.551020408163267028e-02,8.286427728546842542e-06,9.995410678635470170e-01
7.551020408163267028e-02,1.048113134154685250e-05,9.995985392132209491e-01
7.551020408163267028e-02,1.325711365590110898e-05,9.995687002613593553e-01
7.551020408163267028e-02,1.676832936811009972e-05,9.994774714386837067e-01
7.551020408163267028e-02,2.120950887920192640e-05,9.995438556749275394e-01
7.551020408163267028e-02,2.682695795279727390e-05,9.995036120037853467e-01
7.551020408163267028e-02,3.393221771895329857e-05,9.995726441672843077e-01
7.551020408163267028e-02,4.291934260128778017e-05,9.995512752716179117e-01
7.551020408163267028e-02,5.428675439323859403e-05,9.995413765182407095e-01
7.551020408163267028e-02,6.866488450042998925e-05,9.995237875756427526e-01
7.551020408163267028e-02,8.685113737513520580e-05,9.995122189894551923e-01
7.551020408163267028e-02,1.098541141987558346e-04,9.994764499099395572e-01
7.551020408163267028e-02,1.389495494373137348e-04,9.994982952026336687e-01
7.551020408163267028e-02,1.757510624854793067e-04,9.995055876415716023e-01
7.551020408163267028e-02,2.222996482526195465e-04,9.994432050516135480e-01
7.551020408163267028e-02,2.811768697974231118e-04,9.994366951797633014e-01
7.551020408163267028e-02,3.556480306223128661e-04,9.994327164683864950e-01
7.551020408163267028e-02,4.498432668969443876e-04,9.992953855724738821e-01
7.551020408163267028e-02,5.689866029018298636e-04,9.993143556053315502e-01
7.551020408163267028e-02,7.196856730011521675e-04,9.992218378711663629e-01
7.551020408163267028e-02,9.102981779915217267e-04,9.990840649648025096e-01
7.551020408163267028e-02,1.151395399326448146e-03,9.990255086147267205e-01
7.551020408163267028e-02,1.456348477501244378e-03,9.988578011058346640e-01
7.551020408163267028e-02,1.842069969326716331e-03,9.987161801672166384e-01
7.551020408163267028e-02,2.329951810515372077e-03,9.985426550169269611e-01
7.551020408163267028e-02,2.947051702551809708e-03,9.982752570705127892e-01
7.551020408163267028e-02,3.727593720314941773e-03,9.979742051230913180e-01
7.551020408163267028e-02,4.714866363457394238e-03,9.974549937153065482e-01
7.551020408163267028e-02,5.963623316594642357e-03,9.968723320906727192e-01
7.551020408163267028e-02,7.543120063354623143e-03,9.960861231979604158e-01
7.551020408163267028e-02,9.540954763499944619e-03,9.952837620666140639e-01
7.551020408163267028e-02,1.206792640639328847e-02,9.941282390274521763e-01
7.551020408163267028e-02,1.526417967175233356e-02,9.930589265473378502e-01
7.551020408163267028e-02,1.930697728883249559e-02,9.911435190123526473e-01
7.551020408163267028e-02,2.442053094548649744e-02,9.891581107767198899e-01
7.551020408163267028e-02,3.088843596477484910e-02,9.859754764273780392e-01
7.551020408163267028e-02,3.906939937054620948e-02,9.828485814266578746e-01
7.551020408163267028e-02,4.941713361323837872e-02,9.783968015620206904e-01
7.551020408163267028e-02,6.250551925273975518e-02,9.726078083668102670e-01
7.551020408163267028e-02,7.906043210907701124e-02,9.668813543469261251e-01
7.551020408163267028e-02,1.000000000000000056e-01,9.571234215715661575e-01
7.959183673469388820e-02,9.999999999999999547e-07,9.995601212899173360e-01
7.959183673469388820e-02,1.264855216855295881e-06,9.995302316970819945e-01
7.959183673469388820e-02,1.599858719606057360e-06,9.995444140923533949e-01
7.959183673469388820e-02,2.023589647725155726e-06,9.994951885218344989e-01
7.959183673469388820e-02,2.559547922699533382e-06,9.995445257100111780e-01
7.959183673469388820e-02,3.237457542817646685e-06,9.995134106491539994e-01
7.959183673469388820e-02,4.094915062380427237e-06,9.996152041812174094e-01
7.959183673469388820e-02,5.179474679231212330e-06,9.994852143134888012e-01
7.959183673469388820e-02,6.551285568595509496e-06,9.995306799421088684e-01
7.959183673469388820e-02,8.286427728546842542e-06,9.995424542114913491e-01
7.959183673469388820e-02,1.048113134154685250e-05,9.995355556413275666e-01
7.959183673469388820e-02,1.325711365590110898e-05,9.994992618149811658e-01
7.959183673469388820e-02,1.676832936811009972e-05,9.994654262472326689e-01
7.959183673469388820e-02,2.120950887920192640e-05,9.995425690974560906e-01
7.959183673469388820e-02,2.682695795279727390e-05,9.995649467267336830e-01
7.959183673469388820e-02,3.393221771895329857e-05,9.994819882270090661e-01
7.959183673469388820e-02,4.291934260128778017e-05,9.995059326409722056e-01
7.959183673469388820e-02,5.428675439323859403e-05,9.994975672831835078e-01
7.959183673469388820e-02,6.866488450042998925e-05,9.995427564316631264e-01
7.959183673469388820e-02,8.685113737513520580e-05,9.994718725485551847e-01
7.959183673469388820e-02,1.098541141987558346e-04,9.994960237104776324e-01
7.959183673469388820e-02,1.389495494373137348e-04,9.994380566658059850e-01
7.959183673469388820e-02,1.757510624854793067e-04,9.994683900760538142e-01
7.959183673469388820e-02,2.222996482526195465e-04,9.994515063220112960e-01
7.959183673469388820e-02,2.811768697974231118e-04,9.994309987977425536e-01
7.959183673469388820e-02,3.556480306223128661e-04,9.993835074337675817e-01
7.959183673469388820e-02,4.498432668969443876e-04,9.993718124178250228e-01
7.959183673469388820e-02,5.689866029018298636e-04,9.992408059369684015e-01
7.959183673469388820e-02,7.196856730011521675e-04,9.991909429067419302e-01
7.959183673469388820e-02,9.102981779915217267e-04,9.991382762004969997e-01
7.959183673469388820e-02,1.151395399326448146e-03,9.989958372380993712e-01
7.959183673469388820e-02,1.456348477501244378e-03,9.989128901505165414e-01
7.959183673469388820e-02,1.842069969326716331e-03,9.986764834922144951e-01
7.959183673469388820e-02,2.329951810515372077e-03,9.984612240141929052e-01
7.959183673469388820e-02,2.947051702551809708e-03,9.981763387284406930e-01
7.959183673469388820e-02,3.727593720314941773e-03,9.979034842466961708e-01
7.959183673469388820e-02,4.714866363457394238e-03,9.974606949207222018e-01
7.959183673469388820e-02,5.963623316594642357e-03,9.969578818731199554e-01
7.959183673469388820e-02,7.543120063354623143e-03,9.961150711021916626e-01
7.959183673469388820e-02,9.540954763499944619e-03,9.953127534209730287e-01
7.959183673469388820e-02,1.206792640639328847e-02,9.941730160101172054e-01
7.959183673469388820e-02,1.526417967175233356e-02,9.925977235423427691e-01
7.959183673469388820e-02,1.930697728883249559e-02,9.908187682213792646e-01
7.959183673469388820e-02,2.442053094548649744e-02,9.894826383720549678e-01
7.959183673469388820e-02,3.088843596477484910e-02,9.854543089697114233e-01
7.959183673469388820e-02,3.906939937054620948e-02,9.826044511703395656e-01
7.959183673469388820e-02,4.941713361323837872e-02,9.786219910183556747e-01
7.959183673469388820e-02,6.250551925273975518e-02,9.724816617795647433e-01
7.959183673469388820e-02,7.906043210907701124e-02,9.645344067485954742e-01
7.959183673469388820e-02,1.000000000000000056e-01,9.576758161136400549e-01
8.367346938775510612e-02,9.999999999999999547e-07,9.995201281474141997e-01
8.367346938775510612e-02,1.264855216855295881e-06,9.994914645664101371e-01
8.367346938775510612e-02,1.599858719606057360e-06,9.995263732259590528e-01
8.367346938775510612e-02,2.023589647725155726e-06,9.994881898369419870e-01
8.367346938775510612e-02,2.559547922699533382e-06,9.995409410494350277e-01
8.367346938775510612e-02,3.237457542817646685e-06,9.994910848470476283e-01
8.367346938775510612e-02,4.094915062380427237e-06,9.995583087323995919e-01
8.367346938775510612e-02,5.179474679231212330e-06,9.994242836037754429e-01
8.367346938775510612e-02,6.551285568595509496e-06,9.994928886289122794e-01
8.367346938775510612e-02,8.286427728546842542e-06,9.995182207089614579e-01
8.367346938775510612e-02,1.048113134154685250e-05,9.995162196171876179e-01
8.367346938775510612e-02,1.325711365590110898e-05,9.994780786992175647e-01
8.367346938775510612e-02,1.676832936811009972e-05,9.995088856080368567e-01
8.367346938775510612e-02,2.120950887920192640e-05,9.994299887061808274e-01
8.367346938775510612e-02,2.682695795279727390e-05,9.994033357021937514e-01
8.367346938775510612e-02,3.393221771895329857e-05,9.994449810555876557e-01
8.367346938775510612e-02,4.291934260128778017e-05,9.994204400095720864e-01
8.367346938775510612e-02,5.428675439323859403e-05,9.993892377177781006e-01
8.367346938775510612e-02,6.866488450042998925e-05,9.995208490505533838e-01
8.367346938775510612e-02,8.685113737513520580e-05,9.994356117192861877e-01
8.367346938775510612e-02,1.098541141987558346e-04,9.993606857908683416e-01
8.367346938775510612e-02,1.389495494373137348e-04,9.994565754399162838e-01
8.367346938775510612e-02,1.757510624854793067e-04,9.994087268578930594e-01
8.367346938775510612e-02,2.222996482526195465e-04,9.993762672167876282e-01
8.367346938775510612e-02,2.811768697974231118e-04,9.993258739241146493e-01
8.367346938775510612e-02,3.556480306223128661e-04,9.993307532598657561e-01
8.367346938775510612e-02,4.498432668969443876e-04,9.992756612057065446e-01
8.367346938775510612e-02,5.689866029018298636e-04,9.992784062252892952e-01
8.367346938775510612e-02,7.196856730011521675e-04,9.991790558818602896e-01
8.367346938775510612e-02,9.102981779915217267e-04,9.991247933490643440e-01
8.367346938775510612e-02,1.151395399326448146e-03,9.989721875720085631e-01
8.367346938775510612e-02,1.456348477501244378e-03,9.988440466183284849e-01
8.367346938775510612e-02,1.842069969326716331e-03,9.986449238683402507e-01
8.367346938775510612e-02,2.329951810515372077e-03,9.984788458373100584e-01
8.367346938775510612e-02,2.947051702551809708e-03,9.982263213625703901e-01
8.367346938775510612e-02,3.727593720314941773e-03,9.978197895061540201e-01
8.367346938775510612e-02,4.714866363457394238e-03,9.975144941460064585e-01
8.367346938775510612e-02,5.963623316594642357e-03,9.969120300072772389e-01
8.367346938775510612e-02,7.543120063354623143e-03,9.961982069168642262e-01
8.367346938775510612e-02,9.540954763499944619e-03,9.950726507472126281e-01
8.367346938775510612e-02,1.206792640639328847e-02,9.942575096563398551e-01
8.367346938775510612e-02,1.526417967175233356e-02,9.929313529645499292e-01
8.367346938775510612e-02,1.930697728883249559e-02,9.909372798748017352e-01
8.367346938775510612e-02,2.442053094548649744e-02,9.889731062818889473e-01
8.367346938775510612e-02,3.088843596477484910e-02,9.855931191831340810e-01
8.367346938775510612e-02,3.906939937054620948e-02,9.830898372127526708e-01
8.367346938775510612e-02,4.941713361323837872e-02,9.783313464511151913e-01
8.367346938775510612e-02,6.250551925273975518e-02,9.727574468185333778e-01
8.367346938775510612e-02,7.906043210907701124e-02,9.646504735292805721e-01
8.367346938775510612e-02,1.000000000000000056e-01,9.583706546653907310e-01
8.775510204081635179e-02,9.999999999999999547e-07,9.994763339768936161e-01
8.775510204081635179e-02,1.264855216855295881e-06,9.994957396656427573e-01
8.775510204081635179e-02,1.599858719606057360e-06,9.994312826047306864e-01
8.775510204081635179e-02,2.023589647725155726e-06,9.994406136134628138e-01
8.775510204081635179e-02,2.559547922699533382e-06,9.994368805483854201e-01
8.775510204081635179e-02,3.237457542817646685e-06,9.994799841057548928e-01
8.775510204081635179e-02,4.094915062380427237e-06,9.995095591091290865e-01
8.775510204081635179e-02,5.179474679231212330e-06,9.994562151370176561e-01
8.775510204081635179e-02,6.551285568595509496e-06,9.994850026588764091e-01
8.775510204081635179e-02,8.286427728546842542e-06,9.994596830115054509e-01
8.775510204081635179e-02,1.048113134154685250e-05,9.994714271768602165e-01
8.775510204081635179e-02,1.325711365590110898e-05,9.994986593149173260e-01
8.775510204081635179e-02,1.676832936811009972e-05,9.994904376094682075e-01
8.775510204081635179e-02,2.120950887920192640e-05,9.994266912416769344e-01
8.775510204081635179e-02,2.682695795279727390e-05,9.994541567711653363e-01
8.775510204081635179e-02,3.393221771895329857e-05,9.993681901494332331e-01
8.775510204081635179e-02,4.291934260128778017e-05,9.994779339355397418e-01
8.775510204081635179e-02,5.428675439323859403e-05,9.993953653828350214e-01
8.775510204081635179e-02,6.866488450042998925e-05,9.995036323873458528e-01
8.775510204081635179e-02,8.685113737513520580e-05,9.994305172873723109e-01
8.775510204081635179e-02,1.098541141987558346e-04,9.994015943096227206e-01
8.775510204081635179e-02,1.389495494373137348e-04,9.994181226949331309e-01
8.775510204081635179e-02,1.757510624854793067e-04,9.993421515524222309e-01
8.775510204081635179e-02,2.222996482526195465e-04,9.993828226944895254e-01
8.775510204081635179e-02,2.811768697974231118e-04,9.993397229615958999e-01
8.775510204081635179e-02,3.556480306223128661e-04,9.993111971425102658e-01
8.775510204081635179e-02,4.498432668969443876e-04,9.993173418066139124e-01
8.775510204081635179e-02,5.689866029018298636e-04,9.992008763006710037e-01
8.775510204081635179e-02,7.196856730011521675e-04,9.991556708558705369e-01
8.775510204081635179e-02,9.102981779915217267e-04,9.990301210191185888e-01
8.775510204081635179e-02,1.151395399326448146e-03,9.989374933316068628e-01
8.775510204081635179e-02,1.456348477501244378e-03,9.987844407588523099e-01
8.775510204081635179e-02,1.842069969326716331e-03,9.986773282620119430e-01
8.775510204081635179e-02,2.329951810515372077e-03,9.984185373253372520e-01
8.775510204081635179e-02,2.947051702551809708e-03,9.982203166332976885e-01
8.775510204081635179e-02,3.727593720314941773e-03,9.977607451088879031e-01
8.775510204081635179e-02,4.714866363457394238e-03,9.973304601370329703e-01
8.775510204081635179e-02,5.963623316594642357e-03,9.968034591095910057e-01
8.775510204081635179e-02,7.543120063354623143e-03,9.959985335856109678e-01
8.775510204081635179e-02,9.540954763499944619e-03,9.951654967013284780e-01
8.775510204081635179e-02,1.206792640639328847e-02,9.940406540777189104e-01
8.775510204081635179e-02,1.526417967175233356e-02,9.927623284395901138e-01
8.775510204081635179e-02,1.930697728883249559e-02,9.912100628086168985e-01
8.775510204081635179e-02,2.442053094548649744e-02,9.888458692709420905e-01
8.775510204081635179e-02,3.088843596477484910e-02,9.860302700382532759e-01
8.775510204081635179e-02,3.906939937054620948e-02,9.829615609723085790e-01
8.775510204081635179e-02,4.941713361323837872e-02,9.778899771563532850e-01
8.775510204081635179e-02,6.250551925273975518e-02,9.724469338110638406e-01
8.775510204081635179e-02,7.906043210907701124e-02,9.666133197040719383e-01
8.775510204081635179e-02,1.000000000000000056e-01,9.569556608688312149e-01
9.183673469387756971e-02,9.999999999999999547e-07,9.994242543503909504e-01
9.183673469387756971e-02,1.264855216855295881e-06,9.994566601303975784e-01
9.183673469387756971e-02,1.599858719606057360e-06,9.994454599634789993e-01
9.183673469387756971e-02,2.023589647725155726e-06,9.994052968303244189e-01
9.183673469387756971e-02,2.559547922699533382e-06,9.994260854846165332e-01
9.183673469387756971e-02,3.237457542817646685e-06,9.994481911078401115e-01
9.183673469387756971e-02,4.094915062380427237e-06,9.994003015694180592e-01
9.183673469387756971e-02,5.179474679231212330e-06,9.993800884126941009e-01
9.183673469387756971e-02,6.551285568595509496e-06,9.994408464931768821e-01
9.183673469387756971e-02,8.286427728546842542e-06,9.993862092540862774e-01
9.183673469387756971e-02,1.048113134154685250e-05,9.994306612399853629e-01
9.183673469387756971e-02,1.325711365590110898e-05,9.994761742758293543e-01
9.183673469387756971e-02,1.676832936811009972e-05,9.994034186362330541e-01
9.183673469387756971e-02,2.120950887920192640e-05,9.994498501467142804e-01
9.183673469387756971e-02,2.682695795279727390e-05,9.993328154214285997e-01
9.183673469387756971e-02,3.393221771895329857e-05,9.994063788887750377e-01
9.183673469387756971e-02,4.291934260128778017e-05,9.993963250607716953e-01
9.183673469387756971e-02,5.428675439323859403e-05,9.993856837458726661e-01
9.183673469387756971e-02,6.866488450042998925e-05,9.992930357248599460e-01
9.183673469387756971e-02,8.685113737513520580e-05,9.994132611864300353e-01
9.183673469387756971e-02,1.098541141987558346e-04,9.994062729706892911e-01
9.183673469387756971e-02,1.389495494373137348e-04,9.993731744288159025e-01
9.183673469387756971e-02,1.757510624854793067e-04,9.993523886541055834e-01
9.183673469387756971e-02,2.222996482526195465e-04,9.993394507386347270e-01
9.183673469387756971e-02,2.811768697974231118e-04,9.992271909290603160e-01
9.183673469387756971e-02,3.556480306223128661e-04,9.991905730526249307e-01
9.183673469387756971e-02,4.498432668969443876e-04,9.991922820953809126e-01
9.183673469387756971e-02,5.689866029018298636e-04,9.992192623280157227e-01
9.183673469387756971e-02,7.196856730011521675e-04,9.990837466121150756e-01
9.183673469387756971e-02,9.102981779915217267e-04,9.990661349273266545e-01
9.183673469387756971e-02,1.151395399326448146e-03,9.989555173943284183e-01
9.183673469387756971e-02,1.456348477501244378e-03,9.988116264499923291e-01
9.183673469387756971e-02,1.842069969326716331e-03,9.986257797472849473e-01
9.183673469387756971e-02,2.329951810515372077e-03,9.984468405790226653e-01
9.183673469387756971e-02,2.947051702551809708e-03,9.981801361887592261e-01
9.183673469387756971e-02,3.727593720314941773e-03,9.977106223548325437e-01
9.183673469387756971e-02,4.714866363457394238e-03,9.973433460918262883e-01
9.183673469387756971e-02,5.963623316594642357e-03,9.967635349555665769e-01
9.183673469387756971e-02,7.543120063354623143e-03,9.962014179267374425e-01
9.183673469387756971e-02,9.540954763499944619e-03,9.951304350639604834e-01
9.183673469387756971e-02,1.206792640639328847e-02,9.940988940060542234e-01
9.183673469387756971e-02,1.526417967175233356e-02,9.927603952267850529e-01
9.183673469387756971e-02,1.930697728883249559e-02,9.910212929377917312e-01
9.183673469387756971e-02,2.442053094548649744e-02,9.890195028470573080e-01
9.183673469387756971e-02,3.088843596477484910e-02,9.860654618145544559e-01
9.183673469387756971e-02,3.906939937054620948e-02,9.834172863403753961e-01
9.183673469387756971e-02,4.941713361323837872e-02,9.774890591960309072e-01
9.183673469387756971e-02,6.250551925273975518e-02,9.719233908495802376e-01
9.183673469387756971e-02,7.906043210907701124e-02,9.658591622681196309e-01
9.183673469387756971e-02,1.000000000000000056e-01,9.577137724397150054e-01
9.591836734693878763e-02,9.999999999999999547e-07,9.993726143415480045e-01
9.591836734693878763e-02,1.264855216855295881e-06,9.993716775468466373e-01
9.591836734693878763e-02,1.599858719606057360e-06,9.993599189075778044e-01
9.591836734693878763e-02,2.023589647725155726e-06,9.994327243440040975e-01
9.591836734693878763e-02,2.559547922699533382e-06,9.993842855091886745e-01
9.591836734693878763e-02,3.237457542817646685e-06,9.993396508505512088e-01
9.591836734693878763e-02,4.094915062380427237e-06,9.993629870418142547e-01
9.591836734693878763e-02,5.179474679231212330e-06,9.993512186462902847e-01
9.591836734693878763e-02,6.551285568595509496e-06,9.993677199216274287e-01
9.591836734693878763e-02,8.286427728546842542e-06,9.993852709133898005e-01
9.591836734693878763e-02,1.048113134154685250e-05,9.993556922052284630e-01
9.591836734693878763e-02,1.325711365590110898e-05,9.993327705079123602e-01
9.591836734693878763e-02,1.676832936811009972e-05,9.993823953978552277e-01
9.591836734693878763e-02,2.120950887920192640e-05,9.993295802421040541e-01
9.591836734693878763e-02,2.682695795279727390e-05,9.994099076916519442e-01
9.591836734693878763e-02,3.393221771895329857e-05,9.993775305144190213e-01
9.591836734693878763e-02,4.291934260128778017e-05,9.993138985346843306e-01
9.591836734693878763e-02,5.428675439323859403e-05,9.994044868396678716e-01
9.591836734693878763e-02,6.866488450042998925e-05,9.993971138425000733e-01
9.591836734693878763e-02,8.685113737513520580e-05,9.993806764593241576e-01
9.591836734693878763e-02,1.098541141987558346e-04,9.993106998963551257e-01
9.591836734693878763e-02,1.389495494373137348e-04,9.992644045033389766e-01
9.591836734693878763e-02,1.757510624854793067e-04,9.993010157017903072e-01
9.591836734693878763e-02,2.222996482526195465e-04,9.993107881743246157e-01
9.591836734693878763e-02,2.811768697974231118e-04,9.992685791500348635e-01
9.591836734693878763e-02,3.556480306223128661e-04,9.992133507393303749e-01
9.591836734693878763e-02,4.498432668969443876e-04,9.991791541761682049e-01
9.591836734693878763e-02,5.689866029018298636e-04,9.991162808923500505e-01
9.591836734693878763e-02,7.196856730011521675e-04,9.990745367631400642e-01
9.591836734693878763e-02,9.102981779915217267e-04,9.990414706823096402e-01
9.591836734693878763e-02,1.151395399326448146e-03,9.988528631795055013e-01
9.591836734693878763e-02,1.456348477501244378e-03,9.987424246477765166e-01
9.591836734693878763e-02,1.842069969326716331e-03,9.985608539791204219e-01
9.591836734693878763e-02,2.329951810515372077e-03,9.984123079024029845e-01
9.591836734693878763e-02,2.947051702551809708e-03,9.980906724947350428e-01
9.591836734693878763e-02,3.727593720314941773e-03,9.978469739710207342e-01
9.591836734693878763e-02,4.714866363457394238e-03,9.973020357382950118e-01
9.591836734693878763e-02,5.963623316594642357e-03,9.967564659974457175e-01
9.591836734693878763e-02,7.543120063354623143e-03,9.961882617827627628e-01
9.591836734693878763e-02,9.540954763499944619e-03,9.950678581130290024e-01
9.591836734693878763e-02,1.206792640639328847e-02,9.942174084833637071e-01
9.591836734693878763e-02,1.526417967175233356e-02,9.927814620351910202e-01
9.591836734693878763e-02,1.930697728883249559e-02,9.907688809625153636e-01
9.591836734693878763e-02,2.442053094548649744e-02,9.888771998034896482e-01
9.591836734693878763e-02,3.088843596477484910e-02,9.860990907477923395e-01
9.591836734693878763e-02,3.906939937054620948e-02,9.812820727263988907e-01
9.591836734693878763e-02,4.941713361323837872e-02,9.770598159844692265e-01
9.591836734693878763e-02,6.250551925273975518e-02,9.740365919502594894e-01
9.591836734693878763e-02,7.906043210907701124e-02,9.663912512232797347e-01
9.591836734693878763e-02,1.000000000000000056e-01,9.574039621468767303e-01
1.000000000000000056e-01,9.999999999999999547e-07,9.993500089074095483e-01
1.000000000000000056e-01,1.264855216855295881e-06,9.993198172852233441e-01
1.000000000000000056e-01,1.599858719606057360e-06,9.993565732751870101e-01
1.000000000000000056e-01,2.023589647725155726e-06,9.993648646477478747e-01
1.000000000000000056e-01,2.559547922699533382e-06,9.993412091213279558e-01
1.000000000000000056e-01,3.237457542817646685e-06,9.993738951703204920e-01
1.000000000000000056e-01,4.094915062380427237e-06,9.993834217337080883e-01
1.000000000000000056e-01,5.179474679231212330e-06,9.993743709853154522e-01
1.000000000000000056e-01,6.551285568595509496e-06,9.992463463071245000e-01
1.000000000000000056e-01,8.286427728546842542e-06,9.992861677972594281e-01
1.000000000000000056e-01,1.048113134154685250e-05,9.994116064352369655e-01
1.000000000000000056e-01,1.325711365590110898e-05,9.993440469593900533e-01
1.000000000000000056e-01,1.676832936811009972e-05,9.993763292035940937e-01
1.000000000000000056e-01,2.120950887920192640e-05,9.993873439276906856e-01
1.000000000000000056e-01,2.682695795279727390e-05,9.994273786611717059e-01
1.000000000000000056e-01,3.393221771895329857e-05,9.993993468048367745e-01
1.000000000000000056e-01,4.291934260128778017e-05,9.993807305293621601e-01
1.000000000000000056e-01,5.428675439323859403e-05,9.993915748530521892e-01
1.000000000000000056e-01,6.866488450042998925e-05,9.993258258871976496e-01
1.000000000000000056e-01,8.685113737513520580e-05,9.993785171962022984e-01
1.000000000000000056e-01,1.098541141987558346e-04,9.993709769917070718e-01
1.000000000000000056e-01,1.389495494373137348e-04,9.992894064718147451e-01
1.000000000000000056e-01,1.757510624854793067e-04,9.992860735016587670e-01
1.000000000000000056e-01,2.222996482526195465e-04,9.992326597076949257e-01
1.000000000000000056e-01,2.811768697974231118e-04,9.992572864780329134e-01
1.000000000000000056e-01,3.556480306223128661e-04,9.992319924315676838e-01
1.000000000000000056e-01,4.498432668969443876e-04,9.992056826169783967e-01
1.000000000000000056e-01,5.689866029018298636e-04,9.989962867558657145e-01
1.000000000000000056e-01,7.196856730011521675e-04,9.990071003603518962e-01
1.000000000000000056e-01,9.102981779915217267e-04,9.989442810096907932e-01
1.000000000000000056e-01,1.151395399326448146e-03,9.988206876674613488e-01
1.000000000000000056e-01,1.456348477501244378e-03,9.987614333206263906e-01
1.000000000000000056e-01,1.842069969326716331e-03,9.984944994684460395e-01
1.000000000000000056e-01,2.329951810515372077e-03,9.983873297186544038e-01
1.000000000000000056e-01,2.947051702551809708e-03,9.981358139289039366e-01
1.000000000000000056e-01,3.727593720314941773e-03,9.976705977449364937e-01
1.000000000000000056e-01,4.714866363457394238e-03,9.972992277455995369e-01
1.000000000000000056e-01,5.963623316594642357e-03,9.968436500260895450e-01
1.000000000000000056e-01,7.543120063354623143e-03,9.960682089117345317e-01
1.000000000000000056e-01,9.540954763499944619e-03,9.953143157448621769e-01
1.000000000000000056e-01,1.206792640639328847e-02,9.940614476066790273e-01
1.000000000000000056e-01,1.526417967175233356e-02,9.927331435422388495e-01
1.000000000000000056e-01,1.930697728883249559e-02,9.907612805830536828e-01
1.000000000000000056e-01,2.442053094548649744e-02,9.887970760817111904e-01
1.000000000000000056e-01,3.088843596477484910e-02,9.863642576763109737e-01
1.000000000000000056e-01,3.906939937054620948e-02,9.831967293449396239e-01
1.000000000000000056e-01,4.941713361323837872e-02,9.792060651952020356e-01
1.000000000000000056e-01,6.250551925273975518e-02,9.722974945007721859e-01
1.000000000000000056e-01,7.906043210907701124e-02,9.656947926727116327e-01
1.000000000000000056e-01,1.000000000000000056e-01,9.572718648716467271e-01
