theta,delta,fidelity
0.000000000000000000e+00,0.000000000000000000e+00,8.631758072912669721e-01
0.000000000000000000e+00,1.308996938995747039e-01,8.631758072912669721e-01
0.000000000000000000e+00,2.617993877991494078e-01,8.631758072912669721e-01
0.000000000000000000e+00,3.926990816987241395e-01,8.631758072912669721e-01
0.000000000000000000e+00,5.235987755982988157e-01,8.631758072912669721e-01
0.000000000000000000e+00,6.544984694978734918e-01,8.631758072912669721e-01
0.000000000000000000e+00,7.853981633974482790e-01,8.631758072912669721e-01
0.000000000000000000e+00,9.162978572970229552e-01,8.631758072912669721e-01
0.000000000000000000e+00,1.047197551196597631e+00,8.631758072912669721e-01
0.000000000000000000e+00,1.178097245096172418e+00,8.631758072912669721e-01
0.000000000000000000e+00,1.308996938995746984e+00,8.631758072912669721e-01
0.000000000000000000e+00,1.439896632895321771e+00,8.631758072912669721e-01
0.000000000000000000e+00,1.570796326794896558e+00,8.631758072912669721e-01
0.000000000000000000e+00,1.701696020694471123e+00,8.631758072912669721e-01
0.000000000000000000e+00,1.832595714594045910e+00,8.631758072912669721e-01
0.000000000000000000e+00,1.963495408493620475e+00,8.631758072912669721e-01
0.000000000000000000e+00,2.094395102393195263e+00,8.631758072912669721e-01
0.000000000000000000e+00,2.225294796292769828e+00,8.631758072912669721e-01
0.000000000000000000e+00,2.356194490192344837e+00,8.631758072912669721e-01
0.000000000000000000e+00,2.487094184091919402e+00,8.631758072912669721e-01
0.000000000000000000e+00,2.617993877991493967e+00,8.631758072912669721e-01
0.000000000000000000e+00,2.748893571891068976e+00,8.631758072912669721e-01
0.000000000000000000e+00,2.879793265790643542e+00,8.631758072912669721e-01
0.000000000000000000e+00,3.010692959690218107e+00,8.631758072912669721e-01
0.000000000000000000e+00,3.141592653589793116e+00,8.631758072912669721e-01
0.000000000000000000e+00,3.272492347489367681e+00,8.631758072912669721e-01
0.000000000000000000e+00,3.403392041388942246e+00,8.631758072912669721e-01
0.000000000000000000e+00,3.534291735288516811e+00,8.631758072912669721e-01
0.000000000000000000e+00,3.665191429188091821e+00,8.631758072912669721e-01
0.000000000000000000e+00,3.796091123087666386e+00,8.631758072912669721e-01
0.000000000000000000e+00,3.926990816987240951e+00,8.631758072912669721e-01
0.000000000000000000e+00,4.057890510886815960e+00,8.631758072912669721e-01
0.000000000000000000e+00,4.188790204786390525e+00,8.631758072912669721e-01
0.000000000000000000e+00,4.319689898685965090e+00,8.631758072912669721e-01
0.000000000000000000e+00,4.450589592585539656e+00,8.631758072912669721e-01
0.000000000000000000e+00,4.581489286485114221e+00,8.631758072912669721e-01
0.000000000000000000e+00,4.712388980384689674e+00,8.631758072912669721e-01
0.000000000000000000e+00,4.843288674284264239e+00,8.631758072912669721e-01
0.000000000000000000e+00,4.974188368183838804e+00,8.631758072912669721e-01
0.000000000000000000e+00,5.105088062083413369e+00,8.631758072912669721e-01
0.000000000000000000e+00,5.235987755982987935e+00,8.631758072912669721e-01
0.000000000000000000e+00,5.366887449882562500e+00,8.631758072912669721e-01
0.000000000000000000e+00,5.497787143782137953e+00,8.631758072912669721e-01
0.000000000000000000e+00,5.628686837681712518e+00,8.631758072912669721e-01
0.000000000000000000e+00,5.759586531581287083e+00,8.631758072912669721e-01
0.000000000000000000e+00,5.890486225480861648e+00,8.631758072912669721e-01
0.000000000000000000e+00,6.021385919380436214e+00,8.631758072912669721e-01
0.000000000000000000e+00,6.152285613280010779e+00,8.631758072912669721e-01
0.000000000000000000e+00,6.283185307179586232e+00,8.631758072912669721e-01
6.544984694978735196e-02,0.000000000000000000e+00,8.712194490241894629e-01
6.544984694978735196e-02,1.308996938995747039e-01,8.711570418728264986e-01
6.544984694978735196e-02,2.617993877991494078e-01,8.709573228687124136e-01
6.544984694978735196e-02,3.926990816987241395e-01,8.706242242234457640e-01
6.544984694978735196e-02,5.235987755982988157e-01,8.701630777589598464e-01
6.544984694978735196e-02,6.544984694978734918e-01,8.695828361385636862e-01
6.544984694978735196e-02,7.853981633974482790e-01,8.688932145019079289e-01
6.544984694978735196e-02,9.162978572970229552e-01,8.681057056112325698e-01
6.544984694978735196e-02,1.047197551196597631e+00,8.672349520652886667e-01
6.544984694978735196e-02,1.178097245096172418e+00,8.662959847113804734e-01
6.544984694978735196e-02,1.308996938995746984e+00,8.653046872159941838e-01
6.544984694978735196e-02,1.439896632895321771e+00,8.642784698604478733e-01
6.544984694978735196e-02,1.570796326794896558e+00,8.632351458530865829e-01
6.544984694978735196e-02,1.701696020694471123e+00,8.621923076118328533e-01
6.544984694978735196e-02,1.832595714594045910e+00,8.611676786395860983e-01
6.544984694978735196e-02,1.963495408493620475e+00,8.601790178933869102e-01
6.544984694978735196e-02,2.094395102393195263e+00,8.592429483629782094e-01
6.544984694978735196e-02,2.225294796292769828e+00,8.583751215288613068e-01
6.544984694978735196e-02,2.356194490192344837e+00,8.575902859799164890e-01
6.544984694978735196e-02,2.487094184091919402e+00,8.569014868427350384e-01
6.544984694978735196e-02,2.617993877991493967e+00,8.563201810761452704e-01
6.544984694978735196e-02,2.748893571891068976e+00,8.558559832722817395e-01
6.544984694978735196e-02,2.879793265790643542e+00,8.555168770257206567e-01
6.544984694978735196e-02,3.010692959690218107e+00,8.553083130688445834e-01
6.544984694978735196e-02,3.141592653589793116e+00,8.552339421119413698e-01
6.544984694978735196e-02,3.272492347489367681e+00,8.552943174568194973e-01
6.544984694978735196e-02,3.403392041388942246e+00,8.554894402564633404e-01
6.544984694978735196e-02,3.534291735288516811e+00,8.558155414207360145e-01
6.544984694978735196e-02,3.665191429188091821e+00,8.562670289727623008e-01
6.544984694978735196e-02,3.796091123087666386e+00,8.568372727446380566e-01
6.544984694978735196e-02,3.926990816987240951e+00,8.575156921152393696e-01
6.544984694978735196e-02,4.057890510886815960e+00,8.582916457234298635e-01
6.544984694978735196e-02,4.188790204786390525e+00,8.591521406751595480e-01
6.544984694978735196e-02,4.319689898685965090e+00,8.600820823381218894e-01
6.544984694978735196e-02,4.450589592585539656e+00,8.610667299562030363e-01
6.544984694978735196e-02,4.581489286485114221e+00,8.620887566432670068e-01
6.544984694978735196e-02,4.712388980384689674e+00,8.631309668470730223e-01
6.544984694978735196e-02,4.843288674284264239e+00,8.641754605788817267e-01
6.544984694978735196e-02,4.974188368183838804e+00,8.652048241299810094e-01
6.544984694978735196e-02,5.105088062083413369e+00,8.662003832252097579e-01
6.544984694978735196e-02,5.235987755982987935e+00,8.671457598550572632e-01
6.544984694978735196e-02,5.366887449882562500e+00,8.680241764826556183e-01
6.544984694978735196e-02,5.497787143782137953e+00,8.688202726803750942e-01
6.544984694978735196e-02,5.628686837681712518e+00,8.695202196196827327e-01
6.544984694978735196e-02,5.759586531581287083e+00,8.701122018385561985e-01
6.544984694978735196e-02,5.890486225480861648e+00,8.705850658093110539e-01
6.544984694978735196e-02,6.021385919380436214e+00,8.709305566183299652e-01
6.544984694978735196e-02,6.152285613280010779e+00,8.711437170359216386e-01
6.544984694978735196e-02,6.283185307179586232e+00,8.712195401200337752e-01
1.308996938995747039e-01,0.000000000000000000e+00,8.793293841753064832e-01
1.308996938995747039e-01,1.308996938995747039e-01,8.792036278787700443e-01
1.308996938995747039e-01,2.617993877991494078e-01,8.788003011195945069e-01
1.308996938995747039e-01,3.926990816987241395e-01,8.781285541854215726e-01
1.308996938995747039e-01,5.235987755982988157e-01,8.771995032548772775e-01
1.308996938995747039e-01,6.544984694978734918e-01,8.760307218183847056e-01
1.308996938995747039e-01,7.853981633974482790e-01,8.746425772763738449e-01
1.308996938995747039e-01,9.162978572970229552e-01,8.730598056552517638e-01
1.308996938995747039e-01,1.047197551196597631e+00,8.713121487432744505e-01
1.308996938995747039e-01,1.178097245096172418e+00,8.694290276296451347e-01
1.308996938995747039e-01,1.308996938995746984e+00,8.674440956776900968e-01
1.308996938995747039e-01,1.439896632895321771e+00,8.653918750586399034e-01
1.308996938995747039e-01,1.570796326794896558e+00,8.633083369843377319e-01
1.308996938995747039e-01,1.701696020694471123e+00,8.612288237633308752e-01
1.308996938995747039e-01,1.832595714594045910e+00,8.591885184077328041e-01
1.308996938995747039e-01,1.963495408493620475e+00,8.572226753915839215e-01
1.308996938995747039e-01,2.094395102393195263e+00,8.553635671475904312e-01
1.308996938995747039e-01,2.225294796292769828e+00,8.536421868277834779e-01
1.308996938995747039e-01,2.356194490192344837e+00,8.520870081683642461e-01
1.308996938995747039e-01,2.487094184091919402e+00,8.507236782505012140e-01
1.308996938995747039e-01,2.617993877991493967e+00,8.495735553836326615e-01
1.308996938995747039e-01,2.748893571891068976e+00,8.486562533563342114e-01
1.308996938995747039e-01,2.879793265790643542e+00,8.479861077605761466e-01
1.308996938995747039e-01,3.010692959690218107e+00,8.475738956003271429e-01
1.308996938995747039e-01,3.141592653589793116e+00,8.474263900758177703e-01
1.308996938995747039e-01,3.272492347489367681e+00,8.475457540649961041e-01
1.308996938995747039e-01,3.403392041388942246e+00,8.479303184986201058e-01
1.308996938995747039e-01,3.534291735288516811e+00,8.485744171312491479e-01
1.308996938995747039e-01,3.665191429188091821e+00,8.494667413273142564e-01
1.308996938995747039e-01,3.796091123087666386e+00,8.505938089507977251e-01
1.308996938995747039e-01,3.926990816987240951e+00,8.519364497552162074e-01
1.308996938995747039e-01,4.057890510886815960e+00,8.534738395755032681e-01
1.308996938995747039e-01,4.188790204786390525e+00,8.551806453965443700e-01
1.308996938995747039e-01,4.319689898685965090e+00,8.570281756657963657e-01
1.308996938995747039e-01,4.450589592585539656e+00,8.589864232986281767e-01
1.308996938995747039e-01,4.581489286485114221e+00,8.610220588494819083e-01
1.308996938995747039e-01,4.712388980384689674e+00,8.631008038263994209e-01
1.308996938995747039e-01,4.843288674284264239e+00,8.651873868318821215e-01
1.308996938995747039e-01,4.974188368183838804e+00,8.672454140096859110e-01
1.308996938995747039e-01,5.105088062083413369e+00,8.692397585443403241e-01
1.308996938995747039e-01,5.235987755982987935e+00,8.711354016296096736e-01
1.308996938995747039e-01,5.366887449882562500e+00,8.728986337955955133e-01
1.308996938995747039e-01,5.497787143782137953e+00,8.744995743052929038e-01
1.308996938995747039e-01,5.628686837681712518e+00,8.759080112892705383e-01
1.308996938995747039e-01,5.759586531581287083e+00,8.770990544028127722e-01
1.308996938995747039e-01,5.890486225480861648e+00,8.780515284532994791e-01
1.308996938995747039e-01,6.021385919380436214e+00,8.787486350684827752e-01
1.308996938995747039e-01,6.152285613280010779e+00,8.791771115276826309e-01
1.308996938995747039e-01,6.283185307179586232e+00,8.793294630682423341e-01
1.963495408493620697e-01,0.000000000000000000e+00,8.874705418380517408e-01
1.963495408493620697e-01,1.308996938995747039e-01,8.872786042710053556e-01
1.963495408493620697e-01,2.617993877991494078e-01,8.866698307092452103e-01
1.963495408493620697e-01,3.926990816987241395e-01,8.856551856523199318e-01
1.963495408493620697e-01,5.235987755982988157e-01,8.842532256073962760e-01
1.963495408493620697e-01,6.544984694978734918e-01,8.824901555424272681e-01
1.963495408493620697e-01,7.853981633974482790e-01,8.803990548458253684e-01
1.963495408493620697e-01,9.162978572970229552e-01,8.780170927681142379e-01
1.963495408493620697e-01,1.047197551196597631e+00,8.753894864618314564e-01
1.963495408493620697e-01,1.178097245096172418e+00,8.725615793288219457e-01
1.963495408493620697e-01,1.308996938995746984e+00,8.695850589529418029e-01
1.963495408493620697e-01,1.439896632895321771e+00,8.665114834011753420e-01
1.963495408493620697e-01,1.570796326794896558e+00,8.633953383375204682e-01
1.963495408493620697e-01,1.701696020694471123e+00,8.602896874522227844e-01
1.963495408493620697e-01,1.832595714594045910e+00,8.572472907928968544e-01
1.963495408493620697e-01,1.963495408493620475e+00,8.543192046937807538e-01
1.963495408493620697e-01,2.094395102393195263e+00,8.515539036686234908e-01
1.963495408493620697e-01,2.225294796292769828e+00,8.489964834680648886e-01
1.963495408493620697e-01,2.356194490192344837e+00,8.466887684470428832e-01
1.963495408493620697e-01,2.487094184091919402e+00,8.446668688869997110e-01
1.963495408493620697e-01,2.617993877991493967e+00,8.429636550886721036e-01
1.963495408493620697e-01,2.748893571891068976e+00,8.416056708576069578e-01
1.963495408493620697e-01,2.879793265790643542e+00,8.406139156088634490e-01
1.963495408493620697e-01,3.010692959690218107e+00,8.400039892881766557e-01
1.963495408493620697e-01,3.141592653589793116e+00,8.397851846890715954e-01
1.963495408493620697e-01,3.272492347489367681e+00,8.399612160358626012e-01
1.963495408493620697e-01,3.403392041388942246e+00,8.405292496819204429e-01
1.963495408493620697e-01,3.534291735288516811e+00,8.414810246385598935e-01
1.963495408493620697e-01,3.665191429188091821e+00,8.428009492179915352e-01
1.963495408493620697e-01,3.796091123087666386e+00,8.444702293982041530e-01
1.963495408493620697e-01,3.926990816987240951e+00,8.464607625297698723e-01
1.963495408493620697e-01,4.057890510886815960e+00,8.487420886667574882e-01
1.963495408493620697e-01,4.188790204786390525e+00,8.512777693220023867e-01
1.963495408493620697e-01,4.319689898685965090e+00,8.540264579575685966e-01
1.963495408493620697e-01,4.450589592585539656e+00,8.569431770695998818e-01
1.963495408493620697e-01,4.581489286485114221e+00,8.599798277431870419e-01
1.963495408493620697e-01,4.712388980384689674e+00,8.630850143258550489e-01
1.963495408493620697e-01,4.843288674284264239e+00,8.662062429530823504e-01
1.963495408493620697e-01,4.974188368183838804e+00,8.692894015662631091e-01
1.963495408493620697e-01,5.105088062083413369e+00,8.722807701560757465e-01
1.963495408493620697e-01,5.235987755982987935e+00,8.751278359213284785e-01
1.963495408493620697e-01,5.366887449882562500e+00,8.777790438816500673e-01
1.963495408493620697e-01,5.497787143782137953e+00,8.801879111229659047e-01
1.963495408493620697e-01,5.628686837681712518e+00,8.823094376960461949e-01
1.963495408493620697e-01,5.759586531581287083e+00,8.841053805752171479e-01
1.963495408493620697e-01,5.890486225480861648e+00,8.855426131026795655e-01
1.963495408493620697e-01,6.021385919380436214e+00,8.865940411574552149e-01
1.963495408493620697e-01,6.152285613280010779e+00,8.872408980763509811e-01
1.963495408493620697e-01,6.283185307179586232e+00,8.874709950894090760e-01
2.617993877991494078e-01,0.000000000000000000e+00,8.956047259973074492e-01
2.617993877991494078e-01,1.308996938995747039e-01,8.953474338061646609e-01
2.617993877991494078e-01,2.617993877991494078e-01,8.945307494940256676e-01
2.617993877991494078e-01,3.926990816987241395e-01,8.931706588873691288e-01
2.617993877991494078e-01,5.235987755982988157e-01,8.912928930577596054e-01
2.617993877991494078e-01,6.544984694978734918e-01,8.889331096639038199e-01
2.617993877991494078e-01,7.853981633974482790e-01,8.861369052764384024e-01
2.617993877991494078e-01,9.162978572970229552e-01,8.829556029223730729e-01
2.617993877991494078e-01,1.047197551196597631e+00,8.794486496921674057e-01
2.617993877991494078e-01,1.178097245096172418e+00,8.756797189329099673e-01
2.617993877991494078e-01,1.308996938995746984e+00,8.717179688714713492e-01
2.617993877991494078e-01,1.439896632895321771e+00,8.676327542758138778e-01
2.617993877991494078e-01,1.570796326794896558e+00,8.634958761484873291e-01
2.617993877991494078e-01,1.701696020694471123e+00,8.593788869190596147e-01
2.617993877991494078e-01,1.832595714594045910e+00,8.553512590910881119e-01
2.617993877991494078e-01,1.963495408493620475e+00,8.514802350480745741e-01
2.617993877991494078e-01,2.094395102393195263e+00,8.478290575793892003e-01
2.617993877991494078e-01,2.225294796292769828e+00,8.444567991966986931e-01
2.617993877991494078e-01,2.356194490192344837e+00,8.414170149257547138e-01
2.617993877991494078e-01,2.487094184091919402e+00,8.387562792975733483e-01
2.617993877991494078e-01,2.617993877991493967e+00,8.365164774341901088e-01
2.617993877991494078e-01,2.748893571891068976e+00,8.347319364086418503e-01
2.617993877991494078e-01,2.879793265790643542e+00,8.334289795325429129e-01
2.617993877991494078e-01,3.010692959690218107e+00,8.326280272035279095e-01
2.617993877991494078e-01,3.141592653589793116e+00,8.323402339839388597e-01
2.617993877991494078e-01,3.272492347489367681e+00,8.325704743385851092e-01
2.617993877991494078e-01,3.403392041388942246e+00,8.333154174572926509e-01
2.617993877991494078e-01,3.534291735288516811e+00,8.345638889292414930e-01
2.617993877991494078e-01,3.665191429188091821e+00,8.362981417672843421e-01
2.617993877991494078e-01,3.796091123087666386e+00,8.384913911003484266e-01
2.617993877991494078e-01,3.926990816987240951e+00,8.411109860780981995e-01
2.617993877991494078e-01,4.057890510886815960e+00,8.441158006947413472e-01
2.617993877991494078e-01,4.188790204786390525e+00,8.474593317186477348e-01
2.617993877991494078e-01,4.319689898685965090e+00,8.510895484811343836e-01
2.617993877991494078e-01,4.450589592585539656e+00,8.549461935256575940e-01
2.617993877991494078e-01,4.581489286485114221e+00,8.589666943706926183e-01
2.617993877991494078e-01,4.712388980384689674e+00,8.630841782366096560e-01
2.617993877991494078e-01,4.843288674284264239e+00,8.672283089319527960e-01
2.617993877991494078e-01,4.974188368183838804e+00,8.713276955503814758e-01
2.617993877991494078e-01,5.105088062083413369e+00,8.753102825365064454e-01
2.617993877991494078e-01,5.235987755982987935e+00,8.791049473829219973e-01
2.617993877991494078e-01,5.366887449882562500e+00,8.826431699355496985e-01
2.617993877991494078e-01,5.497787143782137953e+00,8.858605724041751506e-01
2.617993877991494078e-01,5.628686837681712518e+00,8.886970399722935454e-01
2.617993877991494078e-01,5.759586531581287083e+00,8.910994706430691581e-01
2.617993877991494078e-01,5.890486225480861648e+00,8.930230660906800511e-01
2.617993877991494078e-01,6.021385919380436214e+00,8.944315129879595316e-01
2.617993877991494078e-01,6.152285613280010779e+00,8.952973841226222751e-01
2.617993877991494078e-01,6.283185307179586232e+00,8.956047525731047898e-01
3.272492347489367459e-01,0.000000000000000000e+00,9.036935464028456044e-01
3.272492347489367459e-01,1.308996938995747039e-01,9.033699919904537579e-01
3.272492347489367459e-01,2.617993877991494078e-01,9.023452902335419301e-01
3.272492347489367459e-01,3.926990816987241395e-01,9.006388411366649249e-01
3.272492347489367459e-01,5.235987755982988157e-01,8.982849470122673541e-01
3.272492347489367459e-01,6.544984694978734918e-01,8.953300060003046568e-01
3.272492347489367459e-01,7.853981633974482790e-01,8.918298555866560617e-01
3.272492347489367459e-01,9.162978572970229552e-01,8.878523165211773538e-01
3.272492347489367459e-01,1.047197551196597631e+00,8.834721594648602405e-01
3.272492347489367459e-01,1.178097245096172418e+00,8.787707253011237674e-01
3.272492347489367459e-01,1.308996938995746984e+00,8.738338133060520319e-01
3.272492347489367459e-01,1.439896632895321771e+00,8.687504006322294137e-01
3.272492347489367459e-01,1.570796326794896558e+00,8.636093876085446652e-01
3.272492347489367459e-01,1.701696020694471123e+00,8.585001832738435867e-01
3.272492347489367459e-01,1.832595714594045910e+00,8.535084649109577759e-01
3.272492347489367459e-01,1.963495408493620475e+00,8.487175967525357745e-01
3.272492347489367459e-01,2.094395102393195263e+00,8.442041097641479475e-01
3.272492347489367459e-01,2.225294796292769828e+00,8.400406475247772509e-01
3.272492347489367459e-01,2.356194490192344837e+00,8.362916013112937641e-01
3.272492347489367459e-01,2.487094184091919402e+00,8.330137812721722934e-01
3.272492347489367459e-01,2.617993877991493967e+00,8.302564233115297121e-01
3.272492347489367459e-01,2.748893571891068976e+00,8.280609005097309128e-01
3.272492347489367459e-01,2.879793265790643542e+00,8.264588182795313820e-01
3.272492347489367459e-01,3.010692959690218107e+00,8.254729986311893919e-01
3.272492347489367459e-01,3.141592653589793116e+00,8.251183904079544273e-01
3.272492347489367459e-01,3.272492347489367681e+00,8.254004536599589548e-01
3.272492347489367459e-01,3.403392041388942246e+00,8.263149746638290827e-01
3.272492347489367459e-01,3.534291735288516811e+00,8.278489097176503497e-01
3.272492347489367459e-01,3.665191429188091821e+00,8.299813864651194306e-01
3.272492347489367459e-01,3.796091123087666386e+00,8.326807684898736017e-01
3.272492347489367459e-01,3.926990816987240951e+00,8.359073485125554370e-01
3.272492347489367459e-01,4.057890510886815960e+00,8.396129338859956714e-01
3.272492347489367459e-01,4.188790204786390525e+00,8.437418879512933456e-01
3.272492347489367459e-01,4.319689898685965090e+00,8.482290894479662668e-01
3.272492347489367459e-01,4.450589592585539656e+00,8.530031795614114731e-01
3.272492347489367459e-01,4.581489286485114221e+00,8.579872017058816080e-01
3.272492347489367459e-01,4.712388980384689674e+00,8.630978742731619802e-01
3.272492347489367459e-01,4.843288674284264239e+00,8.682490926656405428e-01
3.272492347489367459e-01,4.974188368183838804e+00,8.733513524057449073e-01
3.272492347489367459e-01,5.105088062083413369e+00,8.783144162812691613e-01
3.272492347489367459e-01,5.235987755982987935e+00,8.830488786355930042e-01
3.272492347489367459e-01,5.366887449882562500e+00,8.874685960165065168e-01
3.272492347489367459e-01,5.497787143782137953e+00,8.914908947258977090e-01
3.272492347489367459e-01,5.628686837681712518e+00,8.950404127160909162e-01
3.272492347489367459e-01,5.759586531581287083e+00,8.980487982907897626e-01
3.272492347489367459e-01,5.890486225480861648e+00,9.004593159983759199e-01
3.272492347489367459e-01,6.021385919380436214e+00,9.022239888496053073e-01
3.272492347489367459e-01,6.152285613280010779e+00,9.033093135665402063e-01
3.272492347489367459e-01,6.283185307179586232e+00,9.036935913940533638e-01
3.926990816987241395e-01,0.000000000000000000e+00,9.116982740593667645e-01
3.926990816987241395e-01,1.308996938995747039e-01,9.113084549489558484e-01
3.926990816987241395e-01,2.617993877991494078e-01,9.100752923234501912e-01
3.926990816987241395e-01,3.926990816987241395e-01,9.080244208334620204e-01
3.926990816987241395e-01,5.235987755982988157e-01,9.051973776434948382e-01
3.926990816987241395e-01,6.544984694978734918e-01,9.016490869482055581e-01
3.926990816987241395e-01,7.853981633974482790e-01,8.974514231056767155e-01
3.926990816987241395e-01,9.162978572970229552e-01,8.926851218042273217e-01
3.926990816987241395e-01,1.047197551196597631e+00,8.874413380354723158e-01
3.926990816987241395e-01,1.178097245096172418e+00,8.818195160443413894e-01
3.926990816987241395e-01,1.308996938995746984e+00,8.759232314071346837e-01
3.926990816987241395e-01,1.439896632895321771e+00,8.698594031011325223e-01
3.926990816987241395e-01,1.570796326794896558e+00,8.637353354346681833e-01
3.926990816987241395e-01,1.701696020694471123e+00,8.576565690291049204e-01
3.926990816987241395e-01,1.832595714594045910e+00,8.517267003016050220e-01
3.926990816987241395e-01,1.963495408493620475e+00,8.460416779834836198e-01
3.926990816987241395e-01,2.094395102393195263e+00,8.406935571011494579e-01
3.926990816987241395e-01,2.225294796292769828e+00,8.357654110165364525e-01
3.926990816987241395e-01,2.356194490192344837e+00,8.313326449255444839e-01
3.926990816987241395e-01,2.487094184091919402e+00,8.274608800575103951e-01
3.926990816987241395e-01,2.617993877991493967e+00,8.242067809222184405e-01
3.926990816987241395e-01,2.748893571891068976e+00,8.216168267857920648e-01
3.926990816987241395e-01,2.879793265790643542e+00,8.197271844436688770e-01
3.926990816987241395e-01,3.010692959690218107e+00,8.185655529532298580e-01
3.926990816987241395e-01,3.141592653589793116e+00,8.181469263741351083e-01
3.926990816987241395e-01,3.272492347489367681e+00,8.184775053578656756e-01
3.926990816987241395e-01,3.403392041388942246e+00,8.195542704027454217e-01
3.926990816987241395e-01,3.534291735288516811e+00,8.213608768445567199e-01
3.926990816987241395e-01,3.665191429188091821e+00,8.238742734144760549e-01
3.926990816987241395e-01,3.796091123087666386e+00,8.270595307146767494e-01
3.926990816987241395e-01,3.926990816987240951e+00,8.308697411845247238e-01
3.926990816987241395e-01,4.057890510886815960e+00,8.352515514707756772e-01
3.926990816987241395e-01,4.188790204786390525e+00,8.401385943666737077e-01
3.926990816987241395e-01,4.319689898685965090e+00,8.454564792560452791e-01
3.926990816987241395e-01,4.450589592585539656e+00,8.511223638763143473e-01
3.926990816987241395e-01,4.581489286485114221e+00,8.570450548186187012e-01
3.926990816987241395e-01,4.712388980384689674e+00,8.631266043928443876e-01
3.926990816987241395e-01,4.843288674284264239e+00,8.692643047312523796e-01
3.926990816987241395e-01,4.974188368183838804e+00,8.753516655011734926e-01
3.926990816987241395e-01,5.105088062083413369e+00,8.812799697019910727e-01
3.926990816987241395e-01,5.235987755982987935e+00,8.869421083778922243e-01
3.926990816987241395e-01,5.366887449882562500e+00,8.922330468704163797e-01
3.926990816987241395e-01,5.497787143782137953e+00,8.970531076114782731e-01
3.926990816987241395e-01,5.628686837681712518e+00,9.013096811159879707e-01
3.926990816987241395e-01,5.759586531581287083e+00,9.049202634585810090e-01
3.926990816987241395e-01,5.890486225480861648e+00,9.078140346282606021e-01
3.926990816987241395e-01,6.021385919380436214e+00,9.099337866349346271e-01
3.926990816987241395e-01,6.152285613280010779e+00,9.112372344806074498e-01
3.926990816987241395e-01,6.283185307179586232e+00,9.116984108641480455e-01
4.581489286485114776e-01,0.000000000000000000e+00,9.195787292276389469e-01
4.581489286485114776e-01,1.308996938995747039e-01,9.191228008374567882e-01
4.581489286485114776e-01,2.617993877991494078e-01,9.176836739020545197e-01
4.581489286485114776e-01,3.926990816987241395e-01,9.152909781557865276e-01
4.581489286485114776e-01,5.235987755982988157e-01,9.119947333897794328e-01
4.581489286485114776e-01,6.544984694978734918e-01,9.078613803653275971e-01
4.581489286485114776e-01,7.853981633974482790e-01,9.029746025350965377e-01
4.581489286485114776e-01,9.162978572970229552e-01,8.974308770421914883e-01
4.581489286485114776e-01,1.047197551196597631e+00,8.913380157834496220e-01
4.581489286485114776e-01,1.178097245096172418e+00,8.848128867242945894e-01
4.581489286485114776e-01,1.308996938995746984e+00,8.779783131314109479e-01
4.581489286485114776e-01,1.439896632895321771e+00,8.709556483417075778e-01
4.581489286485114776e-01,1.570796326794896558e+00,8.638729702707903524e-01
4.581489286485114776e-01,1.701696020694471123e+00,8.568528083725852618e-01
4.581489286485114776e-01,1.832595714594045910e+00,8.500123420366825222e-01
4.581489286485114776e-01,1.963495408493620475e+00,8.434635507185085368e-01
4.581489286485114776e-01,2.094395102393195263e+00,8.373102383826525053e-01
4.581489286485114776e-01,2.225294796292769828e+00,8.316471304793267016e-01
4.581489286485114776e-01,2.356194490192344837e+00,8.265584283384775910e-01
4.581489286485114776e-01,2.487094184091919402e+00,8.221180908144569699e-01
4.581489286485114776e-01,2.617993877991493967e+00,8.183887715729322165e-01
4.581489286485114776e-01,2.748893571891068976e+00,8.154224032298196256e-01
4.581489286485114776e-01,2.879793265790643542e+00,8.132594426141955823e-01
4.581489286485114776e-01,3.010692959690218107e+00,8.119293998557048919e-01
4.581489286485114776e-01,3.141592653589793116e+00,8.114488064641017795e-01
4.581489286485114776e-01,3.272492347489367681e+00,8.118262981396111577e-01
4.581489286485114776e-01,3.403392041388942246e+00,8.130558085787735756e-01
4.581489286485114776e-01,3.534291735288516811e+00,8.151229532527506372e-01
4.581489286485114776e-01,3.665191429188091821e+00,8.179999904389881893e-01
4.581489286485114776e-01,3.796091123087666386e+00,8.216486365851858320e-01
4.581489286485114776e-01,3.926990816987240951e+00,8.260181347016963826e-01
4.581489286485114776e-01,4.057890510886815960e+00,8.310474521436707063e-01
4.581489286485114776e-01,4.188790204786390525e+00,8.366640714359174780e-01
4.581489286485114776e-01,4.319689898685965090e+00,8.427831019234651722e-01
4.581489286485114776e-01,4.450589592585539656e+00,8.493113034336576828e-01
4.581489286485114776e-01,4.581489286485114221e+00,8.561443668605880353e-01
4.581489286485114776e-01,4.712388980384689674e+00,8.631697004769539605e-01
4.581489286485114776e-01,4.843288674284264239e+00,8.702691188093404362e-01
4.581489286485114776e-01,4.974188368183838804e+00,8.773190367785869137e-01
4.581489286485114776e-01,5.105088062083413369e+00,8.841930910920516862e-01
4.581489286485114776e-01,5.235987755982987935e+00,8.907658441133650129e-01
4.581489286485114776e-01,5.366887449882562500e+00,8.969143830630803560e-01
4.581489286485114776e-01,5.497787143782137953e+00,9.025202078935672390e-01
4.581489286485114776e-01,5.628686837681712518e+00,9.074748839040357451e-01
4.581489286485114776e-01,5.759586531581287083e+00,9.116802169010782553e-01
4.581489286485114776e-01,5.890486225480861648e+00,9.150523943215738143e-01
4.581489286485114776e-01,6.021385919380436214e+00,9.175230824681416264e-01
4.581489286485114776e-01,6.152285613280010779e+00,9.190420361868703036e-01
4.581489286485114776e-01,6.283185307179586232e+00,9.195788511773749230e-01
5.235987755982988157e-01,0.000000000000000000e+00,9.272952770719350424e-01
5.235987755982988157e-01,1.308996938995747039e-01,9.267739805249788354e-01
5.235987755982988157e-01,2.617993877991494078e-01,9.251313638145964857e-01
5.235987755982988157e-01,3.926990816987241395e-01,9.224022907884104061e-01
5.235987755982988157e-01,5.235987755982988157e-01,9.186449828012737129e-01
5.235987755982988157e-01,6.544984694978734918e-01,9.139362963851804800e-01
5.235987755982988157e-01,7.853981633974482790e-01,9.083730912049107209e-01
5.235987755982988157e-01,9.162978572970229552e-01,9.020676276301327068e-01
5.235987755982988157e-01,1.047197551196597631e+00,8.951442306031262008e-01
5.235987755982988157e-01,1.178097245096172418e+00,8.877369972570637868e-01
5.235987755982988157e-01,1.308996938995746984e+00,8.799853746010399824e-01
5.235987755982988157e-01,1.439896632895321771e+00,8.720336768871135291e-01
5.235987755982988157e-01,1.570796326794896558e+00,8.640225067952915783e-01
5.235987755982988157e-01,1.701696020694471123e+00,8.560915437334719602e-01
5.235987755982988157e-01,1.832595714594045910e+00,8.483731937346798979e-01
5.235987755982988157e-01,1.963495408493620475e+00,8.409934358733640591e-01
5.235987755982988157e-01,2.094395102393195263e+00,8.340674627394645269e-01
5.235987755982988157e-01,2.225294796292769828e+00,8.277005806267964116e-01
5.235987755982988157e-01,2.356194490192344837e+00,8.219855233820311247e-01
5.235987755982988157e-01,2.487094184091919402e+00,8.170030106047121432e-01
5.235987755982988157e-01,2.617993877991493967e+00,8.128222041200617864e-01
5.235987755982988157e-01,2.748893571891068976e+00,8.094986887822644972e-01
5.235987755982988157e-01,2.879793265790643542e+00,8.070756394088844932e-01
5.235987755982988157e-01,3.010692959690218107e+00,8.055856827750446092e-01
5.235987755982988157e-01,3.141592653589793116e+00,8.050471749565645263e-01
5.235987755982988157e-01,3.272492347489367681e+00,8.054675688722336968e-01
5.235987755982988157e-01,3.403392041388942246e+00,8.068423017973888056e-01
5.235987755982988157e-01,3.534291735288516811e+00,8.091555880794694122e-01
5.235987755982988157e-01,3.665191429188091821e+00,8.123770823362265192e-01
5.235987755982988157e-01,3.796091123087666386e+00,8.164661247920322884e-01
5.235987755982988157e-01,3.926990816987240951e+00,8.213681636677454545e-01
5.235987755982988157e-01,4.057890510886815960e+00,8.270165721556718141e-01
5.235987755982988157e-01,4.188790204786390525e+00,8.333312492344309153e-01
5.235987755982988157e-01,4.319689898685965090e+00,8.402195802934089297e-01
5.235987755982988157e-01,4.450589592585539656e+00,8.475778653709123978e-01
5.235987755982988157e-01,4.581489286485114221e+00,8.552888228861497133e-01
5.235987755982988157e-01,4.712388980384689674e+00,8.632271751580585795e-01
5.235987755982988157e-01,4.843288674284264239e+00,8.712593679053608486e-01
5.235987755982988157e-01,4.974188368183838804e+00,8.792451743449173351e-01
5.235987755982988157e-01,5.105088062083413369e+00,8.870409590173414793e-01
5.235987755982988157e-01,5.235987755982987935e+00,8.945028413962143876e-01
5.235987755982988157e-01,5.366887449882562500e+00,9.014895148860195828e-01
5.235987755982988157e-01,5.497787143782137953e+00,9.078654782570274584e-01
5.235987755982988157e-01,5.628686837681712518e+00,9.135049257261940170e-01
5.235987755982988157e-01,5.759586531581287083e+00,9.182944499862312204e-01
5.235987755982988157e-01,5.890486225480861648e+00,9.221368036374432142e-01
5.235987755982988157e-01,6.021385919380436214e+00,9.249547948430658639e-01
5.235987755982988157e-01,6.152285613280010779e+00,9.266842608394628700e-01
5.235987755982988157e-01,6.283185307179586232e+00,9.272953564910271229e-01
5.890486225480862092e-01,0.000000000000000000e+00,9.348078377495283586e-01
5.890486225480862092e-01,1.308996938995747039e-01,9.342223142250059009e-01
5.890486225480862092e-01,2.617993877991494078e-01,9.323802183702464275e-01
5.890486225480862092e-01,3.926990816987241395e-01,9.293222202376931751e-01
5.890486225480862092e-01,5.235987755982988157e-01,9.251135318835466137e-01
5.890486225480862092e-01,6.544984694978734918e-01,9.198429888984598346e-01
5.890486225480862092e-01,7.853981633974482790e-01,9.136202350592800281e-01
5.890486225480862092e-01,9.162978572970229552e-01,9.065727237320124754e-01
5.890486225480862092e-01,1.047197551196597631e+00,8.988417442486750231e-01
5.890486225480862092e-01,1.178097245096172418e+00,8.905785492039680618e-01
5.890486225480862092e-01,1.308996938995746984e+00,8.819408189660669084e-01
5.890486225480862092e-01,1.439896632895321771e+00,8.730893878087797599e-01
5.890486225480862092e-01,1.570796326794896558e+00,8.641827058614508505e-01
5.890486225480862092e-01,1.701696020694471123e+00,8.553755842371997264e-01
5.890486225480862092e-01,1.832595714594045910e+00,8.468152323334561249e-01
5.890486225480862092e-01,1.963495408493620475e+00,8.386401169722517146e-01
5.890486225480862092e-01,2.094395102393195263e+00,8.309770179343847207e-01
5.890486225480862092e-01,2.225294796292769828e+00,8.239405865185914779e-01
5.890486225480862092e-01,2.356194490192344837e+00,8.176301825363415654e-01
5.890486225480862092e-01,2.487094184091919402e+00,8.121341486322926073e-01
5.890486225480862092e-01,2.617993877991493967e+00,8.075257400550106546e-01
5.890486225480862092e-01,2.748893571891068976e+00,8.038642495558350198e-01
5.890486225480862092e-01,2.879793265790643542e+00,8.011963510652025944e-01
5.890486225480862092e-01,3.010692959690218107e+00,7.995551562709796167e-01
5.890486225480862092e-01,3.141592653589793116e+00,7.989612141399078382e-01
5.890486225480862092e-01,3.272492347489367681e+00,7.994223291169074708e-01
5.890486225480862092e-01,3.403392041388942246e+00,8.009336662282671160e-01
5.890486225480862092e-01,3.534291735288516811e+00,8.034778308409430414e-01
5.890486225480862092e-01,3.665191429188091821e+00,8.070251040432570022e-01
5.890486225480862092e-01,3.796091123087666386e+00,8.115305756324957542e-01
5.890486225480862092e-01,3.926990816987240951e+00,8.169372548651386845e-01
5.890486225480862092e-01,4.057890510886815960e+00,8.231738027394287505e-01
5.890486225480862092e-01,4.188790204786390525e+00,8.301524850126490440e-01
5.890486225480862092e-01,4.319689898685965090e+00,8.377754152406724497e-01
5.890486225480862092e-01,4.450589592585539656e+00,8.459276743324288805e-01
5.890486225480862092e-01,4.581489286485114221e+00,8.544817619842568490e-01
5.890486225480862092e-01,4.712388980384689674e+00,8.632988540819791501e-01
5.890486225480862092e-01,4.843288674284264239e+00,8.722307699245960277e-01
5.890486225480862092e-01,4.974188368183838804e+00,8.811212436466318021e-01
5.890486225480862092e-01,5.105088062083413369e+00,8.898099207763230378e-01
5.890486225480862092e-01,5.235987755982987935e+00,8.981349930921636027e-01
5.890486225480862092e-01,5.366887449882562500e+00,9.059369347524387495e-01
5.890486225480862092e-01,5.497787143782137953e+00,9.130629864408573715e-01
5.890486225480862092e-01,5.628686837681712518e+00,9.193703793737038055e-01
5.890486225480862092e-01,5.759586531581287083e+00,9.247301860245144001e-01
5.890486225480862092e-01,5.890486225480861648e+00,9.290319005949385645e-01
5.890486225480862092e-01,6.021385919380436214e+00,9.321850468580287208e-01
5.890486225480862092e-01,6.152285613280010779e+00,9.341241252614963519e-01
5.890486225480862092e-01,6.283185307179586232e+00,9.348077199032424067e-01
6.544984694978734918e-01,0.000000000000000000e+00,9.420764782218516986e-01
6.544984694978734918e-01,1.308996938995747039e-01,9.414279751589722522e-01
6.544984694978734918e-01,2.617993877991494078e-01,9.393923223333833228e-01
6.544984694978734918e-01,3.926990816987241395e-01,9.360142667729278720e-01
6.544984694978734918e-01,5.235987755982988157e-01,9.313674502092322838e-01
6.544984694978734918e-01,6.544984694978734918e-01,9.255517299397065800e-01
6.544984694978734918e-01,7.853981633974482790e-01,9.186898408654183834e-01
6.544984694978734918e-01,9.162978572970229552e-01,9.109244622222238963e-01
6.544984694978734918e-01,1.047197551196597631e+00,9.024129448599548242e-01
6.544984694978734918e-01,1.178097245096172418e+00,8.933235711729150541e-01
6.544984694978734918e-01,1.308996938995746984e+00,8.838336209311672409e-01
6.544984694978734918e-01,1.439896632895321771e+00,8.741152126660424182e-01
6.544984694978734918e-01,1.570796326794896558e+00,8.643526722975968246e-01
6.544984694978734918e-01,1.701696020694471123e+00,8.547077913238885216e-01
6.544984694978734918e-01,1.832595714594045910e+00,8.453444786427121160e-01
6.544984694978734918e-01,1.963495408493620475e+00,8.364127890334631665e-01
6.544984694978734918e-01,2.094395102393195263e+00,8.280499819752883406e-01
6.544984694978734918e-01,2.225294796292769828e+00,8.203783853968159567e-01
6.544984694978734918e-01,2.356194490192344837e+00,8.135065622592524415e-01
6.544984694978734918e-01,2.487094184091919402e+00,8.075262817328906495e-01
6.544984694978734918e-01,2.617993877991493967e+00,8.025156049919122125e-01
6.544984694978734918e-01,2.748893571891068976e+00,7.985368050137947593e-01
6.544984694978734918e-01,2.879793265790643542e+00,7.956387205014220365e-01
6.544984694978734918e-01,3.010692959690218107e+00,7.938559090621933878e-01
6.544984694978734918e-01,3.141592653589793116e+00,7.932098504619057300e-01
6.544984694978734918e-01,3.272492347489367681e+00,7.937084592521723714e-01
6.544984694978734918e-01,3.403392041388942246e+00,7.953471635838834652e-01
6.544984694978734918e-01,3.534291735288516811e+00,7.981089314565591453e-01
6.544984694978734918e-01,3.665191429188091821e+00,8.019609381700696371e-01
6.544984694978734918e-01,3.796091123087666386e+00,8.068581745489500356e-01
6.544984694978734918e-01,3.926990816987240951e+00,8.127404611341461083e-01
6.544984694978734918e-01,4.057890510886815960e+00,8.195318989357338602e-01
6.544984694978734918e-01,4.188790204786390525e+00,8.271410458185682879e-01
6.544984694978734918e-01,4.319689898685965090e+00,8.354609272995937586e-01
6.544984694978734918e-01,4.450589592585539656e+00,8.443684578600486601e-01
6.544984694978734918e-01,4.581489286485114221e+00,8.537266707257017417e-01
6.544984694978734918e-01,4.712388980384689674e+00,8.633842133403600849e-01
6.544984694978734918e-01,4.843288674284264239e+00,8.731785376386094200e-01
6.544984694978734918e-01,4.974188368183838804e+00,8.829385126411719575e-01
6.544984694978734918e-01,5.105088062083413369e+00,8.924869587321542230e-01
6.544984694978734918e-01,5.235987755982987935e+00,9.016444859405279288e-01
6.544984694978734918e-01,5.366887449882562500e+00,9.102346186889033186e-01
6.544984694978734918e-01,5.497787143782137953e+00,9.180864399868829961e-01
6.544984694978734918e-01,5.628686837681712518e+00,9.250406133466255731e-01
6.544984694978734918e-01,5.759586531581287083e+00,9.309536326306701026e-01
6.544984694978734918e-01,5.890486225480861648e+00,9.357009861166507569e-01
6.544984694978734918e-01,6.021385919380436214e+00,9.391821410221311561e-01
6.544984694978734918e-01,6.152285613280010779e+00,9.413224646003659490e-01
6.544984694978734918e-01,6.283185307179586232e+00,9.420763518584970297e-01
7.199483164476608854e-01,0.000000000000000000e+00,9.490620315676272511e-01
7.199483164476608854e-01,1.308996938995747039e-01,9.483528509675095419e-01
7.199483164476608854e-01,2.617993877991494078e-01,9.461299755509796627e-01
7.199483164476608854e-01,3.926990816987241395e-01,9.424430805099535124e-01
7.199483164476608854e-01,5.235987755982988157e-01,9.373742666353429565e-01
7.199483164476608854e-01,6.544984694978734918e-01,9.310328335736609562e-01
7.199483164476608854e-01,7.853981633974482790e-01,9.235561921260064810e-01
7.199483164476608854e-01,9.162978572970229552e-01,9.151011214973582275e-01
7.199483164476608854e-01,1.047197551196597631e+00,9.058408443615375560e-01
7.199483164476608854e-01,1.178097245096172418e+00,8.959613074408628863e-01
7.199483164476608854e-01,1.308996938995746984e+00,8.856546185704888829e-01
7.199483164476608854e-01,1.439896632895321771e+00,8.751146685082912269e-01
7.199483164476608854e-01,1.570796326794896558e+00,8.645322581380737725e-01
7.199483164476608854e-01,1.701696020694471123e+00,8.540914575181434154e-01
7.199483164476608854e-01,1.832595714594045910e+00,8.439668398893279688e-01
7.199483164476608854e-01,1.963495408493620475e+00,8.343194833547659117e-01
7.199483164476608854e-01,2.094395102393195263e+00,8.252967411941155573e-01
7.199483164476608854e-01,2.225294796292769828e+00,8.170283250541816589e-01
7.199483164476608854e-01,2.356194490192344837e+00,8.096286057346572251e-01
7.199483164476608854e-01,2.487094184091919402e+00,8.031945389058781082e-01
7.199483164476608854e-01,2.617993877991493967e+00,7.978078363988617694e-01
7.199483164476608854e-01,2.748893571891068976e+00,7.935322397945676620e-01
7.199483164476608854e-01,2.879793265790643542e+00,7.904192123607959308e-01
7.199483164476608854e-01,3.010692959690218107e+00,7.885037434205046658e-01
7.199483164476608854e-01,3.141592653589793116e+00,7.878089193213065888e-01
7.199483164476608854e-01,3.272492347489367681e+00,7.883423489467826784e-01
7.199483164476608854e-01,3.403392041388942246e+00,7.901001088587098486e-01
7.199483164476608854e-01,3.534291735288516811e+00,7.930633489303327011e-01
7.199483164476608854e-01,3.665191429188091821e+00,7.972006645683916704e-01
7.199483164476608854e-01,3.796091123087666386e+00,8.024638826834038507e-01
7.199483164476608854e-01,3.926990816987240951e+00,8.087914280739831874e-01
7.199483164476608854e-01,4.057890510886815960e+00,8.161039910878268300e-01
7.199483164476608854e-01,4.188790204786390525e+00,8.243059599403319559e-01
7.199483164476608854e-01,4.319689898685965090e+00,8.332832594083542377e-01
7.199483164476608854e-01,4.450589592585539656e+00,8.429060650470521221e-01
7.199483164476608854e-01,4.581489286485114221e+00,8.530269581910985277e-01
7.199483164476608854e-01,4.712388980384689674e+00,8.634832624159540782e-01
7.199483164476608854e-01,4.843288674284264239e+00,8.740994437746213430e-01
7.199483164476608854e-01,4.974188368183838804e+00,8.846892845082239276e-01
7.199483164476608854e-01,5.105088062083413369e+00,8.950597366563131096e-01
7.199483164476608854e-01,5.235987755982987935e+00,9.050150853998293332e-01
7.199483164476608854e-01,5.366887449882562500e+00,9.143609434591074558e-01
7.199483164476608854e-01,5.497787143782137953e+00,9.229098409519748136e-01
7.199483164476608854e-01,5.628686837681712518e+00,9.304865757685741867e-01
7.199483164476608854e-01,5.759586531581287083e+00,9.369322906453955158e-01
7.199483164476608854e-01,5.890486225480861648e+00,9.421091864180221043e-01
7.199483164476608854e-01,6.021385919380436214e+00,9.459063045565269112e-01
7.199483164476608854e-01,6.152285613280010779e+00,9.482407561542691710e-01
7.199483164476608854e-01,6.283185307179586232e+00,9.490619835487807965e-01
7.853981633974482790e-01,0.000000000000000000e+00,9.557267057379735808e-01
7.853981633974482790e-01,1.308996938995747039e-01,9.549591580808156621e-01
7.853981633974482790e-01,2.617993877991494078e-01,9.525571121655762585e-01
7.853981633974482790e-01,3.926990816987241395e-01,9.485748069894129886e-01
7.853981633974482790e-01,5.235987755982988157e-01,9.431017262275266377e-01
7.853981633974482790e-01,6.544984694978734918e-01,9.362587606209242796e-01
7.853981633974482790e-01,7.853981633974482790e-01,9.281948655231007095e-01
7.853981633974482790e-01,9.162978572970229552e-01,9.190816305246060081e-01
7.853981633974482790e-01,1.047197551196597631e+00,9.091085585511081701e-01
7.853981633974482790e-01,1.178097245096172418e+00,8.984771274137982600e-01
7.853981633974482790e-01,1.308996938995746984e+00,8.873963479888913319e-01
7.853981633974482790e-01,1.439896632895321771e+00,8.760755628327120403e-01
7.853981633974482790e-01,1.570796326794896558e+00,8.647201125803135602e-01
7.853981633974482790e-01,1.701696020694471123e+00,8.535285664468117428e-01
7.853981633974482790e-01,1.832595714594045910e+00,8.426876206123629087e-01
7.853981633974482790e-01,1.963495408493620475e+00,8.323688073618389360e-01
7.853981633974482790e-01,2.094395102393195263e+00,8.227271493701122651e-01
7.853981633974482790e-01,2.225294796292769828e+00,8.139006080049945302e-01
7.853981633974482790e-01,2.356194490192344837e+00,8.060082760018130177e-01
7.853981633974482790e-01,2.487094184091919402e+00,7.991516741809563396e-01
7.853981633974482790e-01,2.617993877991493967e+00,7.934149698637845693e-01
7.853981633974482790e-01,2.748893571891068976e+00,7.888645912813604388e-01
7.853981633974482790e-01,2.879793265790643542e+00,7.855520482427544859e-01
7.853981633974482790e-01,3.010692959690218107e+00,7.835143053990444306e-01
7.853981633974482790e-01,3.141592653589793116e+00,7.827735963672469710e-01
7.853981633974482790e-01,3.272492347489367681e+00,7.833391453293210294e-01
7.853981633974482790e-01,3.403392041388942246e+00,7.852059943219782401e-01
7.853981633974482790e-01,3.534291735288516811e+00,7.883565375412069365e-01
7.853981633974482790e-01,3.665191429188091821e+00,7.927572123222588196e-01
7.853981633974482790e-01,3.796091123087666386e+00,7.983611806592193494e-01
7.853981633974482790e-01,3.926990816987240951e+00,8.051032207669560625e-01
7.853981633974482790e-01,4.057890510886815960e+00,8.129021014562060055e-01
7.853981633974482790e-01,4.188790204786390525e+00,8.216582118453877870e-01
7.853981633974482790e-01,4.319689898685965090e+00,8.312517313974812083e-01
7.853981633974482790e-01,4.450589592585539656e+00,8.415462989159330220e-01
7.853981633974482790e-01,4.581489286485114221e+00,8.523850182390002583e-01
7.853981633974482790e-01,4.712388980384689674e+00,8.635951605023968192e-01
7.853981633974482790e-01,4.843288674284264239e+00,8.749884046231463097e-01
7.853981633974482790e-01,4.974188368183838804e+00,8.863645413143063090e-01
7.853981633974482790e-01,5.105088062083413369e+00,8.975158241065179787e-01
7.853981633974482790e-01,5.235987755982987935e+00,9.082291809179900977e-01
7.853981633974482790e-01,5.366887449882562500e+00,9.182951157728914682e-01
7.853981633974482790e-01,5.497787143782137953e+00,9.275090776303360762e-01
7.853981633974482790e-01,5.628686837681712518e+00,9.356798995919195505e-01
7.853981633974482790e-01,5.759586531581287083e+00,9.426342726268995831e-01
7.853981633974482790e-01,5.890486225480861648e+00,9.482216281814115355e-01
7.853981633974482790e-01,6.021385919380436214e+00,9.523207772336168553e-01
7.853981633974482790e-01,6.152285613280010779e+00,9.548408310848955916e-01
7.853981633974482790e-01,6.283185307179586232e+00,9.557267498036603470e-01
8.508480103472355616e-01,0.000000000000000000e+00,9.620329569804155767e-01
8.508480103472355616e-01,1.308996938995747039e-01,9.612100652677449952e-01
8.508480103472355616e-01,2.617993877991494078e-01,9.586374032835149883e-01
8.508480103472355616e-01,3.926990816987241395e-01,9.543747436760487979e-01
8.508480103472355616e-01,5.235987755982988157e-01,9.485188491715685899e-01
8.508480103472355616e-01,6.544984694978734918e-01,9.412009355854047410e-01
8.508480103472355616e-01,7.853981633974482790e-01,9.325812689916868070e-01
8.508480103472355616e-01,9.162978572970229552e-01,9.228463395333873498e-01
8.508480103472355616e-01,1.047197551196597631e+00,9.121998994191768961e-01
8.508480103472355616e-01,1.178097245096172418e+00,9.008602144144354229e-01
8.508480103472355616e-01,1.308996938995746984e+00,8.890503997018146531e-01
8.508480103472355616e-01,1.439896632895321771e+00,8.769954094576963843e-01
8.508480103472355616e-01,1.570796326794896558e+00,8.649155022703464146e-01
8.508480103472355616e-01,1.701696020694471123e+00,8.530216907354984945e-01
8.508480103472355616e-01,1.832595714594045910e+00,8.415111666249316391e-01
8.508480103472355616e-01,1.963495408493620475e+00,8.305660920904378575e-01
8.508480103472355616e-01,2.094395102393195263e+00,8.203496612880804006e-01
8.508480103472355616e-01,2.225294796292769828e+00,8.110052716446493060e-01
8.508480103472355616e-01,2.356194490192344837e+00,8.026570357221407548e-01
8.508480103472355616e-01,2.487094184091919402e+00,7.954099759749029275e-01
8.508480103472355616e-01,2.617993877991493967e+00,7.893502066785595961e-01
8.508480103472355616e-01,2.748893571891068976e+00,7.845463985246652339e-01
8.508480103472355616e-01,2.879793265790643542e+00,7.810505077556597620e-01
8.508480103472355616e-01,3.010692959690218107e+00,7.788996987937413241e-01
8.508480103472355616e-01,3.141592653589793116e+00,7.781170140172876115e-01
8.508480103472355616e-01,3.272492347489367681e+00,7.787114624192776891e-01
8.508480103472355616e-01,3.403392041388942246e+00,7.806786357874735405e-01
8.508480103472355616e-01,3.534291735288516811e+00,7.840009179848015375e-01
8.508480103472355616e-01,3.665191429188091821e+00,7.886448060065575083e-01
8.508480103472355616e-01,3.796091123087666386e+00,7.945621833967232428e-01
8.508480103472355616e-01,3.926990816987240951e+00,8.016871673165359979e-01
8.508480103472355616e-01,4.057890510886815960e+00,8.099365732522085803e-01
8.508480103472355616e-01,4.188790204786390525e+00,8.192063006089271848e-01
8.508480103472355616e-01,4.319689898685965090e+00,8.293736656421718534e-01
8.508480103472355616e-01,4.450589592585539656e+00,8.402941929528047194e-01
8.508480103472355616e-01,4.581489286485114221e+00,8.518041112793907077e-01
8.508480103472355616e-01,4.712388980384689674e+00,8.637195894090103909e-01
8.508480103472355616e-01,4.843288674284264239e+00,8.758419043198614196e-01
8.508480103472355616e-01,4.974188368183838804e+00,8.879572046972206145e-01
8.508480103472355616e-01,5.105088062083413369e+00,8.998430097954659423e-01
8.508480103472355616e-01,5.235987755982987935e+00,9.112715630085032048e-01
8.508480103472355616e-01,5.366887449882562500e+00,9.220172473016577941e-01
8.508480103472355616e-01,5.497787143782137953e+00,9.318596942245146453e-01
8.508480103472355616e-01,5.628686837681712518e+00,9.405925209574037549e-01
8.508480103472355616e-01,5.759586531581287083e+00,9.480282825203204533e-01
8.508480103472355616e-01,5.890486225480861648e+00,9.540049732620108358e-01
8.508480103472355616e-01,6.021385919380436214e+00,9.583900683355630612e-01
8.508480103472355616e-01,6.152285613280010779e+00,9.610860692016521822e-01
8.508480103472355616e-01,6.283185307179586232e+00,9.620329550838253585e-01
9.162978572970229552e-01,0.000000000000000000e+00,9.679454708661066054e-01
9.162978572970229552e-01,1.308996938995747039e-01,9.670704639610683273e-01
9.162978572970229552e-01,2.617993877991494078e-01,9.643381055014736969e-01
9.162978572970229552e-01,3.926990816987241395e-01,9.598121224449521760e-01
9.162978572970229552e-01,5.235987755982988157e-01,9.535965697918107331e-01
9.162978572970229552e-01,6.544984694978734918e-01,9.458324804979918454e-01
9.162978572970229552e-01,7.853981633974482790e-01,9.366928841827933949e-01
9.162978572970229552e-01,9.162978572970229552e-01,9.263759273537190975e-01
9.162978572970229552e-01,1.047197551196597631e+00,9.151006668437332570e-01
9.162978572970229552e-01,1.178097245096172418e+00,9.030986389698349992e-01
9.162978572970229552e-01,1.308996938995746984e+00,8.906078436488528149e-01
9.162978572970229552e-01,1.439896632895321771e+00,8.778713795320455260e-01
9.162978572970229552e-01,1.570796326794896558e+00,8.651181990592852200e-01
9.162978572970229552e-01,1.701696020694471123e+00,8.525703911574368243e-01
9.162978572970229552e-01,1.832595714594045910e+00,8.404428579513490982e-01
9.162978572970229552e-01,1.963495408493620475e+00,8.289191003346008113e-01
9.162978572970229552e-01,2.094395102393195263e+00,8.181717372363196406e-01
9.162978572970229552e-01,2.225294796292769828e+00,8.083513618686597457e-01
9.162978572970229552e-01,2.356194490192344837e+00,7.995845687376199606e-01
9.162978572970229552e-01,2.487094184091919402e+00,7.919797310962819470e-01
9.162978572970229552e-01,2.617993877991493967e+00,7.856247266921895234e-01
9.162978572970229552e-01,2.748893571891068976e+00,7.805889648004157300e-01
9.162978572970229552e-01,2.879793265790643542e+00,7.769253818649504151e-01
9.162978572970229552e-01,3.010692959690218107e+00,7.746714849214959564e-01
9.162978572970229552e-01,3.141592653589793116e+00,7.738502269370075570e-01
9.162978572970229552e-01,3.272492347489367681e+00,7.744710520995009562e-01
9.162978572970229552e-01,3.403392041388942246e+00,7.765297081010480440e-01
9.162978572970229552e-01,3.534291735288516811e+00,7.800083806970705691e-01
9.162978572970229552e-01,3.665191429188091821e+00,7.848739364389207829e-01
9.162978572970229552e-01,3.796091123087666386e+00,7.910780167099468185e-01
9.162978572970229552e-01,3.926990816987240951e+00,7.985540831824972097e-01
9.162978572970229552e-01,4.057890510886815960e+00,8.072168804650784457e-01
9.162978572970229552e-01,4.188790204786390525e+00,8.169596942692430863e-01
9.162978572970229552e-01,4.319689898685965090e+00,8.276556593828658936e-01
9.162978572970229552e-01,4.450589592585539656e+00,8.391547907361797121e-01
9.162978572970229552e-01,4.581489286485114221e+00,8.512844288687287930e-01
9.162978572970229552e-01,4.712388980384689674e+00,8.638561859310023294e-01
9.162978572970229552e-01,4.843288674284264239e+00,8.766558122405411213e-01
9.162978572970229552e-01,4.974188368183838804e+00,8.894594382962158763e-01
9.162978572970229552e-01,5.105088062083413369e+00,9.020304350748670208e-01
9.162978572970229552e-01,5.235987755982987935e+00,9.141270579836693333e-01
9.162978572970229552e-01,5.366887449882562500e+00,9.255079026039489953e-01
9.162978572970229552e-01,5.497787143782137953e+00,9.359383660812182759e-01
9.162978572970229552e-01,5.628686837681712518e+00,9.451977601164349707e-01
9.162978572970229552e-01,5.759586531581287083e+00,9.530852828795081111e-01
9.162978572970229552e-01,5.890486225480861648e+00,9.594267068711207491e-01
9.162978572970229552e-01,6.021385919380436214e+00,9.640804602306567439e-01
9.162978572970229552e-01,6.152285613280010779e+00,9.669414256005980368e-01
9.162978572970229552e-01,6.283185307179586232e+00,9.679454815499413112e-01
9.817477042468102377e-01,0.000000000000000000e+00,9.734307248991925787e-01
9.817477042468102377e-01,1.308996938995747039e-01,9.725069303300112322e-01
9.817477042468102377e-01,2.617993877991494078e-01,9.696260573869069921e-01
9.817477042468102377e-01,3.926990816987241395e-01,9.648554850399283511e-01
9.817477042468102377e-01,5.235987755982988157e-01,9.583067738415204095e-01
9.817477042468102377e-01,6.544984694978734918e-01,9.501295645130904965e-01
9.817477042468102377e-01,7.853981633974482790e-01,9.405073155349507052e-01
9.817477042468102377e-01,9.162978572970229552e-01,9.296521152914943853e-01
9.817477042468102377e-01,1.047197551196597631e+00,9.177944250675100779e-01
9.817477042468102377e-01,1.178097245096172418e+00,9.051821374564023026e-01
9.817477042468102377e-01,1.308996938995746984e+00,8.920659377720951966e-01
9.817477042468102377e-01,1.439896632895321771e+00,8.786990959377561916e-01
9.817477042468102377e-01,1.570796326794896558e+00,8.653264703313968687e-01
9.817477042468102377e-01,1.701696020694471123e+00,8.521830441513147392e-01
9.817477042468102377e-01,1.832595714594045910e+00,8.394859941258439040e-01
9.817477042468102377e-01,1.963495408493620475e+00,8.274332162495987575e-01
9.817477042468102377e-01,2.094395102393195263e+00,8.162024668720401221e-01
9.817477042468102377e-01,2.225294796292769828e+00,8.059475319064277610e-01
9.817477042468102377e-01,2.356194490192344837e+00,7.968000144129957496e-01
9.817477042468102377e-01,2.487094184091919402e+00,7.888704757996397587e-01
9.817477042468102377e-01,2.617993877991493967e+00,7.822474999606844337e-01
9.817477042468102377e-01,2.748893571891068976e+00,7.770021425965085715e-01
9.817477042468102377e-01,2.879793265790643542e+00,7.731867931259999160e-01
9.817477042468102377e-01,3.010692959690218107e+00,7.708395933863908533e-01
9.817477042468102377e-01,3.141592653589793116e+00,7.699831968492479861e-01
9.817477042468102377e-01,3.272492347489367681e+00,7.706276196695849290e-01
9.817477042468102377e-01,3.403392041388942246e+00,7.727686563182498691e-01
9.817477042468102377e-01,3.534291735288516811e+00,7.763885333726208149e-01
9.817477042468102377e-01,3.665191429188091821e+00,7.814547778719236337e-01
9.817477042468102377e-01,3.796091123087666386e+00,7.879187687652329242e-01
9.817477042468102377e-01,3.926990816987240951e+00,7.957132643381141790e-01
9.817477042468102377e-01,4.057890510886815960e+00,8.047512561283316490e-01
9.817477042468102377e-01,4.188790204786390525e+00,8.149254359175847062e-01
9.817477042468102377e-01,4.319689898685965090e+00,8.261040352285454746e-01
9.817477042468102377e-01,4.450589592585539656e+00,8.381324530362738168e-01
9.817477042468102377e-01,4.581489286485114221e+00,8.508325930909539370e-01
9.817477042468102377e-01,4.712388980384689674e+00,8.640041928661570392e-01
9.817477042468102377e-01,4.843288674284264239e+00,8.774269948171058431e-01
9.817477042468102377e-01,4.974188368183838804e+00,8.908643632517414535e-01
9.817477042468102377e-01,5.105088062083413369e+00,9.040672423943733049e-01
9.817477042468102377e-01,5.235987755982987935e+00,9.167804875390768160e-01
9.817477042468102377e-01,5.366887449882562500e+00,9.287490235254305393e-01
9.817477042468102377e-01,5.497787143782137953e+00,9.397239554539859041e-01
9.817477042468102377e-01,5.628686837681712518e+00,9.494710741935369347e-01
9.817477042468102377e-01,5.759586531581287083e+00,9.577767146733645598e-01
9.817477042468102377e-01,5.890486225480861648e+00,9.644565880848228190e-01
9.817477042468102377e-01,6.021385919380436214e+00,9.693594397035716348e-01
9.817477042468102377e-01,6.152285613280010779e+00,9.723734659891126730e-01
9.817477042468102377e-01,6.283185307179586232e+00,9.734306359974391754e-01
1.047197551196597631e+00,0.000000000000000000e+00,9.784564894833100990e-01
1.047197551196597631e+00,1.308996938995747039e-01,9.774883589024180308e-01
1.047197551196597631e+00,2.617993877991494078e-01,9.744712259061810711e-01
1.047197551196597631e+00,3.926990816987241395e-01,9.694771417015168868e-01
1.047197551196597631e+00,5.235987755982988157e-01,9.626232182030169948e-01
1.047197551196597631e+00,6.544984694978734918e-01,9.540679812432761864e-01
1.047197551196597631e+00,7.853981633974482790e-01,9.440052987343243718e-01
1.047197551196597631e+00,9.162978572970229552e-01,9.326576960343219147e-01
1.047197551196597631e+00,1.047197551196597631e+00,9.202699040771868955e-01
1.047197551196597631e+00,1.178097245096172418e+00,9.071000189234096345e-01
1.047197551196597631e+00,1.308996938995746984e+00,8.934136574864243174e-01
1.047197551196597631e+00,1.439896632895321771e+00,8.794749063878519735e-01
1.047197551196597631e+00,1.570796326794896558e+00,8.655404137806915754e-01
1.047197551196597631e+00,1.701696020694471123e+00,8.518550365534968138e-01
1.047197551196597631e+00,1.832595714594045910e+00,8.386440917046863452e-01
1.047197551196597631e+00,1.963495408493620475e+00,8.261133417407354740e-01
1.047197551196597631e+00,2.094395102393195263e+00,8.144462636557767699e-01
1.047197551196597631e+00,2.225294796292769828e+00,8.038007557177281326e-01
1.047197551196597631e+00,2.356194490192344837e+00,7.943115718757014498e-01
1.047197551196597631e+00,2.487094184091919402e+00,7.860898697261063939e-01
1.047197551196597631e+00,2.617993877991493967e+00,7.792274698448679038e-01
1.047197551196597631e+00,2.748893571891068976e+00,7.737940108884441281e-01
1.047197551196597631e+00,2.879793265790643542e+00,7.698432317803587388e-01
1.047197551196597631e+00,3.010692959690218107e+00,7.674120706474846232e-01
1.047197551196597631e+00,3.141592653589793116e+00,7.665246051487750734e-01
1.047197551196597631e+00,3.272492347489367681e+00,7.671896993009917898e-01
1.047197551196597631e+00,3.403392041388942246e+00,7.694043817545348496e-01
1.047197551196597631e+00,3.534291735288516811e+00,7.731504162788468415e-01
1.047197551196597631e+00,3.665191429188091821e+00,7.783961174903585301e-01
1.047197551196597631e+00,3.796091123087666386e+00,7.850925904548364809e-01
1.047197551196597631e+00,3.926990816987240951e+00,7.931728602653315141e-01
1.047197551196597631e+00,4.057890510886815960e+00,8.025487460964954023e-01
1.047197551196597631e+00,4.188790204786390525e+00,8.131108370821632514e-01
1.047197551196597631e+00,4.319689898685965090e+00,8.247244816610387330e-01
1.047197551196597631e+00,4.450589592585539656e+00,8.372310931828350622e-01
1.047197551196597631e+00,4.581489286485114221e+00,8.504465334522757214e-01
1.047197551196597631e+00,4.712388980384689674e+00,8.641629315639582920e-01
1.047197551196597631e+00,4.843288674284264239e+00,8.781514911290105863e-01
1.047197551196597631e+00,4.974188368183838804e+00,8.921651024642911487e-01
1.047197551196597631e+00,5.105088062083413369e+00,9.059435940662001752e-01
1.047197551196597631e+00,5.235987755982987935e+00,9.192191508760272356e-01
1.047197551196597631e+00,5.366887449882562500e+00,9.317236848516655678e-01
1.047197551196597631e+00,5.497787143782137953e+00,9.431954806163583838e-01
1.047197551196597631e+00,5.628686837681712518e+00,9.533882628411712856e-01
1.047197551196597631e+00,5.759586531581287083e+00,9.620768845459817253e-01
1.047197551196597631e+00,5.890486225480861648e+00,9.690662873519461096e-01
1.047197551196597631e+00,6.021385919380436214e+00,9.741969255585206655e-01
1.047197551196597631e+00,6.152285613280010779e+00,9.773511773074107234e-01
1.047197551196597631e+00,6.283185307179586232e+00,9.784564698452463682e-01
1.112647398146384914e+00,0.000000000000000000e+00,9.829938710761719767e-01
1.112647398146384914e+00,1.308996938995747039e-01,9.819856005278108091e-01
1.112647398146384914e+00,2.617993877991494078e-01,9.788457442387992202e-01
1.112647398146384914e+00,3.926990816987241395e-01,9.736499135617021627e-01
1.112647398146384914e+00,5.235987755982988157e-01,9.665214645855324527e-01
1.112647398146384914e+00,6.544984694978734918e-01,9.576260669544298665e-01
1.112647398146384914e+00,7.853981633974482790e-01,9.471669810656548893e-01
1.112647398146384914e+00,9.162978572970229552e-01,9.353774645640681173e-01
1.112647398146384914e+00,1.047197551196597631e+00,9.225128828964910266e-01
1.112647398146384914e+00,1.178097245096172418e+00,9.088409292568252473e-01
1.112647398146384914e+00,1.308996938995746984e+00,8.946459014541653376e-01
1.112647398146384914e+00,1.439896632895321771e+00,8.801952198915529157e-01
1.112647398146384914e+00,1.570796326794896558e+00,8.657585842275882237e-01
1.112647398146384914e+00,1.701696020694471123e+00,8.515887541932299909e-01
1.112647398146384914e+00,1.832595714594045910e+00,8.379202567176988747e-01
1.112647398146384914e+00,1.963495408493620475e+00,8.249643857553828896e-01
1.112647398146384914e+00,2.094395102393195263e+00,8.129095169633350215e-01
1.112647398146384914e+00,2.225294796292769828e+00,8.019175399904313606e-01
1.112647398146384914e+00,2.356194490192344837e+00,7.921250834047925959e-01
1.112647398146384914e+00,2.487094184091919402e+00,7.836459871676202393e-01
1.112647398146384914e+00,2.617993877991493967e+00,7.765714482667477325e-01
1.112647398146384914e+00,2.748893571891068976e+00,7.709721773539277567e-01
1.112647398146384914e+00,2.879793265790643542e+00,7.669017221527624217e-01
1.112647398146384914e+00,3.010692959690218107e+00,7.643972870353458182e-01
1.112647398146384914e+00,3.141592653589793116e+00,7.634820387280140119e-01
1.112647398146384914e+00,3.272492347489367681e+00,7.641653489764650420e-01
1.112647398146384914e+00,3.403392041388942246e+00,7.664442841086075431e-01
1.112647398146384914e+00,3.534291735288516811e+00,7.703014924724934653e-01
1.112647398146384914e+00,3.665191429188091821e+00,7.757052603955275627e-01
1.112647398146384914e+00,3.796091123087666386e+00,7.826070968550354889e-01
1.112647398146384914e+00,3.926990816987240951e+00,7.909398458338369187e-01
1.112647398146384914e+00,4.057890510886815960e+00,8.006147575809690053e-01
1.112647398146384914e+00,4.188790204786390525e+00,8.115212484310182495e-01
1.112647398146384914e+00,4.319689898685965090e+00,8.235216745188468357e-01
1.112647398146384914e+00,4.450589592585539656e+00,8.364535231526640802e-01
1.112647398146384914e+00,4.581489286485114221e+00,8.501287167414254275e-01
1.112647398146384914e+00,4.712388980384689674e+00,8.643318733543968735e-01
1.112647398146384914e+00,4.843288674284264239e+00,8.788264646730299390e-01
1.112647398146384914e+00,4.974188368183838804e+00,8.933560587538550424e-01
1.112647398146384914e+00,5.105088062083413369e+00,9.076501166397367149e-01
1.112647398146384914e+00,5.235987755982987935e+00,9.214300014856932064e-01
1.112647398146384914e+00,5.366887449882562500e+00,9.344159709942365666e-01
1.112647398146384914e+00,5.497787143782137953e+00,9.463344584016546435e-01
1.112647398146384914e+00,5.628686837681712518e+00,9.569279178286762555e-01
1.112647398146384914e+00,5.759586531581287083e+00,9.659609500759940293e-01
1.112647398146384914e+00,5.890486225480861648e+00,9.732288175111973860e-01
1.112647398146384914e+00,6.021385919380436214e+00,9.785646674765038355e-01
1.112647398146384914e+00,6.152285613280010779e+00,9.818450759519389281e-01
1.112647398146384914e+00,6.283185307179586232e+00,9.829938328411735871e-01
1.178097245096172418e+00,0.000000000000000000e+00,9.870161027914433616e-01
1.178097245096172418e+00,1.308996938995747039e-01,9.859723270285053465e-01
1.178097245096172418e+00,2.617993877991494078e-01,9.827241231971158841e-01
1.178097245096172418e+00,3.926990816987241395e-01,9.773506247658345636e-01
1.178097245096172418e+00,5.235987755982988157e-01,9.699794607858824858e-01
1.178097245096172418e+00,6.544984694978734918e-01,9.607843552516542873e-01
1.178097245096172418e+00,7.853981633974482790e-01,9.499756871364413158e-01
1.178097245096172418e+00,9.162978572970229552e-01,9.377978715774483165e-01
1.178097245096172418e+00,1.047197551196597631e+00,9.245122069341442650e-01
1.178097245096172418e+00,1.178097245096172418e+00,9.104040897494853901e-01
1.178097245096172418e+00,1.308996938995746984e+00,8.957569524347583911e-01
1.178097245096172418e+00,1.439896632895321771e+00,8.808569551361508099e-01
1.178097245096172418e+00,1.570796326794896558e+00,8.659798476540184753e-01
1.178097245096172418e+00,1.701696020694471123e+00,8.513862902243352071e-01
1.178097245096172418e+00,1.832595714594045910e+00,8.373172574814117253e-01
1.178097245096172418e+00,1.963495408493620475e+00,8.239902033729396003e-01
1.178097245096172418e+00,2.094395102393195263e+00,8.115968417876388008e-01
1.178097245096172418e+00,2.225294796292769828e+00,8.003029240401756672e-01
1.178097245096172418e+00,2.356194490192344837e+00,7.902471768576817546e-01
1.178097245096172418e+00,2.487094184091919402e+00,7.815440398908697350e-01
1.178097245096172418e+00,2.617993877991493967e+00,7.742855201025961032e-01
1.178097245096172418e+00,2.748893571891068976e+00,7.685427749652748997e-01
1.178097245096172418e+00,2.879793265790643542e+00,7.643686238539925126e-01
1.178097245096172418e+00,3.010692959690218107e+00,7.618002641409507003e-01
1.178097245096172418e+00,3.141592653589793116e+00,7.608608915102327286e-01
1.178097245096172418e+00,3.272492347489367681e+00,7.615601277476715669e-01
1.178097245096172418e+00,3.403392041388942246e+00,7.638946480952744089e-01
1.178097245096172418e+00,3.534291735288516811e+00,7.678478710392833140e-01
1.178097245096172418e+00,3.665191429188091821e+00,7.733884699515938266e-01
1.178097245096172418e+00,3.796091123087666386e+00,7.804685872938400548e-01
1.178097245096172418e+00,3.926990816987240951e+00,7.890205442963876825e-01
1.178097245096172418e+00,4.057890510886815960e+00,7.989560835558815466e-01
1.178097245096172418e+00,4.188790204786390525e+00,8.101621169312143156e-01
1.178097245096172418e+00,4.319689898685965090e+00,8.225000995337682363e-01
1.178097245096172418e+00,4.450589592585539656e+00,8.358041181590826207e-01
1.178097245096172418e+00,4.581489286485114221e+00,8.498807869516823432e-01
1.178097245096172418e+00,4.712388980384689674e+00,8.645101553463532262e-01
1.178097245096172418e+00,4.843288674284264239e+00,8.794483833455292165e-01
1.178097245096172418e+00,4.974188368183838804e+00,8.944309690046325922e-01
1.178097245096172418e+00,5.105088062083413369e+00,9.091783526747960753e-01
1.178097245096172418e+00,5.235987755982987935e+00,9.234018175108017479e-01
1.178097245096172418e+00,5.366887449882562500e+00,9.368114352707757053e-01
1.178097245096172418e+00,5.497787143782137953e+00,9.491236981595430056e-01
1.178097245096172418e+00,5.628686837681712518e+00,9.600703464150583955e-01
1.178097245096172418e+00,5.759586531581287083e+00,9.694068557658267471e-01
1.178097245096172418e+00,5.890486225480861648e+00,9.769205367427354902e-01
1.178097245096172418e+00,6.021385919380436214e+00,9.824373233928600513e-01
1.178097245096172418e+00,6.152285613280010779e+00,9.858289254514455147e-01
1.178097245096172418e+00,6.283185307179586232e+00,9.870161502832572875e-01
1.243547092045959701e+00,0.000000000000000000e+00,9.904993658979677207e-01
1.243547092045959701e+00,1.308996938995747039e-01,9.894249559755612378e-01
1.243547092045959701e+00,2.617993877991494078e-01,9.860836666380153881e-01
1.243547092045959701e+00,3.926990816987241395e-01,9.805569382065503214e-01
1.243547092045959701e+00,5.235987755982988157e-01,9.729778163684352776e-01
1.243547092045959701e+00,6.544984694978734918e-01,9.635247092833991722e-01
1.243547092045959701e+00,7.853981633974482790e-01,9.524162867163438184e-01
1.243547092045959701e+00,9.162978572970229552e-01,9.399027454678869908e-01
1.243547092045959701e+00,1.047197551196597631e+00,9.262587962129735786e-01
1.243547092045959701e+00,1.178097245096172418e+00,9.117733748932771443e-01
1.243547092045959701e+00,1.308996938995746984e+00,8.967417769093645186e-01
1.243547092045959701e+00,1.439896632895321771e+00,8.814573044126627899e-01
1.243547092045959701e+00,1.570796326794896558e+00,8.662034205615848359e-01
1.243547092045959701e+00,1.701696020694471123e+00,8.512478670410003057e-01
1.243547092045959701e+00,1.832595714594045910e+00,8.368373058648712615e-01
1.243547092045959701e+00,1.963495408493620475e+00,8.231935707980091443e-01
1.243547092045959701e+00,2.094395102393195263e+00,8.105128538546864103e-01
1.243547092045959701e+00,2.225294796292769828e+00,7.989619194889021614e-01
1.243547092045959701e+00,2.356194490192344837e+00,7.886822190752904582e-01
1.243547092045959701e+00,2.487094184091919402e+00,7.797895413423930888e-01
1.243547092045959701e+00,2.617993877991493967e+00,7.723750619488294333e-01
1.243547092045959701e+00,2.748893571891068976e+00,7.665105598863307668e-01
1.243547092045959701e+00,2.879793265790643542e+00,7.622486649369371037e-01
1.243547092045959701e+00,3.010692959690218107e+00,7.596265047959132044e-01
1.243547092045959701e+00,3.141592653589793116e+00,7.586666249748291735e-01
1.243547092045959701e+00,3.272492347489367681e+00,7.593789846117822151e-01
1.243547092045959701e+00,3.403392041388942246e+00,7.617604615279380820e-01
1.243547092045959701e+00,3.534291735288516811e+00,7.657948510960438382e-01
1.243547092045959701e+00,3.665191429188091821e+00,7.714515808012254450e-01
1.243547092045959701e+00,3.796091123087666386e+00,7.786823443821333512e-01
1.243547092045959701e+00,3.926990816987240951e+00,7.874204383913272487e-01
1.243547092045959701e+00,4.057890510886815960e+00,7.975768182116326210e-01
1.243547092045959701e+00,4.188790204786390525e+00,8.090378913398190708e-01
1.243547092045959701e+00,4.319689898685965090e+00,8.216630428226826544e-01
1.243547092045959701e+00,4.450589592585539656e+00,8.352841080685441399e-01
1.243547092045959701e+00,4.581489286485114221e+00,8.497034440663026045e-01
1.243547092045959701e+00,4.712388980384689674e+00,8.646969039101346510e-01
1.243547092045959701e+00,4.843288674284264239e+00,8.800147427769158259e-01
1.243547092045959701e+00,4.974188368183838804e+00,8.953850467829727044e-01
1.243547092045959701e+00,5.105088062083413369e+00,9.105208198151502064e-01
1.243547092045959701e+00,5.235987755982987935e+00,9.251245277686029889e-01
1.243547092045959701e+00,5.366887449882562500e+00,9.388976495845846593e-01
1.243547092045959701e+00,5.497787143782137953e+00,9.515477321627420215e-01
1.243547092045959701e+00,5.628686837681712518e+00,9.627976405024420981e-01
1.243547092045959701e+00,5.759586531581287083e+00,9.723949732204087981e-01
1.243547092045959701e+00,5.890486225480861648e+00,9.801195827968941510e-01
1.243547092045959701e+00,6.021385919380436214e+00,9.857921115143816193e-01
1.243547092045959701e+00,6.152285613280010779e+00,9.892793115822030581e-01
1.243547092045959701e+00,6.283185307179586232e+00,9.904994395111712535e-01
1.308996938995746984e+00,0.000000000000000000e+00,9.934229152998008683e-01
1.308996938995746984e+00,1.308996938995747039e-01,9.923231918753834258e-01
1.308996938995746984e+00,2.617993877991494078e-01,9.889043258979953732e-01
1.308996938995746984e+00,3.926990816987241395e-01,9.832508644469341030e-01
1.308996938995746984e+00,5.235987755982988157e-01,9.754989325492242624e-01
1.308996938995746984e+00,6.544984694978734918e-01,9.658320788171635973e-01
1.308996938995746984e+00,7.853981633974482790e-01,9.544749926494042747e-01
1.308996938995746984e+00,9.162978572970229552e-01,9.416846382660554182e-01
1.308996938995746984e+00,1.047197551196597631e+00,9.277426391082879142e-01
1.308996938995746984e+00,1.178097245096172418e+00,9.129453790385962941e-01
1.308996938995746984e+00,1.308996938995746984e+00,8.975957339412121705e-01
1.308996938995746984e+00,1.439896632895321771e+00,8.819930972776787170e-01
1.308996938995746984e+00,1.570796326794896558e+00,8.664281226077706899e-01
1.308996938995746984e+00,1.701696020694471123e+00,8.511740606975206624e-01
1.308996938995746984e+00,1.832595714594045910e+00,8.364820702568626087e-01
1.308996938995746984e+00,1.963495408493620475e+00,8.225776365085581965e-01
1.308996938995746984e+00,2.094395102393195263e+00,8.096596579864157039e-01
1.308996938995746984e+00,2.225294796292769828e+00,7.978977878002757596e-01
1.308996938995746984e+00,2.356194490192344837e+00,7.874347069196692139e-01
1.308996938995746984e+00,2.487094184091919402e+00,7.783858931535065917e-01
1.308996938995746984e+00,2.617993877991493967e+00,7.708438158548612806e-01
1.308996938995746984e+00,2.748893571891068976e+00,7.648797153452986386e-01
1.308996938995746984e+00,2.879793265790643542e+00,7.605460332809516055e-01
1.308996938995746984e+00,3.010692959690218107e+00,7.578797933532444020e-01
1.308996938995746984e+00,3.141592653589793116e+00,7.569032402004980398e-01
1.308996938995746984e+00,3.272492347489367681e+00,7.576262972936431694e-01
1.308996938995746984e+00,3.403392041388942246e+00,7.600460138648480468e-01
1.308996938995746984e+00,3.534291735288516811e+00,7.641469023631793922e-01
1.308996938995746984e+00,3.665191429188091821e+00,7.698983996959053444e-01
1.308996938995746984e+00,3.796091123087666386e+00,7.772527705833215395e-01
1.308996938995746984e+00,3.926990816987240951e+00,7.861435200397370870e-01
1.308996938995746984e+00,4.057890510886815960e+00,7.964814546543820262e-01
1.308996938995746984e+00,4.188790204786390525e+00,8.081519104243964913e-01
1.308996938995746984e+00,4.319689898685965090e+00,8.210134992750065530e-01
1.308996938995746984e+00,4.450589592585539656e+00,8.348954049151324774e-01
1.308996938995746984e+00,4.581489286485114221e+00,8.495977575876929588e-01
1.308996938995746984e+00,4.712388980384689674e+00,8.648919036289826057e-01
1.308996938995746984e+00,4.843288674284264239e+00,8.805227918149546307e-01
1.308996938995746984e+00,4.974188368183838804e+00,8.962138379547582856e-01
1.308996938995746984e+00,5.105088062083413369e+00,9.116705771855230234e-01
1.308996938995746984e+00,5.235987755982987935e+00,9.265890759112043185e-01
1.308996938995746984e+00,5.366887449882562500e+00,9.406633022249089038e-01
1.308996938995746984e+00,5.497787143782137953e+00,9.535930293384861089e-01
1.308996938995746984e+00,5.628686837681712518e+00,9.650944211013515739e-01
1.308996938995746984e+00,5.759586531581287083e+00,9.749079042554501529e-01
1.308996938995746984e+00,5.890486225480861648e+00,9.828077610266024999e-01
1.308996938995746984e+00,6.021385919380436214e+00,9.886091646160156676e-01
1.308996938995746984e+00,6.152285613280010779e+00,9.921755992796149615e-01
1.308996938995746984e+00,6.283185307179586232e+00,9.934231196047375034e-01
1.374446785945534488e+00,0.000000000000000000e+00,9.957695844101543958e-01
1.374446785945534488e+00,1.308996938995747039e-01,9.946495620337758581e-01
1.374446785945534488e+00,2.617993877991494078e-01,9.911701603104181579e-01
1.374446785945534488e+00,3.926990816987241395e-01,9.854166713935027522e-01
1.374446785945534488e+00,5.235987755982988157e-01,9.775287142375236327e-01
1.374446785945534488e+00,6.544984694978734918e-01,9.676936197531753603e-01
1.374446785945534488e+00,7.853981633974482790e-01,9.561409301188107390e-01
1.374446785945534488e+00,9.162978572970229552e-01,9.431326807589238692e-01
1.374446785945534488e+00,1.047197551196597631e+00,9.289565417715669460e-01
1.374446785945534488e+00,1.178097245096172418e+00,9.139142899934312725e-01
1.374446785945534488e+00,1.308996938995746984e+00,8.983146032781207380e-01
1.374446785945534488e+00,1.439896632895321771e+00,8.824627282557643282e-01
1.374446785945534488e+00,1.570796326794896558e+00,8.666536508224489399e-01
1.374446785945534488e+00,1.701696020694471123e+00,8.511653676203670971e-01
1.374446785945534488e+00,1.832595714594045910e+00,8.362525544081073070e-01
1.374446785945534488e+00,1.963495408493620475e+00,8.221441931151385329e-01
1.374446785945534488e+00,2.094395102393195263e+00,8.090410621508590250e-01
1.374446785945534488e+00,2.225294796292769828e+00,7.971141802715119296e-01
1.374446785945534488e+00,2.356194490192344837e+00,7.865074695140946703e-01
1.374446785945534488e+00,2.487094184091919402e+00,7.773369903433187122e-01
1.374446785945534488e+00,2.617993877991493967e+00,7.696950892340198580e-01
1.374446785945534488e+00,2.748893571891068976e+00,7.636531390418445087e-01
1.374446785945534488e+00,2.879793265790643542e+00,7.592636663945543374e-01
1.374446785945534488e+00,3.010692959690218107e+00,7.565633323945764044e-01
1.374446785945534488e+00,3.141592653589793116e+00,7.555726928896469019e-01
1.374446785945534488e+00,3.272492347489367681e+00,7.563050037781094970e-01
1.374446785945534488e+00,3.403392041388942246e+00,7.587544324197899037e-01
1.374446785945534488e+00,3.534291735288516811e+00,7.629069728328211619e-01
1.374446785945534488e+00,3.665191429188091821e+00,7.687322708059288745e-01
1.374446785945534488e+00,3.796091123087666386e+00,7.761832478642115563e-01
1.374446785945534488e+00,3.926990816987240951e+00,7.851931084634233837e-01
1.374446785945534488e+00,4.057890510886815960e+00,7.956727017836194848e-01
1.374446785945534488e+00,4.188790204786390525e+00,8.075071254902272955e-01
1.374446785945534488e+00,4.319689898685965090e+00,8.205536992170041621e-01
1.374446785945534488e+00,4.450589592585539656e+00,8.346401690357930780e-01
1.374446785945534488e+00,4.581489286485114221e+00,8.495638550566104730e-01
1.374446785945534488e+00,4.712388980384689674e+00,8.650934056764965074e-01
1.374446785945534488e+00,4.843288674284264239e+00,8.809704382212300011e-01
1.374446785945534488e+00,4.974188368183838804e+00,8.969129097188114352e-01
1.374446785945534488e+00,5.105088062083413369e+00,9.126220015947509312e-01
1.374446785945534488e+00,5.235987755982987935e+00,9.277879565225999325e-01
1.374446785945534488e+00,5.366887449882562500e+00,9.420987150498407736e-01
1.374446785945534488e+00,5.497787143782137953e+00,9.552480416362346682e-01
1.374446785945534488e+00,5.628686837681712518e+00,9.669477161494537398e-01
1.374446785945534488e+00,5.759586531581287083e+00,9.769313635356470238e-01
1.374446785945534488e+00,5.890486225480861648e+00,9.849688069794341194e-01
1.374446785945534488e+00,6.021385919380436214e+00,9.908716835959155977e-01
1.374446785945534488e+00,6.152285613280010779e+00,9.945005243929028182e-01
1.374446785945534488e+00,6.283185307179586232e+00,9.957693717027417124e-01
1.439896632895321771e+00,0.000000000000000000e+00,9.975245688750283835e-01
1.439896632895321771e+00,1.308996938995747039e-01,9.963901738875127201e-01
1.439896632895321771e+00,2.617993877991494078e-01,9.928667918104123746e-01
1.439896632895321771e+00,3.926990816987241395e-01,9.870411588518702706e-01
1.439896632895321771e+00,5.235987755982988157e-01,9.790549864123336832e-01
1.439896632895321771e+00,6.544984694978734918e-01,9.690985940465247639e-01
1.439896632895321771e+00,7.853981633974482790e-01,9.574046602983490306e-01
1.439896632895321771e+00,9.162978572970229552e-01,9.442394389437852587e-01
1.439896632895321771e+00,1.047197551196597631e+00,9.298939721161495475e-01
1.439896632895321771e+00,1.178097245096172418e+00,9.146752321360126503e-01
1.439896632895321771e+00,1.308996938995746984e+00,8.988950767996140012e-01
1.439896632895321771e+00,1.439896632895321771e+00,8.828634822652949854e-01
1.439896632895321771e+00,1.570796326794896558e+00,8.668786691852384818e-01
1.439896632895321771e+00,1.701696020694471123e+00,8.512216249336448382e-01
1.439896632895321771e+00,1.832595714594045910e+00,8.361497036461769117e-01
1.439896632895321771e+00,1.963495408493620475e+00,8.218946876897634812e-01
1.439896632895321771e+00,2.094395102393195263e+00,8.086577891624154857e-01
1.439896632895321771e+00,2.225294796292769828e+00,7.966125942553398120e-01
1.439896632895321771e+00,2.356194490192344837e+00,7.859024352042812689e-01
1.439896632895321771e+00,2.487094184091919402e+00,7.766446117912828573e-01
1.439896632895321771e+00,2.617993877991493967e+00,7.689309569964360991e-01
1.439896632895321771e+00,2.748893571891068976e+00,7.628336273898115305e-01
1.439896632895321771e+00,2.879793265790643542e+00,7.584038957263012914e-01
1.439896632895321771e+00,3.010692959690218107e+00,7.556782349636357310e-01
1.439896632895321771e+00,3.141592653589793116e+00,7.546789799017530331e-01
1.439896632895321771e+00,3.272492347489367681e+00,7.554162111224181908e-01
1.439896632895321771e+00,3.403392041388942246e+00,7.578879110026898180e-01
1.439896632895321771e+00,3.534291735288516811e+00,7.620774985112207522e-01
1.439896632895321771e+00,3.665191429188091821e+00,7.679554019003573817e-01
1.439896632895321771e+00,3.796091123087666386e+00,7.754762806052516444e-01
1.439896632895321771e+00,3.926990816987240951e+00,7.845717120150038637e-01
1.439896632895321771e+00,4.057890510886815960e+00,7.951532608632888577e-01
1.439896632895321771e+00,4.188790204786390525e+00,8.071052413858118557e-01
1.439896632895321771e+00,4.319689898685965090e+00,8.202851232604592147e-01
1.439896632895321771e+00,4.450589592585539656e+00,8.345186031395247506e-01
1.439896632895321771e+00,4.581489286485114221e+00,8.496020969398764278e-01
1.439896632895321771e+00,4.712388980384689674e+00,8.653016258669815608e-01
1.439896632895321771e+00,4.843288674284264239e+00,8.813554344109124639e-01
1.439896632895321771e+00,4.974188368183838804e+00,8.974794828844880890e-01
1.439896632895321771e+00,5.105088062083413369e+00,9.133706915447408203e-01
1.439896632895321771e+00,5.235987755982987935e+00,9.287148750040301604e-01
1.439896632895321771e+00,5.366887449882562500e+00,9.431963954458455479e-01
1.439896632895321771e+00,5.497787143782137953e+00,9.565050551656508748e-01
1.439896632895321771e+00,5.628686837681712518e+00,9.683463792329969344e-01
1.439896632895321771e+00,5.759586531581287083e+00,9.784532161461353406e-01
1.439896632895321771e+00,5.890486225480861648e+00,9.865901197103925657e-01
1.439896632895321771e+00,6.021385919380436214e+00,9.925663869717976651e-01
1.439896632895321771e+00,6.152285613280010779e+00,9.962402630551382421e-01
1.439896632895321771e+00,6.283185307179586232e+00,9.975245386239650625e-01
1.505346479845109053e+00,0.000000000000000000e+00,9.986780136603156111e-01
1.505346479845109053e+00,1.308996938995747039e-01,9.975348937264467697e-01
1.505346479845109053e+00,2.617993877991494078e-01,9.939846238556128144e-01
1.505346479845109053e+00,3.926990816987241395e-01,9.881152412553141362e-01
1.505346479845109053e+00,5.235987755982988157e-01,9.800694081996597085e-01
1.505346479845109053e+00,6.544984694978734918e-01,9.700392047160236730e-01
1.505346479845109053e+00,7.853981633974482790e-01,9.582593977829634291e-01
1.505346479845109053e+00,9.162978572970229552e-01,9.449987165098092667e-01
1.505346479845109053e+00,1.047197551196597631e+00,9.305503527469669578e-01
1.505346479845109053e+00,1.178097245096172418e+00,9.152244826251986209e-01
1.505346479845109053e+00,1.308996938995746984e+00,8.993347283242367762e-01
1.505346479845109053e+00,1.439896632895321771e+00,8.831938015962464972e-01
1.505346479845109053e+00,1.570796326794896558e+00,8.671021174043995750e-01
1.505346479845109053e+00,1.701696020694471123e+00,8.513425352256768219e-01
1.505346479845109053e+00,1.832595714594045910e+00,8.361736729943803903e-01
1.505346479845109053e+00,1.963495408493620475e+00,8.218289689550200006e-01
1.505346479845109053e+00,2.094395102393195263e+00,8.085115076156288438e-01
1.505346479845109053e+00,2.225294796292769828e+00,7.963945646503505227e-01
1.505346479845109053e+00,2.356194490192344837e+00,7.856212896712552185e-01
1.505346479845109053e+00,2.487094184091919402e+00,7.763105026890244620e-01
1.505346479845109053e+00,2.617993877991493967e+00,7.685535217901940941e-01
1.505346479845109053e+00,2.748893571891068976e+00,7.624217848236067852e-01
1.505346479845109053e+00,2.879793265790643542e+00,7.579674854107980586e-01
1.505346479845109053e+00,3.010692959690218107e+00,7.552267468162190411e-01
1.505346479845109053e+00,3.141592653589793116e+00,7.542220100200868194e-01
1.505346479845109053e+00,3.272492347489367681e+00,7.549630988577121782e-01
1.505346479845109053e+00,3.403392041388942246e+00,7.574473920120063930e-01
1.505346479845109053e+00,3.534291735288516811e+00,7.616598276866700656e-01
1.505346479845109053e+00,3.665191429188091821e+00,7.675705725882314701e-01
1.505346479845109053e+00,3.796091123087666386e+00,7.751330564910912102e-01
1.505346479845109053e+00,3.926990816987240951e+00,7.842809306542405379e-01
1.505346479845109053e+00,4.057890510886815960e+00,7.949240010167741843e-01
1.505346479845109053e+00,4.188790204786390525e+00,8.069480590772296624e-01
1.505346479845109053e+00,4.319689898685965090e+00,8.202085085059355185e-01
1.505346479845109053e+00,4.450589592585539656e+00,8.345314874999684163e-01
1.505346479845109053e+00,4.581489286485114221e+00,8.497124681322776318e-01
1.505346479845109053e+00,4.712388980384689674e+00,8.655147824213985652e-01
1.505346479845109053e+00,4.843288674284264239e+00,8.816764779236535565e-01
1.505346479845109053e+00,4.974188368183838804e+00,8.979106791619163586e-01
1.505346479845109053e+00,5.105088062083413369e+00,9.139123574272536299e-01
1.505346479845109053e+00,5.235987755982987935e+00,9.293648074620511901e-01
1.505346479845109053e+00,5.366887449882562500e+00,9.439502921664786328e-01
1.505346479845109053e+00,5.497787143782137953e+00,9.573554788586186026e-01
1.505346479845109053e+00,5.628686837681712518e+00,9.692839887401508703e-01
1.505346479845109053e+00,5.759586531581287083e+00,9.794649053125038529e-01
1.505346479845109053e+00,5.890486225480861648e+00,9.876622450561599598e-01
1.505346479845109053e+00,6.021385919380436214e+00,9.936830298887606716e-01
1.505346479845109053e+00,6.152285613280010779e+00,9.973842890348426637e-01
1.505346479845109053e+00,6.283185307179586232e+00,9.986778964160557548e-01
1.570796326794896558e+00,0.000000000000000000e+00,9.992228429724715477e-01
1.570796326794896558e+00,1.308996938995747039e-01,9.980765970361037409e-01
1.570796326794896558e+00,2.617993877991494078e-01,9.945170913060021878e-01
1.570796326794896558e+00,3.926990816987241395e-01,9.886324829279843351e-01
1.570796326794896558e+00,5.235987755982988157e-01,9.805659733923175470e-01
1.570796326794896558e+00,6.544984694978734918e-01,9.705101774232298695e-01
1.570796326794896558e+00,7.853981633974482790e-01,9.587005868084148563e-01
1.570796326794896558e+00,9.162978572970229552e-01,9.454065751862646971e-01
1.570796326794896558e+00,1.047197551196597631e+00,9.309228378455017827e-01
1.570796326794896558e+00,1.178097245096172418e+00,9.155590819137069403e-01
1.570796326794896558e+00,1.308996938995746984e+00,8.996312251162303930e-01
1.570796326794896558e+00,1.439896632895321771e+00,8.834523316590523478e-01
1.570796326794896558e+00,1.570796326794896558e+00,8.673230189175138438e-01
1.570796326794896558e+00,1.701696020694471123e+00,8.515273794770579219e-01
1.570796326794896558e+00,1.832595714594045910e+00,8.363252002433271270e-01
1.570796326794896558e+00,1.963495408493620475e+00,8.219491267136398438e-01
1.570796326794896558e+00,2.094395102393195263e+00,8.086026159592950568e-01
1.570796326794896558e+00,2.225294796292769828e+00,7.964597361982963530e-01
1.570796326794896558e+00,2.356194490192344837e+00,7.856646342073992928e-01
1.570796326794896558e+00,2.487094184091919402e+00,7.763347556012171191e-01
1.570796326794896558e+00,2.617993877991493967e+00,7.685622973765305899e-01
1.570796326794896558e+00,2.748893571891068976e+00,7.624185953647495406e-01
1.570796326794896558e+00,2.879793265790643542e+00,7.579559079927954413e-01
1.570796326794896558e+00,3.010692959690218107e+00,7.552095114955040822e-01
1.570796326794896558e+00,3.141592653589793116e+00,7.542027273966077638e-01
1.570796326794896558e+00,3.272492347489367681e+00,7.549451577956386439e-01
1.570796326794896558e+00,3.403392041388942246e+00,7.574344974023089483e-01
1.570796326794896558e+00,3.534291735288516811e+00,7.616548364830989515e-01
1.570796326794896558e+00,3.665191429188091821e+00,7.675767803149539104e-01
1.570796326794896558e+00,3.796091123087666386e+00,7.751543083225989061e-01
1.570796326794896558e+00,3.926990816987240951e+00,7.843193551073859293e-01
1.570796326794896558e+00,4.057890510886815960e+00,7.949859032247210688e-01
1.570796326794896558e+00,4.188790204786390525e+00,8.070351823967595317e-01
1.570796326794896558e+00,4.319689898685965090e+00,8.203242211152622643e-01
1.570796326794896558e+00,4.450589592585539656e+00,8.346789153576290587e-01
1.570796326794896558e+00,4.581489286485114221e+00,8.498935116303759640e-01
1.570796326794896558e+00,4.712388980384689674e+00,8.657321302022907838e-01
1.570796326794896558e+00,4.843288674284264239e+00,8.819316284139407935e-01
1.570796326794896558e+00,4.974188368183838804e+00,8.982043275995649223e-01
1.570796326794896558e+00,5.105088062083413369e+00,9.142444675881472582e-01
1.570796326794896558e+00,5.235987755982987935e+00,9.297351081055175159e-01
1.570796326794896558e+00,5.366887449882562500e+00,9.443562917349931363e-01
1.570796326794896558e+00,5.497787143782137953e+00,9.577951405852214162e-01
1.570796326794896558e+00,5.628686837681712518e+00,9.697536711653459429e-01
1.570796326794896558e+00,5.759586531581287083e+00,9.799606258740831688e-01
1.570796326794896558e+00,5.890486225480861648e+00,9.881788974009104720e-01
1.570796326794896558e+00,6.021385919380436214e+00,9.942150926652207898e-01
1.570796326794896558e+00,6.152285613280010779e+00,9.979257629592964696e-01
1.570796326794896558e+00,6.283185307179586232e+00,9.992228259618147757e-01
1.636246173744683841e+00,0.000000000000000000e+00,9.991559087805625960e-01
1.636246173744683841e+00,1.308996938995747039e-01,9.980124000628927128e-01
1.636246173744683841e+00,2.617993877991494078e-01,9.944612007746757021e-01
1.636246173744683841e+00,3.926990816987241395e-01,9.885902155749637377e-01
1.636246173744683841e+00,5.235987755982988157e-01,9.805419794512636456e-01
1.636246173744683841e+00,6.544984694978734918e-01,9.705090179345363666e-01
1.636246173744683841e+00,7.853981633974482790e-01,9.587261378238247644e-01
1.636246173744683841e+00,9.162978572970229552e-01,9.454611784085135140e-01
1.636246173744683841e+00,1.047197551196597631e+00,9.310085591117608361e-01
1.636246173744683841e+00,1.178097245096172418e+00,9.156780375630202418e-01
1.636246173744683841e+00,1.308996938995746984e+00,8.997833439744288286e-01
1.636246173744683841e+00,1.439896632895321771e+00,8.836373560142121164e-01
1.636246173744683841e+00,1.570796326794896558e+00,8.675405285958394108e-01
1.636246173744683841e+00,1.701696020694471123e+00,8.517756526789131977e-01
1.636246173744683841e+00,1.832595714594045910e+00,8.366023342624845371e-01
1.636246173744683841e+00,1.963495408493620475e+00,8.222527594284906316e-01
1.636246173744683841e+00,2.094395102393195263e+00,8.089305237101839241e-01
1.636246173744683841e+00,2.225294796292769828e+00,7.968086738405280034e-01
1.636246173744683841e+00,2.356194490192344837e+00,7.860318517782135528e-01
1.636246173744683841e+00,2.487094184091919402e+00,7.767174380711531212e-01
1.636246173744683841e+00,2.617993877991493967e+00,7.689578397068170812e-01
1.636246173744683841e+00,2.748893571891068976e+00,7.628237684041175859e-01
1.636246173744683841e+00,2.879793265790643542e+00,7.583677108843985826e-01
1.636246173744683841e+00,3.010692959690218107e+00,7.556258243772538963e-01
1.636246173744683841e+00,3.141592653589793116e+00,7.546208501522482237e-01
1.636246173744683841e+00,3.272492347489367681e+00,7.553622965231125974e-01
1.636246173744683841e+00,3.403392041388942246e+00,7.578477362894509017e-01
1.636246173744683841e+00,3.534291735288516811e+00,7.620618266822374309e-01
1.636246173744683841e+00,3.665191429188091821e+00,7.679750120543398229e-01
1.636246173744683841e+00,3.796091123087666386e+00,7.755401306044086285e-01
1.636246173744683841e+00,3.926990816987240951e+00,7.846910876180345218e-01
1.636246173744683841e+00,4.057890510886815960e+00,7.953384092342630218e-01
1.636246173744683841e+00,4.188790204786390525e+00,8.073666310116232037e-01
1.636246173744683841e+00,4.319689898685965090e+00,8.206316408596705525e-01
1.636246173744683841e+00,4.450589592585539656e+00,8.349598686221871846e-01
1.636246173744683841e+00,4.581489286485114221e+00,8.501451757232691975e-01
1.636246173744683841e+00,4.712388980384689674e+00,8.659530967646457134e-01
1.636246173744683841e+00,4.843288674284264239e+00,8.821201323128325944e-01
1.636246173744683841e+00,4.974188368183838804e+00,8.983592801213831081e-01
1.636246173744683841e+00,5.105088062083413369e+00,9.143659761195551683e-01
1.636246173744683841e+00,5.235987755982987935e+00,9.298227550846372980e-01
1.636246173744683841e+00,5.366887449882562500e+00,9.444127217798258256e-01
1.636246173744683841e+00,5.497787143782137953e+00,9.578217876916088613e-01
1.636246173744683841e+00,5.628686837681712518e+00,9.697536171346299305e-01
1.636246173744683841e+00,5.759586531581287083e+00,9.799375825518183980e-01
1.636246173744683841e+00,5.890486225480861648e+00,9.881371769481034351e-01
1.636246173744683841e+00,6.021385919380436214e+00,9.941596031801284150e-01
1.636246173744683841e+00,6.152285613280010779e+00,9.978618109192848307e-01
1.636246173744683841e+00,6.283185307179586232e+00,9.991559100136635507e-01
1.701696020694471123e+00,0.000000000000000000e+00,9.984778097959886578e-01
1.701696020694471123e+00,1.308996938995747039e-01,9.973428121117989820e-01
1.701696020694471123e+00,2.617993877991494078e-01,9.938172715645485766e-01
1.701696020694471123e+00,3.926990816987241395e-01,9.879885378438886256e-01
1.701696020694471123e+00,5.235987755982988157e-01,9.799977296818783712e-01
1.701696020694471123e+00,6.544984694978734918e-01,9.700357074048864270e-01
1.701696020694471123e+00,7.853981633974482790e-01,9.583360304252551698e-01
1.701696020694471123e+00,9.162978572970229552e-01,9.451619796253403205e-01
1.701696020694471123e+00,1.047197551196597631e+00,9.308081638457404994e-01
1.701696020694471123e+00,1.178097245096172418e+00,9.155801432485970448e-01
1.701696020694471123e+00,1.308996938995746984e+00,8.997902092452260137e-01
1.701696020694471123e+00,1.439896632895321771e+00,8.837486035081415503e-01
1.701696020694471123e+00,1.570796326794896558e+00,8.677537101292743804e-01
1.701696020694471123e+00,1.701696020694471123e+00,8.520862807278830608e-01
1.701696020694471123e+00,1.832595714594045910e+00,8.370045513867595544e-01
1.701696020694471123e+00,1.963495408493620475e+00,8.227394376505577922e-01
1.701696020694471123e+00,2.094395102393195263e+00,8.094938357331836754e-01
1.701696020694471123e+00,2.225294796292769828e+00,7.974399481015929103e-01
1.701696020694471123e+00,2.356194490192344837e+00,7.867222582152318955e-01
1.701696020694471123e+00,2.487094184091919402e+00,7.774574597055760039e-01
1.701696020694471123e+00,2.617993877991493967e+00,7.697381689009106243e-01
1.701696020694471123e+00,2.748893571891068976e+00,7.636362726732836004e-01
1.701696020694471123e+00,2.879793265790643542e+00,7.592033751568103561e-01
1.701696020694471123e+00,3.010692959690218107e+00,7.564753948254053784e-01
1.701696020694471123e+00,3.141592653589793116e+00,7.554757747955841429e-01
1.701696020694471123e+00,3.272492347489367681e+00,7.562136123292281242e-01
1.701696020694471123e+00,3.403392041388942246e+00,7.586872634843762064e-01
1.701696020694471123e+00,3.534291735288516811e+00,7.628802645762405854e-01
1.701696020694471123e+00,3.665191429188091821e+00,7.687628439975494610e-01
1.701696020694471123e+00,3.796091123087666386e+00,7.762891478860985961e-01
1.701696020694471123e+00,3.926990816987240951e+00,7.853912854900475526e-01
1.701696020694471123e+00,4.057890510886815960e+00,7.959805076155155312e-01
1.701696020694471123e+00,4.188790204786390525e+00,8.079411617725120731e-01
1.701696020694471123e+00,4.319689898685965090e+00,8.211300299440482675e-01
1.701696020694471123e+00,4.450589592585539656e+00,8.353735622903762925e-01
1.701696020694471123e+00,4.581489286485114221e+00,8.504669014640899860e-01
1.701696020694471123e+00,4.712388980384689674e+00,8.661762756646481654e-01
1.701696020694471123e+00,4.843288674284264239e+00,8.822407028084013891e-01
1.701696020694471123e+00,4.974188368183838804e+00,8.983747943993678486e-01
1.701696020694471123e+00,5.105088062083413369e+00,9.142765770818186422e-01
1.701696020694471123e+00,5.235987755982987935e+00,9.296290394043900118e-01
1.701696020694471123e+00,5.366887449882562500e+00,9.441189965547110985e-01
1.701696020694471123e+00,5.497787143782137953e+00,9.574353972250939648e-01
1.701696020694471123e+00,5.628686837681712518e+00,9.692838981536006093e-01
1.701696020694471123e+00,5.759586531581287083e+00,9.793959622470974624e-01
1.701696020694471123e+00,5.890486225480861648e+00,9.875374521536515182e-01
1.701696020694471123e+00,6.021385919380436214e+00,9.935169380781059267e-01
1.701696020694471123e+00,6.152285613280010779e+00,9.971928049497348345e-01
1.701696020694471123e+00,6.283185307179586232e+00,9.984778095775554974e-01
1.767145867644258406e+00,0.000000000000000000e+00,9.971929437298744370e-01
1.767145867644258406e+00,1.308996938995747039e-01,9.960720893198955483e-01
1.767145867644258406e+00,2.617993877991494078e-01,9.925895644942425156e-01
1.767145867644258406e+00,3.926990816987241395e-01,9.868313097949871215e-01
1.767145867644258406e+00,5.235987755982988157e-01,9.789366994901260721e-01
1.767145867644258406e+00,6.544984694978734918e-01,9.690933107020153203e-01
1.767145867644258406e+00,7.853981633974482790e-01,9.575304066249572532e-01
1.767145867644258406e+00,9.162978572970229552e-01,9.445109492480060487e-01
1.767145867644258406e+00,1.047197551196597631e+00,9.303221378448113255e-01
1.767145867644258406e+00,1.178097245096172418e+00,9.152663058636827387e-01
1.767145867644258406e+00,1.308996938995746984e+00,8.996522473241139739e-01
1.767145867644258406e+00,1.439896632895321771e+00,8.837856563851471670e-01
1.767145867644258406e+00,1.570796326794896558e+00,8.679615787915533343e-01
1.767145867644258406e+00,1.701696020694471123e+00,8.524580872575703294e-01
1.767145867644258406e+00,1.832595714594045910e+00,8.375304879295893956e-01
1.767145867644258406e+00,1.963495408493620475e+00,8.234077218163634582e-01
1.767145867644258406e+00,2.094395102393195263e+00,8.102908592461428583e-01
1.767145867644258406e+00,2.225294796292769828e+00,7.983516422442277216e-01
1.767145867644258406e+00,2.356194490192344837e+00,7.877333278050506760e-01
1.767145867644258406e+00,2.487094184091919402e+00,7.785528682517145471e-01
1.767145867644258406e+00,2.617993877991493967e+00,7.709027032561862613e-01
1.767145867644258406e+00,2.748893571891068976e+00,7.648541185242215823e-01
1.767145867644258406e+00,2.879793265790643542e+00,7.604597168859980050e-01
1.767145867644258406e+00,3.010692959690218107e+00,7.577563303912997483e-01
1.767145867644258406e+00,3.141592653589793116e+00,7.567650874654292537e-01
1.767145867644258406e+00,3.272492347489367681e+00,7.574980370854694778e-01
1.767145867644258406e+00,3.403392041388942246e+00,7.599503384108275972e-01
1.767145867644258406e+00,3.534291735288516811e+00,7.641078571360582217e-01
1.767145867644258406e+00,3.665191429188091821e+00,7.699397700277693657e-01
1.767145867644258406e+00,3.796091123087666386e+00,7.773992175482976608e-01
1.767145867644258406e+00,3.926990816987240951e+00,7.864192866794561532e-01
1.767145867644258406e+00,4.057890510886815960e+00,7.969101410690653253e-01
1.767145867644258406e+00,4.188790204786390525e+00,8.087571355762729342e-01
1.767145867644258406e+00,4.319689898685965090e+00,8.218171268314122813e-01
1.767145867644258406e+00,4.450589592585539656e+00,8.359180837430715272e-01
1.767145867644258406e+00,4.581489286485114221e+00,8.508566089347887607e-01
1.767145867644258406e+00,4.712388980384689674e+00,8.664014396201903390e-01
1.767145867644258406e+00,4.843288674284264239e+00,8.822932847812287038e-01
1.767145867644258406e+00,4.974188368183838804e+00,8.982507351008433005e-01
1.767145867644258406e+00,5.105088062083413369e+00,9.139740784636436466e-01
1.767145867644258406e+00,5.235987755982987935e+00,9.291536230725709888e-01
1.767145867644258406e+00,5.366887449882562500e+00,9.434769742528824610e-01
1.767145867644258406e+00,5.497787143782137953e+00,9.566383231543404975e-01
1.767145867644258406e+00,5.628686837681712518e+00,9.683473452213462451e-01
1.767145867644258406e+00,5.759586531581287083e+00,9.783394801164119192e-01
1.767145867644258406e+00,5.890486225480861648e+00,9.863834910006648027e-01
1.767145867644258406e+00,6.021385919380436214e+00,9.922912781141373095e-01
1.767145867644258406e+00,6.152285613280010779e+00,9.959230380326310472e-01
1.767145867644258406e+00,6.283185307179586232e+00,9.971929199772924246e-01
1.832595714594045910e+00,0.000000000000000000e+00,9.953092181492159130e-01
1.832595714594045910e+00,1.308996938995747039e-01,9.942080806246147429e-01
1.832595714594045910e+00,2.617993877991494078e-01,9.907855403896234092e-01
1.832595714594045910e+00,3.926990816987241395e-01,9.851256740796897615e-01
1.832595714594045910e+00,5.235987755982988157e-01,9.773649035706457600e-01
1.832595714594045910e+00,6.544984694978734918e-01,9.676870904295378217e-01
1.832595714594045910e+00,7.853981633974482790e-01,9.563167921074454680e-01
1.832595714594045910e+00,9.162978572970229552e-01,9.435116937974603601e-01
1.832595714594045910e+00,1.047197551196597631e+00,9.295532232091231473e-01
1.832595714594045910e+00,1.178097245096172418e+00,9.147382297622060898e-01
1.832595714594045910e+00,1.308996938995746984e+00,8.993697180840481975e-01
1.832595714594045910e+00,1.439896632895321771e+00,8.837480222134507235e-01
1.832595714594045910e+00,1.570796326794896558e+00,8.681633180214868295e-01
1.832595714594045910e+00,1.701696020694471123e+00,8.528893776148417372e-01
1.832595714594045910e+00,1.832595714594045910e+00,8.381779448733620574e-01
1.832595714594045910e+00,1.963495408493620475e+00,8.242549469527649109e-01
1.832595714594045910e+00,2.094395102393195263e+00,8.113192375468826212e-01
1.832595714594045910e+00,2.225294796292769828e+00,7.995411393317148896e-01
1.832595714594045910e+00,2.356194490192344837e+00,7.890628212965444810e-01
1.832595714594045910e+00,2.487094184091919402e+00,7.800009104245835267e-01
1.832595714594045910e+00,2.617993877991493967e+00,7.724479713946473813e-01
1.832595714594045910e+00,2.748893571891068976e+00,7.664750040675243348e-01
1.832595714594045910e+00,2.879793265790643542e+00,7.621350019995142278e-01
1.832595714594045910e+00,3.010692959690218107e+00,7.594649385666608632e-01
1.832595714594045910e+00,3.141592653589793116e+00,7.584871476608762153e-01
1.832595714594045910e+00,3.272492347489367681e+00,7.592114187422955851e-01
1.832595714594045910e+00,3.403392041388942246e+00,7.616349968189874975e-01
1.832595714594045910e+00,3.534291735288516811e+00,7.657423058374313030e-01
1.832595714594045910e+00,3.665191429188091821e+00,7.715024522302003085e-01
1.832595714594045910e+00,3.796091123087666386e+00,7.788679266666518330e-01
1.832595714594045910e+00,3.926990816987240951e+00,7.877717276863939189e-01
1.832595714594045910e+00,4.057890510886815960e+00,7.981242342058885164e-01
1.832595714594045910e+00,4.188790204786390525e+00,8.098113519892681245e-01
1.832595714594045910e+00,4.319689898685965090e+00,8.226906149022321646e-01
1.832595714594045910e+00,4.450589592585539656e+00,8.365913977129671997e-01
1.832595714594045910e+00,4.581489286485114221e+00,8.513130600775962176e-01
1.832595714594045910e+00,4.712388980384689674e+00,8.666268373489379728e-01
1.832595714594045910e+00,4.843288674284264239e+00,8.822775941426542756e-01
1.832595714594045910e+00,4.974188368183838804e+00,8.979877730557802584e-01
1.832595714594045910e+00,5.105088062083413369e+00,9.134633199050912200e-01
1.832595714594045910e+00,5.235987755982987935e+00,9.284013419534135059e-01
1.832595714594045910e+00,5.366887449882562500e+00,9.424903226819378865e-01
1.832595714594045910e+00,5.497787143782137953e+00,9.554351076758642591e-01
1.832595714594045910e+00,5.628686837681712518e+00,9.669494727153434832e-01
1.832595714594045910e+00,5.759586531581287083e+00,9.767738421694338591e-01
1.832595714594045910e+00,5.890486225480861648e+00,9.846823361803548336e-01
1.832595714594045910e+00,6.021385919380436214e+00,9.904901864273722989e-01
1.832595714594045910e+00,6.152285613280010779e+00,9.940604864904453164e-01
1.832595714594045910e+00,6.283185307179586232e+00,9.953091880064838248e-01
1.898045561543833193e+00,0.000000000000000000e+00,9.928382969215219234e-01
1.898045561543833193e+00,1.308996938995747039e-01,9.917622780236581281e-01
1.898045561543833193e+00,2.617993877991494078e-01,9.884162388554692535e-01
1.898045561543833193e+00,3.926990816987241395e-01,9.828818983630567274e-01
1.898045561543833193e+00,5.235987755982988157e-01,9.752919815078534560e-01
1.898045561543833193e+00,6.544984694978734918e-01,9.658255147199519275e-01
1.898045561543833193e+00,7.853981633974482790e-01,9.547022628305917857e-01
1.898045561543833193e+00,9.162978572970229552e-01,9.421695522013795454e-01
1.898045561543833193e+00,1.047197551196597631e+00,9.285055553163382713e-01
1.898045561543833193e+00,1.178097245096172418e+00,9.139985355150289648e-01
1.898045561543833193e+00,1.308996938995746984e+00,8.989441190892663025e-01
1.898045561543833193e+00,1.439896632895321771e+00,8.836359204657886490e-01
1.898045561543833193e+00,1.570796326794896558e+00,8.683582330415163808e-01
1.898045561543833193e+00,1.701696020694471123e+00,8.533784734986862297e-01
1.898045561543833193e+00,1.832595714594045910e+00,8.389445268800986844e-01
1.898045561543833193e+00,1.963495408493620475e+00,8.252780214377924972e-01
1.898045561543833193e+00,2.094395102393195263e+00,8.125753942864341051e-01
1.898045561543833193e+00,2.225294796292769828e+00,8.010047191203084616e-01
1.898045561543833193e+00,2.356194490192344837e+00,7.907065896871433575e-01
1.898045561543833193e+00,2.487094184091919402e+00,7.817981699164895382e-01
1.898045561543833193e+00,2.617993877991493967e+00,7.743703283702542128e-01
1.898045561543833193e+00,2.748893571891068976e+00,7.684952964548681376e-01
1.898045561543833193e+00,2.879793265790643542e+00,7.642257716497086184e-01
1.898045561543833193e+00,3.010692959690218107e+00,7.615987905199482766e-01
1.898045561543833193e+00,3.141592653589793116e+00,7.606373241016615161e-01
1.898045561543833193e+00,3.272492347489367681e+00,7.613512733475472638e-01
1.898045561543833193e+00,3.403392041388942246e+00,7.637374611792584478e-01
1.898045561543833193e+00,3.534291735288516811e+00,7.677797606070374536e-01
1.898045561543833193e+00,3.665191429188091821e+00,7.734470314856666251e-01
1.898045561543833193e+00,3.796091123087666386e+00,7.806909135841664238e-01
1.898045561543833193e+00,3.926990816987240951e+00,7.894446291677676975e-01
1.898045561543833193e+00,4.057890510886815960e+00,7.996197042115923415e-01
1.898045561543833193e+00,4.188790204786390525e+00,8.111005816158401993e-01
1.898045561543833193e+00,4.319689898685965090e+00,8.237472811482768886e-01
1.898045561543833193e+00,4.450589592585539656e+00,8.373911247138697833e-01
1.898045561543833193e+00,4.581489286485114221e+00,8.518336725972445178e-01
1.898045561543833193e+00,4.712388980384689674e+00,8.668520721567027909e-01
1.898045561543833193e+00,4.843288674284264239e+00,8.821934691050146160e-01
1.898045561543833193e+00,4.974188368183838804e+00,8.975874734621995810e-01
1.898045561543833193e+00,5.105088062083413369e+00,9.127458425979113610e-01
1.898045561543833193e+00,5.235987755982987935e+00,9.273709312106316327e-01
1.898045561543833193e+00,5.366887449882562500e+00,9.411644188716739023e-01
1.898045561543833193e+00,5.497787143782137953e+00,9.538326784023430926e-01
1.898045561543833193e+00,5.628686837681712518e+00,9.650984712713445157e-01
1.898045561543833193e+00,5.759586531581287083e+00,9.747092409866727758e-01
1.898045561543833193e+00,5.890486225480861648e+00,9.824445785912513385e-01
1.898045561543833193e+00,6.021385919380436214e+00,9.881247455426429571e-01
1.898045561543833193e+00,6.152285613280010779e+00,9.916165983439563236e-01
1.898045561543833193e+00,6.283185307179586232e+00,9.928382851132271369e-01
1.963495408493620475e+00,0.000000000000000000e+00,9.897951711383545792e-01
1.963495408493620475e+00,1.308996938995747039e-01,9.887496255215553198e-01
1.963495408493620475e+00,2.617993877991494078e-01,9.854960015685310104e-01
1.963495408493620475e+00,3.926990816987241395e-01,9.801133763198031090e-01
1.963495408493620475e+00,5.235987755982988157e-01,9.727302361340857129e-01
1.963495408493620475e+00,6.544984694978734918e-01,9.635191629662176460e-01
1.963495408493620475e+00,7.853981633974482790e-01,9.526922013907453968e-01
1.963495408493620475e+00,9.162978572970229552e-01,9.404920003561305641e-01
1.963495408493620475e+00,1.047197551196597631e+00,9.271846873771113495e-01
1.963495408493620475e+00,1.178097245096172418e+00,9.130513699465090394e-01
1.963495408493620475e+00,1.308996938995746984e+00,8.983775886862206406e-01
1.963495408493620475e+00,1.439896632895321771e+00,8.834504017888269445e-01
1.963495408493620475e+00,1.570796326794896558e+00,8.685450986724152500e-01
1.963495408493620475e+00,1.701696020694471123e+00,8.539237841303368715e-01
1.963495408493620475e+00,1.832595714594045910e+00,8.398271803415550130e-01
1.963495408493620475e+00,1.963495408493620475e+00,8.264738249831963257e-01
1.963495408493620475e+00,2.094395102393195263e+00,8.140555708446735039e-01
1.963495408493620475e+00,2.225294796292769828e+00,8.027379793536987274e-01
1.963495408493620475e+00,2.356194490192344837e+00,7.926611834534341705e-01
1.963495408493620475e+00,2.487094184091919402e+00,7.839398380104867226e-01
1.963495408493620475e+00,2.617993877991493967e+00,7.766658693641979028e-01
1.963495408493620475e+00,2.748893571891068976e+00,7.709104522902254786e-01
1.963495408493620475e+00,2.879793265790643542e+00,7.667274688109170233e-01
1.963495408493620475e+00,3.010692959690218107e+00,7.641537725863968289e-01
1.963495408493620475e+00,3.141592653589793116e+00,7.632123743078488287e-01
1.963495408493620475e+00,3.272492347489367681e+00,7.639133297164929504e-01
1.963495408493620475e+00,3.403392041388942246e+00,7.662534186447420570e-01
1.963495408493620475e+00,3.534291735288516811e+00,7.702158332515716133e-01
1.963495408493620475e+00,3.665191429188091821e+00,7.757687503091668102e-01
1.963495408493620475e+00,3.796091123087666386e+00,7.828643183742877154e-01
1.963495408493620475e+00,3.926990816987240951e+00,7.914346028973677782e-01
1.963495408493620475e+00,4.057890510886815960e+00,8.013912923284317591e-01
1.963495408493620475e+00,4.188790204786390525e+00,8.126207587662687137e-01
1.963495408493620475e+00,4.319689898685965090e+00,8.249835679780198605e-01
1.963495408493620475e+00,4.450589592585539656e+00,8.383139388918908752e-01
1.963495408493620475e+00,4.581489286485114221e+00,8.524180290029730322e-01
1.963495408493620475e+00,4.712388980384689674e+00,8.670754192738144850e-01
1.963495408493620475e+00,4.843288674284264239e+00,8.820415889645736307e-01
1.963495408493620475e+00,4.974188368183838804e+00,8.970516307865478156e-01
1.963495408493620475e+00,5.105088062083413369e+00,9.118253711232117142e-01
1.963495408493620475e+00,5.235987755982987935e+00,9.260740235585332991e-01
1.963495408493620475e+00,5.366887449882562500e+00,9.395069127341566517e-01
1.963495408493620475e+00,5.497787143782137953e+00,9.518402075670319151e-01
1.963495408493620475e+00,5.628686837681712518e+00,9.628053192652044068e-01
1.963495408493620475e+00,5.759586531581287083e+00,9.721573740545783604e-01
1.963495408493620475e+00,5.890486225480861648e+00,9.796833898200142388e-01
1.963495408493620475e+00,6.021385919380436214e+00,9.852092633052584869e-01
1.963495408493620475e+00,6.152285613280010779e+00,9.886062549465189919e-01
1.963495408493620475e+00,6.283185307179586232e+00,9.897952664129174849e-01
2.028945255443407980e+00,0.000000000000000000e+00,9.861987008334361926e-01
2.028945255443407980e+00,1.308996938995747039e-01,9.851883622486919956e-01
2.028945255443407980e+00,2.617993877991494078e-01,9.820423649820551049e-01
2.028945255443407980e+00,3.926990816987241395e-01,9.768365251410194849e-01
2.028945255443407980e+00,5.235987755982988157e-01,9.696940881321688410e-01
2.028945255443407980e+00,6.544984694978734918e-01,9.607813282803370214e-01
2.028945255443407980e+00,7.853981633974482790e-01,9.503014592158181006e-01
2.028945255443407980e+00,9.162978572970229552e-01,9.384882235220685098e-01
2.028945255443407980e+00,1.047197551196597631e+00,9.255975055797182049e-01
2.028945255443407980e+00,1.178097245096172418e+00,9.119001049966065642e-01
2.028945255443407980e+00,1.308996938995746984e+00,8.976727936923528661e-01
2.028945255443407980e+00,1.439896632895321771e+00,8.831913683084292588e-01
2.028945255443407980e+00,1.570796326794896558e+00,8.687234504925505085e-01
2.028945255443407980e+00,1.701696020694471123e+00,8.545224683025761658e-01
2.028945255443407980e+00,1.832595714594045910e+00,8.408229846051490375e-01
2.028945255443407980e+00,1.963495408493620475e+00,8.278376433888171571e-01
2.028945255443407980e+00,2.094395102393195263e+00,8.157545906994471130e-01
2.028945255443407980e+00,2.225294796292769828e+00,8.047363142815943116e-01
2.028945255443407980e+00,2.356194490192344837e+00,7.949180721740614075e-01
2.028945255443407980e+00,2.487094184091919402e+00,7.864205371293132574e-01
2.028945255443407980e+00,2.617993877991493967e+00,7.793285575082393724e-01
2.028945255443407980e+00,2.748893571891068976e+00,7.737155271300690806e-01
2.028945255443407980e+00,2.879793265790643542e+00,7.696349627144603023e-01
2.028945255443407980e+00,3.010692959690218107e+00,7.671244288141354506e-01
2.028945255443407980e+00,3.141592653589793116e+00,7.662070825426703369e-01
2.028945255443407980e+00,3.272492347489367681e+00,7.668924761158717462e-01
2.028945255443407980e+00,3.403392041388942246e+00,7.691774098017483130e-01
2.028945255443407980e+00,3.534291735288516811e+00,7.730447432310258993e-01
2.028945255443407980e+00,3.665191429188091821e+00,7.784621836829812569e-01
2.028945255443407980e+00,3.796091123087666386e+00,7.853814196252861812e-01
2.028945255443407980e+00,3.926990816987240951e+00,7.937350106373259884e-01
2.028945255443407980e+00,4.057890510886815960e+00,8.034339891259104638e-01
2.028945255443407980e+00,4.188790204786390525e+00,8.143659328793698693e-01
2.028945255443407980e+00,4.319689898685965090e+00,8.263946866991411788e-01
2.028945255443407980e+00,4.450589592585539656e+00,8.393564523068771654e-01
2.028945255443407980e+00,4.581489286485114221e+00,8.530620944227329527e-01
2.028945255443407980e+00,4.712388980384689674e+00,8.672951521394783869e-01
2.028945255443407980e+00,4.843288674284264239e+00,8.818225573714520982e-01
2.028945255443407980e+00,4.974188368183838804e+00,8.963830069111966559e-01
2.028945255443407980e+00,5.105088062083413369e+00,9.107066799939702584e-01
2.028945255443407980e+00,5.235987755982987935e+00,9.245147603078258669e-01
2.028945255443407980e+00,5.366887449882562500e+00,9.375268863510877182e-01
2.028945255443407980e+00,5.497787143782137953e+00,9.494690863620004473e-01
2.028945255443407980e+00,5.628686837681712518e+00,9.600831919549380755e-01
2.028945255443407980e+00,5.759586531581287083e+00,9.691336177270977181e-01
2.028945255443407980e+00,5.890486225480861648e+00,9.764153275231376439e-01
2.028945255443407980e+00,6.021385919380436214e+00,9.817612522012698628e-01
2.028945255443407980e+00,6.152285613280010779e+00,9.850478563588634939e-01
2.028945255443407980e+00,6.283185307179586232e+00,9.861987592042715800e-01
2.094395102393195263e+00,0.000000000000000000e+00,9.820700952259708849e-01
2.094395102393195263e+00,1.308996938995747039e-01,9.810997992280841018e-01
2.094395102393195263e+00,2.617993877991494078e-01,9.780759504838368867e-01
2.094395102393195263e+00,3.926990816987241395e-01,9.730705573940586772e-01
2.094395102393195263e+00,5.235987755982988157e-01,9.662018107971362957e-01
2.094395102393195263e+00,6.544984694978734918e-01,9.576275054985362578e-01
2.094395102393195263e+00,7.853981633974482790e-01,9.475420395887237390e-01
2.094395102393195263e+00,9.162978572970229552e-01,9.361687718672819791e-01
2.094395102393195263e+00,1.047197551196597631e+00,9.237522838890482868e-01
2.094395102393195263e+00,1.178097245096172418e+00,9.105519101709189655e-01
2.094395102393195263e+00,1.308996938995746984e+00,8.968330308975390741e-01
2.094395102393195263e+00,1.439896632895321771e+00,8.828608836199209886e-01
2.094395102393195263e+00,1.570796326794896558e+00,8.688922753824745993e-01
2.094395102393195263e+00,1.701696020694471123e+00,8.551725380134318488e-01
2.094395102393195263e+00,1.832595714594045910e+00,8.419280936122979231e-01
2.094395102393195263e+00,1.963495408493620475e+00,8.293651574231611923e-01
2.094395102393195263e+00,2.094395102393195263e+00,8.176671294262020107e-01
2.094395102393195263e+00,2.225294796292769828e+00,8.069929344662850612e-01
2.094395102393195263e+00,2.356194490192344837e+00,7.974780104118837087e-01
2.094395102393195263e+00,2.487094184091919402e+00,7.892341459914931079e-01
2.094395102393195263e+00,2.617993877991493967e+00,7.823524104414864011e-01
2.094395102393195263e+00,2.748893571891068976e+00,7.769038379854716903e-01
2.094395102393195263e+00,2.879793265790643542e+00,7.729419010744353891e-01
2.094395102393195263e+00,3.010692959690218107e+00,7.705042129025565512e-01
2.094395102393195263e+00,3.141592653589793116e+00,7.696146328653007407e-01
2.094395102393195263e+00,3.272492347489367681e+00,7.702818038896105390e-01
2.094395102393195263e+00,3.403392041388942246e+00,7.725031873853700493e-01
2.094395102393195263e+00,3.534291735288516811e+00,7.762600902215821552e-01
2.094395102393195263e+00,3.665191429188091821e+00,7.815211363860238292e-01
2.094395102393195263e+00,3.796091123087666386e+00,7.882366807661629338e-01
2.094395102393195263e+00,3.926990816987240951e+00,7.963396307901559057e-01
2.094395102393195263e+00,4.057890510886815960e+00,8.057411579544194735e-01
2.094395102393195263e+00,4.188790204786390525e+00,8.163313525568094420e-01
2.094395102393195263e+00,4.319689898685965090e+00,8.279760857990360323e-01
2.094395102393195263e+00,4.450589592585539656e+00,8.405152388135042063e-01
2.094395102393195263e+00,4.581489286485114221e+00,8.537639806682423282e-01
2.094395102393195263e+00,4.712388980384689674e+00,8.675146755775953178e-01
2.094395102393195263e+00,4.843288674284264239e+00,8.815375574068936571e-01
2.094395102393195263e+00,4.974188368183838804e+00,8.955845120869211362e-01
2.094395102393195263e+00,5.105088062083413369e+00,9.093956964914193808e-01
2.094395102393195263e+00,5.235987755982987935e+00,9.227016996526601345e-01
2.094395102393195263e+00,5.366887449882562500e+00,9.352347315129331262e-01
2.094395102393195263e+00,5.497787143782137953e+00,9.467324749317027610e-01
2.094395102393195263e+00,5.628686837681712518e+00,9.569477233667006422e-01
2.094395102393195263e+00,5.759586531581287083e+00,9.656554401539391153e-01
2.094395102393195263e+00,5.890486225480861648e+00,9.726599149927374066e-01
2.094395102393195263e+00,6.021385919380436214e+00,9.778017141154993208e-01
2.094395102393195263e+00,6.152285613280010779e+00,9.809625479058798891e-01
2.094395102393195263e+00,6.283185307179586232e+00,9.820701213126332707e-01
2.159844949342982545e+00,0.000000000000000000e+00,9.774342707188389268e-01
2.159844949342982545e+00,1.308996938995747039e-01,9.765083552352257223e-01
2.159844949342982545e+00,2.617993877991494078e-01,9.736201148319862941e-01
2.159844949342982545e+00,3.926990816987241395e-01,9.688380184606910639e-01
2.159844949342982545e+00,5.235987755982988157e-01,9.622730224700910551e-01
2.159844949342982545e+00,6.544984694978734918e-01,9.540755128057583079e-01
2.159844949342982545e+00,7.853981633974482790e-01,9.444293550395800318e-01
2.159844949342982545e+00,9.162978572970229552e-01,9.335470890516814890e-01
2.159844949342982545e+00,1.047197551196597631e+00,9.216587299255459831e-01
2.159844949342982545e+00,1.178097245096172418e+00,9.090132119673935973e-01
2.159844949342982545e+00,1.308996938995746984e+00,8.958625995014402044e-01
2.159844949342982545e+00,1.439896632895321771e+00,8.824596229918941770e-01
2.159844949342982545e+00,1.570796326794896558e+00,8.690510934583416391e-01
2.159844949342982545e+00,1.701696020694471123e+00,8.558709975845983919e-01
2.159844949342982545e+00,1.832595714594045910e+00,8.431378477959088347e-01
2.159844949342982545e+00,1.963495408493620475e+00,8.310505793561454579e-01
2.159844949342982545e+00,2.094395102393195263e+00,8.197868760597455395e-01
2.159844949342982545e+00,2.225294796292769828e+00,8.095017373682115158e-01
2.159844949342982545e+00,2.356194490192344837e+00,8.003269478480794508e-01
2.159844949342982545e+00,2.487094184091919402e+00,7.923731924588652831e-01
2.159844949342982545e+00,2.617993877991493967e+00,7.857298490539741387e-01
2.159844949342982545e+00,2.748893571891068976e+00,7.804682169724940222e-01
2.159844949342982545e+00,2.879793265790643542e+00,7.766412072457578031e-01
2.159844949342982545e+00,3.010692959690218107e+00,7.742869331586452741e-01
2.159844949342982545e+00,3.141592653589793116e+00,7.734282137726483652e-01
2.159844949342982545e+00,3.272492347489367681e+00,7.740748728301387604e-01
2.159844949342982545e+00,3.403392041388942246e+00,7.762232125251168346e-01
2.159844949342982545e+00,3.534291735288516811e+00,7.798548965213708550e-01
2.159844949342982545e+00,3.665191429188091821e+00,7.849372685800264371e-01
2.159844949342982545e+00,3.796091123087666386e+00,7.914215310496082179e-01
2.159844949342982545e+00,3.926990816987240951e+00,7.992401041299460607e-01
2.159844949342982545e+00,4.057890510886815960e+00,8.083058013068201708e-01
2.159844949342982545e+00,4.188790204786390525e+00,8.185099604968735232e-01
2.159844949342982545e+00,4.319689898685965090e+00,8.297211568263259673e-01
2.159844949342982545e+00,4.450589592585539656e+00,8.417843722019936470e-01
2.159844949342982545e+00,4.581489286485114221e+00,8.545204018675394142e-01
2.159844949342982545e+00,4.712388980384689674e+00,8.677282867668133504e-01
2.159844949342982545e+00,4.843288674284264239e+00,8.811877352090428106e-01
2.159844949342982545e+00,4.974188368183838804e+00,8.946609904793273449e-01
2.159844949342982545e+00,5.105088062083413369e+00,9.078983102625041157e-01
2.159844949342982545e+00,5.235987755982987935e+00,9.206445763225360457e-01
2.159844949342982545e+00,5.366887449882562500e+00,9.326432495621495011e-01
2.159844949342982545e+00,5.497787143782137953e+00,9.436457267622230249e-01
2.159844949342982545e+00,5.628686837681712518e+00,9.534168931722358797e-01
2.159844949342982545e+00,5.759586531581287083e+00,9.617429542348451266e-01
2.159844949342982545e+00,5.890486225480861648e+00,9.684390682233944281e-01
2.159844949342982545e+00,6.021385919380436214e+00,9.733536625439785928e-01
2.159844949342982545e+00,6.152285613280010779e+00,9.763749104135711621e-01
2.159844949342982545e+00,6.283185307179586232e+00,9.774342383101439768e-01
2.225294796292769828e+00,0.000000000000000000e+00,9.723185015744090220e-01
2.225294796292769828e+00,1.308996938995747039e-01,9.714410399494994852e-01
2.225294796292769828e+00,2.617993877991494078e-01,9.687010060329138694e-01
2.225294796292769828e+00,3.926990816987241395e-01,9.641627763518958449e-01
2.225294796292769828e+00,5.235987755982988157e-01,9.579304759735707275e-01
2.225294796292769828e+00,6.544984694978734918e-01,9.501452809858063064e-01
2.225294796292769828e+00,7.853981633974482790e-01,9.409801845467606896e-01
2.225294796292769828e+00,9.162978572970229552e-01,9.306342502908511172e-01
2.225294796292769828e+00,1.047197551196597631e+00,9.193269871965417117e-01
2.225294796292769828e+00,1.178097245096172418e+00,9.072912317098732471e-01
2.225294796292769828e+00,1.308996938995746984e+00,8.947658540152965134e-01
2.225294796292769828e+00,1.439896632895321771e+00,8.819903169656974073e-01
2.225294796292769828e+00,1.570796326794896558e+00,8.691991281062039221e-01
2.225294796292769828e+00,1.701696020694471123e+00,8.566134093337335331e-01
2.225294796292769828e+00,1.832595714594045910e+00,8.444481050812788769e-01
2.225294796292769828e+00,1.963495408493620475e+00,8.328882695690202898e-01
2.225294796292769828e+00,2.094395102393195263e+00,8.221071635234309394e-01
2.225294796292769828e+00,2.225294796292769828e+00,8.122545605968316540e-01
2.225294796292769828e+00,2.356194490192344837e+00,8.034590262522416371e-01
2.225294796292769828e+00,2.487094184091919402e+00,7.958289703712084773e-01
2.225294796292769828e+00,2.617993877991493967e+00,7.894525591312111512e-01
2.225294796292769828e+00,2.748893571891068976e+00,7.843999573929197888e-01
2.225294796292769828e+00,2.879793265790643542e+00,7.807242121073937335e-01
2.225294796292769828e+00,3.010692959690218107e+00,7.784628014617811509e-01
2.225294796292769828e+00,3.141592653589793116e+00,7.776390710189283739e-01
2.225294796292769828e+00,3.272492347489367681e+00,7.782623684051250823e-01
2.225294796292769828e+00,3.403392041388942246e+00,7.803285665864589937e-01
2.225294796292769828e+00,3.534291735288516811e+00,7.838193190909795716e-01
2.225294796292769828e+00,3.665191429188091821e+00,7.887020902799533051e-01
2.225294796292769828e+00,3.796091123087666386e+00,7.949271805149665804e-01
2.225294796292769828e+00,3.926990816987240951e+00,8.024286026735437671e-01
2.225294796292769828e+00,4.057890510886815960e+00,8.111199449591562916e-01
2.225294796292769828e+00,4.188790204786390525e+00,8.208942330473825155e-01
2.225294796292769828e+00,4.319689898685965090e+00,8.316247443892337277e-01
2.225294796292769828e+00,4.450589592585539656e+00,8.431601043968780518e-01
2.225294796292769828e+00,4.581489286485114221e+00,8.553263368716197412e-01
2.225294796292769828e+00,4.712388980384689674e+00,8.679369876492635250e-01
2.225294796292769828e+00,4.843288674284264239e+00,8.807749676513992876e-01
2.225294796292769828e+00,4.974188368183838804e+00,8.936157415993856157e-01
2.225294796292769828e+00,5.105088062083413369e+00,9.062225898451294892e-01
2.225294796292769828e+00,5.235987755982987935e+00,9.183539563186439159e-01
2.225294796292769828e+00,5.366887449882562500e+00,9.297666139668001595e-01
2.225294796292769828e+00,5.497787143782137953e+00,9.402258523878805896e-01
2.225294796292769828e+00,5.628686837681712518e+00,9.495104476444468089e-01
2.225294796292769828e+00,5.759586531581287083e+00,9.574190612720431259e-01
2.225294796292769828e+00,5.890486225480861648e+00,9.637774675283431458e-01
2.225294796292769828e+00,6.021385919380436214e+00,9.684434820453917681e-01
2.225294796292769828e+00,6.152285613280010779e+00,9.713119573062743983e-01
2.225294796292769828e+00,6.283185307179586232e+00,9.723184621726272958e-01
2.290744643242557110e+00,0.000000000000000000e+00,9.667527031879130650e-01
2.290744643242557110e+00,1.308996938995747039e-01,9.659273284058168541e-01
2.290744643242557110e+00,2.617993877991494078e-01,9.633472019148821008e-01
2.290744643242557110e+00,3.926990816987241395e-01,9.590718820948118672e-01
2.290744643242557110e+00,5.235987755982988157e-01,9.531985219190218794e-01
2.290744643242557110e+00,6.544984694978734918e-01,9.458584670172364151e-01
2.290744643242557110e+00,7.853981633974482790e-01,9.372135900132682051e-01
2.290744643242557110e+00,9.162978572970229552e-01,9.274487351076106112e-01
2.290744643242557110e+00,1.047197551196597631e+00,9.167698567653238539e-01
2.290744643242557110e+00,1.178097245096172418e+00,9.053949365976514674e-01
2.290744643242557110e+00,1.308996938995746984e+00,8.935480757545394281e-01
2.290744643242557110e+00,1.439896632895321771e+00,8.814544841730436175e-01
2.290744643242557110e+00,1.570796326794896558e+00,8.693355276607652726e-01
2.290744643242557110e+00,1.701696020694471123e+00,8.574025241405044406e-01
2.290744643242557110e+00,1.832595714594045910e+00,8.458538009377881695e-01
2.290744643242557110e+00,1.963495408493620475e+00,8.348715804081847658e-01
2.290744643242557110e+00,2.094395102393195263e+00,8.246194735202670989e-01
2.290744643242557110e+00,2.225294796292769828e+00,8.152426934491645572e-01
2.290744643242557110e+00,2.356194490192344837e+00,8.068648851921494947e-01
2.290744643242557110e+00,2.487094184091919402e+00,7.995922078581975123e-01
2.290744643242557110e+00,2.617993877991493967e+00,7.935107301642471134e-01
2.290744643242557110e+00,2.748893571891068976e+00,7.886894325572868514e-01
2.290744643242557110e+00,2.879793265790643542e+00,7.851808662346801970e-01
2.290744643242557110e+00,3.010692959690218107e+00,7.830225495071031494e-01
2.290744643242557110e+00,3.141592653589793116e+00,7.822371521761871671e-01
2.290744643242557110e+00,3.272492347489367681e+00,7.828341183381755108e-01
2.290744643242557110e+00,3.403392041388942246e+00,7.848093610852843183e-01
2.290744643242557110e+00,3.534291735288516811e+00,7.881439697871361894e-01
2.290744643242557110e+00,3.665191429188091821e+00,7.928052489729174868e-01
2.290744643242557110e+00,3.796091123087666386e+00,7.987444293014487329e-01
2.290744643242557110e+00,3.926990816987240951e+00,8.058992714215177378e-01
2.290744643242557110e+00,4.057890510886815960e+00,8.141742367751398923e-01
2.290744643242557110e+00,4.188790204786390525e+00,8.234760537318026596e-01
2.290744643242557110e+00,4.319689898685965090e+00,8.336787741564734011e-01
2.290744643242557110e+00,4.450589592585539656e+00,8.446366148257319351e-01
2.290744643242557110e+00,4.581489286485114221e+00,8.561846545729522306e-01
2.290744643242557110e+00,4.712388980384689674e+00,8.681394976705300026e-01
2.290744643242557110e+00,4.843288674284264239e+00,8.803009182533499954e-01
2.290744643242557110e+00,4.974188368183838804e+00,8.924546436319708009e-01
2.290744643242557110e+00,5.105088062083413369e+00,9.043777575867681939e-01
2.290744643242557110e+00,5.235987755982987935e+00,9.158414929953219152e-01
2.290744643242557110e+00,5.366887449882562500e+00,9.266196730708025076e-01
2.290744643242557110e+00,5.497787143782137953e+00,9.364914728477381489e-01
2.290744643242557110e+00,5.628686837681712518e+00,9.452502736806183137e-01
2.290744643242557110e+00,5.759586531581287083e+00,9.527081025528780778e-01
2.290744643242557110e+00,5.890486225480861648e+00,9.587018422551493169e-01
2.290744643242557110e+00,6.021385919380436214e+00,9.630996540411947970e-01
2.290744643242557110e+00,6.152285613280010779e+00,9.658033914111391338e-01
2.290744643242557110e+00,6.283185307179586232e+00,9.667526536115489399e-01
2.356194490192344837e+00,0.000000000000000000e+00,9.607692941307158785e-01
2.356194490192344837e+00,1.308996938995747039e-01,9.599991848920453874e-01
2.356194490192344837e+00,2.617993877991494078e-01,9.575893101082726400e-01
2.356194490192344837e+00,3.926990816987241395e-01,9.535942651743867238e-01
2.356194490192344837e+00,5.235987755982988157e-01,9.481035083856770296e-01
2.356194490192344837e+00,6.544984694978734918e-01,9.412386972529851459e-01
2.356194490192344837e+00,7.853981633974482790e-01,9.331487654830172840e-01
2.356194490192344837e+00,9.162978572970229552e-01,9.240058356643116033e-01
2.356194490192344837e+00,1.047197551196597631e+00,9.139998471399902735e-01
2.356194490192344837e+00,1.178097245096172418e+00,9.033332105810176760e-01
2.356194490192344837e+00,1.308996938995746984e+00,8.922146674367434915e-01
2.356194490192344837e+00,1.439896632895321771e+00,8.808549684599579210e-01
2.356194490192344837e+00,1.570796326794896558e+00,8.694601814786497851e-01
2.356194490192344837e+00,1.701696020694471123e+00,8.582293697091335494e-01
2.356194490192344837e+00,1.832595714594045910e+00,8.473495081411562824e-01
2.356194490192344837e+00,1.963495408493620475e+00,8.369930369507535550e-01
2.356194490192344837e+00,2.094395102393195263e+00,8.273160635437943888e-01
2.356194490192344837e+00,2.225294796292769828e+00,8.184568679041416273e-01
2.356194490192344837e+00,2.356194490192344837e+00,8.105346684417085168e-01
2.356194490192344837e+00,2.487094184091919402e+00,8.036520315400510484e-01
2.356194490192344837e+00,2.617993877991493967e+00,7.978931903254278257e-01
2.356194490192344837e+00,2.748893571891068976e+00,7.933251946417440026e-01
2.356194490192344837e+00,2.879793265790643542e+00,7.900003433353315341e-01
2.356194490192344837e+00,3.010692959690218107e+00,7.879547561110062937e-01
2.356194490192344837e+00,3.141592653589793116e+00,7.872113979443047249e-01
2.356194490192344837e+00,3.272492347489367681e+00,7.877794557018898969e-01
2.356194490192344837e+00,3.403392041388942246e+00,7.896541166634737374e-01
2.356194490192344837e+00,3.534291735288516811e+00,7.928173812901408990e-01
2.356194490192344837e+00,3.665191429188091821e+00,7.972358432450394883e-01
2.356194490192344837e+00,3.796091123087666386e+00,8.028613563649095175e-01
2.356194490192344837e+00,3.926990816987240951e+00,8.096295760795788610e-01
2.356194490192344837e+00,4.057890510886815960e+00,8.174583005133015945e-01
2.356194490192344837e+00,4.188790204786390525e+00,8.262469588198892989e-01
2.356194490192344837e+00,4.319689898685965090e+00,8.358761694524164954e-01
2.356194490192344837e+00,4.450589592585539656e+00,8.462080931858372290e-01
2.356194490192344837e+00,4.581489286485114221e+00,8.570858824512742613e-01
2.356194490192344837e+00,4.712388980384689674e+00,8.683357332104979509e-01
2.356194490192344837e+00,4.843288674284264239e+00,8.797681547940717772e-01
2.356194490192344837e+00,4.974188368183838804e+00,8.911831257818362273e-01
2.356194490192344837e+00,5.105088062083413369e+00,9.023716837481104980e-01
2.356194490192344837e+00,5.235987755982987935e+00,9.131207638610343569e-01
2.356194490192344837e+00,5.366887449882562500e+00,9.232194098589481257e-01
2.356194490192344837e+00,5.497787143782137953e+00,9.324630460007553578e-01
2.356194490192344837e+00,5.628686837681712518e+00,9.406600196697962879e-01
2.356194490192344837e+00,5.759586531581287083e+00,9.476361696407473723e-01
2.356194490192344837e+00,5.890486225480861648e+00,9.532412042502755867e-01
2.356194490192344837e+00,6.021385919380436214e+00,9.573529504638544907e-01
2.356194490192344837e+00,6.152285613280010779e+00,9.598807224566895391e-01
2.356194490192344837e+00,6.283185307179586232e+00,9.607692651934343075e-01
2.421644337142132120e+00,0.000000000000000000e+00,9.544020035605589314e-01
2.421644337142132120e+00,1.308996938995747039e-01,9.536902695273433705e-01
2.421644337142132120e+00,2.617993877991494078e-01,9.514596172824985043e-01
2.421644337142132120e+00,3.926990816987241395e-01,9.477601418648151643e-01
2.421644337142132120e+00,5.235987755982988157e-01,9.426738000192584899e-01
2.421644337142132120e+00,6.544984694978734918e-01,9.363108729433663457e-01
2.421644337142132120e+00,7.853981633974482790e-01,9.288081426836864996e-01
2.421644337142132120e+00,9.162978572970229552e-01,9.203233759143716330e-01
2.421644337142132120e+00,1.047197551196597631e+00,9.110305994376514116e-01
2.421644337142132120e+00,1.178097245096172418e+00,9.011161202725700425e-01
2.421644337142132120e+00,1.308996938995746984e+00,8.907723225228322272e-01
2.421644337142132120e+00,1.439896632895321771e+00,8.801936640610973361e-01
2.421644337142132120e+00,1.570796326794896558e+00,8.695721752878792232e-01
2.421644337142132120e+00,1.701696020694471123e+00,8.590924233363465001e-01
2.421644337142132120e+00,1.832595714594045910e+00,8.489293490284977040e-01
2.421644337142132120e+00,1.963495408493620475e+00,8.392450022400315124e-01
2.421644337142132120e+00,2.094395102393195263e+00,8.301869140679681847e-01
2.421644337142132120e+00,2.225294796292769828e+00,8.218864244016556020e-01
2.421644337142132120e+00,2.356194490192344837e+00,8.144562075607684193e-01
2.421644337142132120e+00,2.487094184091919402e+00,8.079967720071042914e-01
2.421644337142132120e+00,2.617993877991493967e+00,8.025880019327249482e-01
2.421644337142132120e+00,2.748893571891068976e+00,7.982953302723623246e-01
2.421644337142132120e+00,2.879793265790643542e+00,7.951696634025642307e-01
2.421644337142132120e+00,3.010692959690218107e+00,7.932468493275626198e-01
2.421644337142132120e+00,3.141592653589793116e+00,7.925494317809740341e-01
2.421644337142132120e+00,3.272492347489367681e+00,7.930852542988109377e-01
2.421644337142132120e+00,3.403392041388942246e+00,7.948504911442214604e-01
2.421644337142132120e+00,3.534291735288516811e+00,7.978266015952771850e-01
2.421644337142132120e+00,3.665191429188091821e+00,8.019812074157837145e-01
2.421644337142132120e+00,3.796091123087666386e+00,8.072661596310408694e-01
2.421644337142132120e+00,3.926990816987240951e+00,8.136195891176829509e-01
2.421644337142132120e+00,4.057890510886815960e+00,8.209616534684400779e-01
2.421644337142132120e+00,4.188790204786390525e+00,8.291960618326116306e-01
2.421644337142132120e+00,4.319689898685965090e+00,8.382084478737947819e-01
2.421644337142132120e+00,4.450589592585539656e+00,8.478683885986714186e-01
2.421644337142132120e+00,4.581489286485114221e+00,8.580279412593335708e-01
2.421644337142132120e+00,4.712388980384689674e+00,8.685232659695715229e-01
2.421644337142132120e+00,4.843288674284264239e+00,8.791785967463703333e-01
2.421644337142132120e+00,4.974188368183838804e+00,8.898067946756609281e-01
2.421644337142132120e+00,5.105088062083413369e+00,9.002145833611212566e-01
2.421644337142132120e+00,5.235987755982987935e+00,9.102050599678838116e-01
2.421644337142132120e+00,5.366887449882562500e+00,9.195834131960732849e-01
2.421644337142132120e+00,5.497787143782137953e+00,9.281618399562132637e-01
2.421644337142132120e+00,5.628686837681712518e+00,9.357643877078821726e-01
2.421644337142132120e+00,5.759586531581287083e+00,9.422318798319251343e-01
2.421644337142132120e+00,5.890486225480861648e+00,9.474261554881217018e-01
2.421644337142132120e+00,6.021385919380436214e+00,9.512357158522961598e-01
2.421644337142132120e+00,6.152285613280010779e+00,9.535779058058905244e-01
2.421644337142132120e+00,6.283185307179586232e+00,9.544018808375323015e-01
2.487094184091919402e+00,0.000000000000000000e+00,9.476867515047014967e-01
2.487094184091919402e+00,1.308996938995747039e-01,9.470352311062351092e-01
2.487094184091919402e+00,2.617993877991494078e-01,9.449927135523544797e-01
2.487094184091919402e+00,3.926990816987241395e-01,9.416024418156619946e-01
2.487094184091919402e+00,5.235987755982988157e-01,9.369387405489117970e-01
2.487094184091919402e+00,6.544984694978734918e-01,9.311016358955317429e-01
2.487094184091919402e+00,7.853981633974482790e-01,9.242145858931164470e-01
2.487094184091919402e+00,9.162978572970229552e-01,9.164204393490339440e-01
2.487094184091919402e+00,1.047197551196597631e+00,9.078772148881375514e-01
2.487094184091919402e+00,1.178097245096172418e+00,8.987541788914404917e-01
2.487094184091919402e+00,1.308996938995746984e+00,8.892274898484076040e-01
2.487094184091919402e+00,1.439896632895321771e+00,8.794739268258582321e-01
2.487094184091919402e+00,1.570796326794896558e+00,8.696709939539987166e-01
2.487094184091919402e+00,1.701696020694471123e+00,8.599880316603374375e-01
2.487094184091919402e+00,1.832595714594045910e+00,8.505872350331209475e-01
2.487094184091919402e+00,1.963495408493620475e+00,8.416194240025801632e-01
2.487094184091919402e+00,2.094395102393195263e+00,8.332222525408630176e-01
2.487094184091919402e+00,2.225294796292769828e+00,8.255190162542194177e-01
2.487094184091919402e+00,2.356194490192344837e+00,8.186181598539499227e-01
2.487094184091919402e+00,2.487094184091919402e+00,8.126129085297597587e-01
2.487094184091919402e+00,2.617993877991493967e+00,8.075808770858461383e-01
2.487094184091919402e+00,2.748893571891068976e+00,8.035853493781579537e-01
2.487094184091919402e+00,2.879793265790643542e+00,8.006750094759603753e-01
2.487094184091919402e+00,3.010692959690218107e+00,7.988846893052612419e-01
2.487094184091919402e+00,3.141592653589793116e+00,7.982359977567043963e-01
2.487094184091919402e+00,3.272492347489367681e+00,7.987371559197334880e-01
2.487094184091919402e+00,3.403392041388942246e+00,8.003837736368953903e-01
2.487094184091919402e+00,3.534291735288516811e+00,8.031572033744666106e-01
2.487094184091919402e+00,3.665191429188091821e+00,8.070263315898779100e-01
2.487094184091919402e+00,3.796091123087666386e+00,8.119449102912772442e-01
2.487094184091919402e+00,3.926990816987240951e+00,8.178521968239786943e-01
2.487094184091919402e+00,4.057890510886815960e+00,8.246720282139622382e-01
2.487094184091919402e+00,4.188790204786390525e+00,8.323130286982438619e-01
2.487094184091919402e+00,4.319689898685965090e+00,8.406672042408420698e-01
2.487094184091919402e+00,4.450589592585539656e+00,8.496113052543184940e-01
2.487094184091919402e+00,4.581489286485114221e+00,8.590067305901942785e-01
2.487094184091919402e+00,4.712388980384689674e+00,8.687033972053479491e-01
2.487094184091919402e+00,4.843288674284264239e+00,8.785348602578453292e-01
2.487094184091919402e+00,4.974188368183838804e+00,8.883325990126047511e-01
2.487094184091919402e+00,5.105088062083413369e+00,8.979172043580577744e-01
2.487094184091919402e+00,5.235987755982987935e+00,9.071090587624618395e-01
2.487094184091919402e+00,5.366887449882562500e+00,9.157309870066733248e-01
2.487094184091919402e+00,5.497787143782137953e+00,9.236111106106744684e-01
2.487094184091919402e+00,5.628686837681712518e+00,9.305906365460295815e-01
2.487094184091919402e+00,5.759586531581287083e+00,9.365248971735290473e-01
2.487094184091919402e+00,5.890486225480861648e+00,9.412892508123126278e-01
2.487094184091919402e+00,6.021385919380436214e+00,9.447826160683017171e-01
2.487094184091919402e+00,6.152285613280010779e+00,9.469304186792139033e-01
2.487094184091919402e+00,6.283185307179586232e+00,9.476867783859813654e-01
2.552544031041706685e+00,0.000000000000000000e+00,9.406608312341036005e-01
2.552544031041706685e+00,1.308996938995747039e-01,9.400727360844614022e-01
2.552544031041706685e+00,2.617993877991494078e-01,9.382236405436642501e-01
2.552544031041706685e+00,3.926990816987241395e-01,9.351540910010742724e-01
2.552544031041706685e+00,5.235987755982988157e-01,9.309292487076787914e-01
2.552544031041706685e+00,6.544984694978734918e-01,9.256383940113499520e-01
2.552544031041706685e+00,7.853981633974482790e-01,9.193913442101906419e-01
2.552544031041706685e+00,9.162978572970229552e-01,9.123166509247233602e-01
2.552544031041706685e+00,1.047197551196597631e+00,9.045551081521641112e-01
2.552544031041706685e+00,1.178097245096172418e+00,8.962593039076216517e-01
2.552544031041706685e+00,1.308996938995746984e+00,8.875873706855510470e-01
2.552544031041706685e+00,1.439896632895321771e+00,8.786995957180635530e-01
2.552544031041706685e+00,1.570796326794896558e+00,8.697567477193800523e-01
2.552544031041706685e+00,1.701696020694471123e+00,8.609124087961282923e-01
2.552544031041706685e+00,1.832595714594045910e+00,8.523166196987636001e-01
2.552544031041706685e+00,1.963495408493620475e+00,8.441072527972227624e-01
2.552544031041706685e+00,2.094395102393195263e+00,8.364111037698742646e-01
2.552544031041706685e+00,2.225294796292769828e+00,8.293437372158151133e-01
2.552544031041706685e+00,2.356194490192344837e+00,8.230061581706225038e-01
2.552544031041706685e+00,2.487094184091919402e+00,8.174864585216194968e-01
2.552544031041706685e+00,2.617993877991493967e+00,8.128575697936859523e-01
2.552544031041706685e+00,2.748893571891068976e+00,8.091800209553464684e-01
2.552544031041706685e+00,2.879793265790643542e+00,8.065003974496359751e-01
2.552544031041706685e+00,3.010692959690218107e+00,8.048523282138151380e-01
2.552544031041706685e+00,3.141592653589793116e+00,8.042557831284693481e-01
2.552544031041706685e+00,3.272492347489367681e+00,8.047193460869592752e-01
2.552544031041706685e+00,3.403392041388942246e+00,8.062379071222143256e-01
2.552544031041706685e+00,3.534291735288516811e+00,8.087939081605213243e-01
2.552544031041706685e+00,3.665191429188091821e+00,8.123569005292119449e-01
2.552544031041706685e+00,3.796091123087666386e+00,8.168829981820872055e-01
2.552544031041706685e+00,3.926990816987240951e+00,8.223135422792913207e-01
2.552544031041706685e+00,4.057890510886815960e+00,8.285772032302558543e-01
2.552544031041706685e+00,4.188790204786390525e+00,8.355872862185209637e-01
2.552544031041706685e+00,4.319689898685965090e+00,8.432428176659321206e-01
2.552544031041706685e+00,4.450589592585539656e+00,8.514292672567881359e-01
2.552544031041706685e+00,4.581489286485114221e+00,8.600187569848070090e-01
2.552544031041706685e+00,4.712388980384689674e+00,8.688724813703729843e-01
2.552544031041706685e+00,4.843288674284264239e+00,8.778409492622888388e-01
2.552544031041706685e+00,4.974188368183838804e+00,8.867674116118491323e-01
2.552544031041706685e+00,5.105088062083413369e+00,8.954908385606724641e-01
2.552544031041706685e+00,5.235987755982987935e+00,9.038482541186239061e-01
2.552544031041706685e+00,5.366887449882562500e+00,9.116809686021847270e-01
2.552544031041706685e+00,5.497787143782137953e+00,9.188345133339823612e-01
2.552544031041706685e+00,5.628686837681712518e+00,9.251658822666447568e-01
2.552544031041706685e+00,5.759586531581287083e+00,9.305458706600209240e-01
2.552544031041706685e+00,5.890486225480861648e+00,9.348636696688445991e-01
2.552544031041706685e+00,6.021385919380436214e+00,9.380289622943885908e-01
2.552544031041706685e+00,6.152285613280010779e+00,9.399748552708245830e-01
2.552544031041706685e+00,6.283185307179586232e+00,9.406608087258470086e-01
2.617993877991493967e+00,0.000000000000000000e+00,9.333625061610841822e-01
2.617993877991493967e+00,1.308996938995747039e-01,9.328390844210913135e-01
2.617993877991493967e+00,2.617993877991494078e-01,9.311894908586204611e-01
2.617993877991493967e+00,3.926990816987241395e-01,9.284498743854280312e-01
2.617993877991493967e+00,5.235987755982988157e-01,9.246770886739068551e-01
2.617993877991493967e+00,6.544984694978734918e-01,9.199486187959545758e-01
2.617993877991493967e+00,7.853981633974482790e-01,9.143636420445165891e-01
2.617993877991493967e+00,9.162978572970229552e-01,9.080323795241486140e-01
2.617993877991493967e+00,1.047197551196597631e+00,9.010807526698508818e-01
2.617993877991493967e+00,1.178097245096172418e+00,8.936427236477977321e-01
2.617993877991493967e+00,1.308996938995746984e+00,8.858591796269470464e-01
2.617993877991493967e+00,1.439896632895321771e+00,8.778734333906577092e-01
2.617993877991493967e+00,1.570796326794896558e+00,8.698270424417595681e-01
2.617993877991493967e+00,1.701696020694471123e+00,8.618627269573309047e-01
2.617993877991493967e+00,1.832595714594045910e+00,8.541110530478633889e-01
2.617993877991493967e+00,1.963495408493620475e+00,8.466986685522859268e-01
2.617993877991493967e+00,2.094395102393195263e+00,8.397421517574383820e-01
2.617993877991493967e+00,2.225294796292769828e+00,8.333465479748740634e-01
2.617993877991493967e+00,2.356194490192344837e+00,8.276057246009811408e-01
2.617993877991493967e+00,2.487094184091919402e+00,8.226008211768723877e-01
2.617993877991493967e+00,2.617993877991493967e+00,8.184010196286949368e-01
2.617993877991493967e+00,2.748893571891068976e+00,8.150621266110704699e-01
2.617993877991493967e+00,2.879793265790643542e+00,8.126283380286466462e-01
2.617993877991493967e+00,3.010692959690218107e+00,8.111289592981291152e-01
2.617993877991493967e+00,3.141592653589793116e+00,8.105908234391787648e-01
2.617993877991493967e+00,3.272492347489367681e+00,8.110137116720522732e-01
2.617993877991493967e+00,3.403392041388942246e+00,8.123950794006185028e-01
2.617993877991493967e+00,3.534291735288516811e+00,8.147189942381729555e-01
2.617993877991493967e+00,3.665191429188091821e+00,8.179556729711346952e-01
2.617993877991493967e+00,3.796091123087666386e+00,8.220637043151043377e-01
2.617993877991493967e+00,3.926990816987240951e+00,8.269884082468558217e-01
2.617993877991493967e+00,4.057890510886815960e+00,8.326625713578120758e-01
2.617993877991493967e+00,4.188790204786390525e+00,8.390057879110317529e-01
2.617993877991493967e+00,4.319689898685965090e+00,8.459249635277710233e-01
2.617993877991493967e+00,4.450589592585539656e+00,8.533152580077432159e-01
2.617993877991493967e+00,4.581489286485114221e+00,8.610596160700579871e-01
2.617993877991493967e+00,4.712388980384689674e+00,8.690326842898050685e-01
2.617993877991493967e+00,4.843288674284264239e+00,8.770991163474279873e-01
2.617993877991493967e+00,4.974188368183838804e+00,8.851146458498877490e-01
2.617993877991493967e+00,5.105088062083413369e+00,8.929465709399653228e-01
2.617993877991493967e+00,5.235987755982987935e+00,9.004391887403252470e-01
2.617993877991493967e+00,5.366887449882562500e+00,9.074542460155442525e-01
2.617993877991493967e+00,5.497787143782137953e+00,9.138561840449881402e-01
2.617993877991493967e+00,5.628686837681712518e+00,9.195181905801429467e-01
2.617993877991493967e+00,5.759586531581287083e+00,9.243267783090638456e-01
2.617993877991493967e+00,5.890486225480861648e+00,9.281842016488494052e-01
2.617993877991493967e+00,6.021385919380436214e+00,9.310096564389912510e-01
2.617993877991493967e+00,6.152285613280010779e+00,9.327493318276809386e-01
2.617993877991493967e+00,6.283185307179586232e+00,9.333625276571166918e-01
2.683443724941281250e+00,0.000000000000000000e+00,9.258308390419824896e-01
2.683443724941281250e+00,1.308996938995747039e-01,9.253726768768074651e-01
2.683443724941281250e+00,2.617993877991494078e-01,9.239274001417202564e-01
2.683443724941281250e+00,3.926990816987241395e-01,9.215248395247573887e-01
2.683443724941281250e+00,5.235987755982988157e-01,9.182147743561793751e-01
2.683443724941281250e+00,6.544984694978734918e-01,9.140641737379564535e-01
2.683443724941281250e+00,7.853981633974482790e-01,9.091565626767883490e-01
2.683443724941281250e+00,9.162978572970229552e-01,9.035892009758754728e-01
2.683443724941281250e+00,1.047197551196597631e+00,8.974703019469054688e-01
2.683443724941281250e+00,1.178097245096172418e+00,8.909185414825787630e-01
2.683443724941281250e+00,1.308996938995746984e+00,8.840514343449090706e-01
2.683443724941281250e+00,1.439896632895321771e+00,8.769989270247476876e-01
2.683443724941281250e+00,1.570796326794896558e+00,8.698855297206347092e-01
2.683443724941281250e+00,1.701696020694471123e+00,8.628338267210032830e-01
2.683443724941281250e+00,1.832595714594045910e+00,8.559625231388525712e-01
2.683443724941281250e+00,1.963495408493620475e+00,8.493838631943904094e-01
2.683443724941281250e+00,2.094395102393195263e+00,8.432027662524288480e-01
2.683443724941281250e+00,2.225294796292769828e+00,8.375133061582693550e-01
2.683443724941281250e+00,2.356194490192344837e+00,8.324008769722501810e-01
2.683443724941281250e+00,2.487094184091919402e+00,8.279396422360443264e-01
2.683443724941281250e+00,2.617993877991493967e+00,8.241932403221052805e-01
2.683443724941281250e+00,2.748893571891068976e+00,8.212130485071647001e-01
2.683443724941281250e+00,2.879793265790643542e+00,8.190402481774452514e-01
2.683443724941281250e+00,3.010692959690218107e+00,8.177037129853326203e-01
2.683443724941281250e+00,3.141592653589793116e+00,8.172222398503639074e-01
2.683443724941281250e+00,3.272492347489367681e+00,8.176005930521853537e-01
2.683443724941281250e+00,3.403392041388942246e+00,8.188364897406876786e-01
2.683443724941281250e+00,3.534291735288516811e+00,8.209137029734805413e-01
2.683443724941281250e+00,3.665191429188091821e+00,8.238044459326826496e-01
2.683443724941281250e+00,3.796091123087666386e+00,8.274702091051195918e-01
2.683443724941281250e+00,3.926990816987240951e+00,8.318608504891187305e-01
2.683443724941281250e+00,4.057890510886815960e+00,8.369138455037562485e-01
2.683443724941281250e+00,4.188790204786390525e+00,8.425563416950341278e-01
2.683443724941281250e+00,4.319689898685965090e+00,8.487035417161736817e-01
2.683443724941281250e+00,4.450589592585539656e+00,8.552623134502743696e-01
2.683443724941281250e+00,4.581489286485114221e+00,8.621252808082272567e-01
2.683443724941281250e+00,4.712388980384689674e+00,8.691820522791778858e-01
2.683443724941281250e+00,4.843288674284264239e+00,8.763166319256553427e-01
2.683443724941281250e+00,4.974188368183838804e+00,8.833931144069008257e-01
2.683443724941281250e+00,5.105088062083413369e+00,8.902972828366189084e-01
2.683443724941281250e+00,5.235987755982987935e+00,8.968976689198797647e-01
2.683443724941281250e+00,5.366887449882562500e+00,9.030724606108215813e-01
2.683443724941281250e+00,5.497787143782137953e+00,9.087018828534196846e-01
2.683443724941281250e+00,5.628686837681712518e+00,9.136772808983280036e-01
2.683443724941281250e+00,5.759586531581287083e+00,9.178998527661959006e-01
2.683443724941281250e+00,5.890486225480861648e+00,9.212859175600282002e-01
2.683443724941281250e+00,6.021385919380436214e+00,9.237668233254241468e-01
2.683443724941281250e+00,6.152285613280010779e+00,9.252918052515982650e-01
2.683443724941281250e+00,6.283185307179586232e+00,9.258307702145256446e-01
2.748893571891068976e+00,0.000000000000000000e+00,9.181055022135155008e-01
2.748893571891068976e+00,1.308996938995747039e-01,9.177137548218903262e-01
2.748893571891068976e+00,2.617993877991494078e-01,9.164751064204323949e-01
2.748893571891068976e+00,3.926990816987241395e-01,9.144152476525063689e-01
2.748893571891068976e+00,5.235987755982988157e-01,9.115753211262556110e-01
2.748893571891068976e+00,6.544984694978734918e-01,9.080124483122361534e-01
2.748893571891068976e+00,7.853981633974482790e-01,9.037957202469524276e-01
2.748893571891068976e+00,9.162978572970229552e-01,8.990082923110683799e-01
2.748893571891068976e+00,1.047197551196597631e+00,8.937410593309360607e-01
2.748893571891068976e+00,1.178097245096172418e+00,8.880946639612354865e-01
2.748893571891068976e+00,1.308996938995746984e+00,8.821718088486306675e-01
2.748893571891068976e+00,1.439896632895321771e+00,8.760806539025235429e-01
2.748893571891068976e+00,1.570796326794896558e+00,8.699291358756398029e-01
2.748893571891068976e+00,1.701696020694471123e+00,8.638220674759936601e-01
2.748893571891068976e+00,1.832595714594045910e+00,8.578636687583024445e-01
2.748893571891068976e+00,1.963495408493620475e+00,8.521529502473562667e-01
2.748893571891068976e+00,2.094395102393195263e+00,8.467800114209915741e-01
2.748893571891068976e+00,2.225294796292769828e+00,8.418285534708035422e-01
2.748893571891068976e+00,2.356194490192344837e+00,8.373747101529572801e-01
2.748893571891068976e+00,2.487094184091919402e+00,8.334848107225225622e-01
2.748893571891068976e+00,2.617993877991493967e+00,8.302149388127264551e-01
2.748893571891068976e+00,2.748893571891068976e+00,8.276126455044027219e-01
2.748893571891068976e+00,2.879793265790643542e+00,8.257145137612710295e-01
2.748893571891068976e+00,3.010692959690218107e+00,8.245467829755382949e-01
2.748893571891068976e+00,3.141592653589793116e+00,8.241264886575527804e-01
2.748893571891068976e+00,3.272492347489367681e+00,8.244593127054765658e-01
2.748893571891068976e+00,3.403392041388942246e+00,8.255407436854633740e-01
2.748893571891068976e+00,3.534291735288516811e+00,8.273571196530355998e-01
2.748893571891068976e+00,3.665191429188091821e+00,8.298826822168561268e-01
2.748893571891068976e+00,3.796091123087666386e+00,8.330830120194547828e-01
2.748893571891068976e+00,3.926990816987240951e+00,8.369121136291216567e-01
2.748893571891068976e+00,4.057890510886815960e+00,8.413142154157265962e-01
2.748893571891068976e+00,4.188790204786390525e+00,8.462248640204421690e-01
2.748893571891068976e+00,4.319689898685965090e+00,8.515683641032324447e-01
2.748893571891068976e+00,4.450589592585539656e+00,8.572601134806954182e-01
2.748893571891068976e+00,4.581489286485114221e+00,8.632104182981316098e-01
2.748893571891068976e+00,4.712388980384689674e+00,8.693199638752225900e-01
2.748893571891068976e+00,4.843288674284264239e+00,8.754853355381856383e-01
2.748893571891068976e+00,4.974188368183838804e+00,8.816000054277460807e-01
2.748893571891068976e+00,5.105088062083413369e+00,8.875549338061891058e-01
2.748893571891068976e+00,5.235987755982987935e+00,8.932421450121403872e-01
2.748893571891068976e+00,5.366887449882562500e+00,8.985564793551457097e-01
2.748893571891068976e+00,5.497787143782137953e+00,9.033973474654036773e-01
2.748893571891068976e+00,5.628686837681712518e+00,9.076725858319540929e-01
2.748893571891068976e+00,5.759586531581287083e+00,9.112987832917608388e-01
2.748893571891068976e+00,5.890486225480861648e+00,9.142048050163810169e-01
2.748893571891068976e+00,6.021385919380436214e+00,9.163334738084242259e-01
2.748893571891068976e+00,6.152285613280010779e+00,9.176424694565833429e-01
2.748893571891068976e+00,6.283185307179586232e+00,9.181052437073937700e-01
2.814343418840856259e+00,0.000000000000000000e+00,9.102252571350221144e-01
2.814343418840856259e+00,1.308996938995747039e-01,9.099005176380423610e-01
2.814343418840856259e+00,2.617993877991494078e-01,9.088710270318486328e-01
2.814343418840856259e+00,3.926990816987241395e-01,9.071568476527113178e-01
2.814343418840856259e+00,5.235987755982988157e-01,9.047921514365045992e-01
2.814343418840856259e+00,6.544984694978734918e-01,9.018234649182967910e-01
2.814343418840856259e+00,7.853981633974482790e-01,8.983077321508164959e-01
2.814343418840856259e+00,9.162978572970229552e-01,8.943122365961770903e-01
2.814343418840856259e+00,1.047197551196597631e+00,8.899119475155360393e-01
2.814343418840856259e+00,1.178097245096172418e+00,8.851910631157012821e-01
2.814343418840856259e+00,1.308996938995746984e+00,8.802292240385506394e-01
2.814343418840856259e+00,1.439896632895321771e+00,8.751221582964536783e-01
2.814343418840856259e+00,1.570796326794896558e+00,8.699571827400895963e-01
2.814343418840856259e+00,1.701696020694471123e+00,8.648239055985355028e-01
2.814343418840856259e+00,1.832595714594045910e+00,8.598087173044667297e-01
2.814343418840856259e+00,1.963495408493620475e+00,8.549954900253778911e-01
2.814343418840856259e+00,2.094395102393195263e+00,8.504599830676828898e-01
2.814343418840856259e+00,2.225294796292769828e+00,8.462765744510892807e-01
2.814343418840856259e+00,2.356194490192344837e+00,8.425092685280641813e-01
2.814343418840856259e+00,2.487094184091919402e+00,8.392155609693989771e-01
2.814343418840856259e+00,2.617993877991493967e+00,8.364449066101602437e-01
2.814343418840856259e+00,2.748893571891068976e+00,8.342385278070818533e-01
2.814343418840856259e+00,2.879793265790643542e+00,8.326286777632683211e-01
2.814343418840856259e+00,3.010692959690218107e+00,8.316384488181820522e-01
2.814343418840856259e+00,3.141592653589793116e+00,8.312824683192530095e-01
2.814343418840856259e+00,3.272492347489367681e+00,8.315655218532180815e-01
2.814343418840856259e+00,3.403392041388942246e+00,8.324849741542121873e-01
2.814343418840856259e+00,3.534291735288516811e+00,8.340270295894395280e-01
2.814343418840856259e+00,3.665191429188091821e+00,8.361694286961004474e-01
2.814343418840856259e+00,3.796091123087666386e+00,8.388856478269578476e-01
2.814343418840856259e+00,3.926990816987240951e+00,8.421247434587834091e-01
2.814343418840856259e+00,4.057890510886815960e+00,8.458491000389827263e-01
2.814343418840856259e+00,4.188790204786390525e+00,8.499976737798987658e-01
2.814343418840856259e+00,4.319689898685965090e+00,8.545058065911453893e-01
2.814343418840856259e+00,4.450589592585539656e+00,8.593031372885970853e-01
2.814343418840856259e+00,4.581489286485114221e+00,8.643110695875304561e-01
2.814343418840856259e+00,4.712388980384689674e+00,8.694458780879550375e-01
2.814343418840856259e+00,4.843288674284264239e+00,8.746210612405026508e-01
2.814343418840856259e+00,4.974188368183838804e+00,8.797467507580135626e-01
2.814343418840856259e+00,5.105088062083413369e+00,8.847326082394409985e-01
2.814343418840856259e+00,5.235987755982987935e+00,8.894888415494909273e-01
2.814343418840856259e+00,5.366887449882562500e+00,8.939286544237944332e-01
2.814343418840856259e+00,5.497787143782137953e+00,8.979690210995654454e-01
2.814343418840856259e+00,5.628686837681712518e+00,9.015327492900148121e-01
2.814343418840856259e+00,5.759586531581287083e+00,9.045562255791357309e-01
2.814343418840856259e+00,5.890486225480861648e+00,9.069770033775867990e-01
2.814343418840856259e+00,6.021385919380436214e+00,9.087493316549192235e-01
2.814343418840856259e+00,6.152285613280010779e+00,9.098391146038765642e-01
2.814343418840856259e+00,6.283185307179586232e+00,9.102255139635557768e-01
2.879793265790643542e+00,0.000000000000000000e+00,9.022308919204332645e-01
2.879793265790643542e+00,1.308996938995747039e-01,9.019724510675505291e-01
2.879793265790643542e+00,2.617993877991494078e-01,9.011517268027960936e-01
2.879793265790643542e+00,3.926990816987241395e-01,8.997852030704288628e-01
2.879793265790643542e+00,5.235987755982988157e-01,8.978989230130871579e-01
2.879793265790643542e+00,6.544984694978734918e-01,8.955284597862390727e-01
2.879793265790643542e+00,7.853981633974482790e-01,8.927188885504693250e-01
2.879793265790643542e+00,9.162978572970229552e-01,8.895226780197298400e-01
2.879793265790643542e+00,1.047197551196597631e+00,8.859995627379222416e-01
2.879793265790643542e+00,1.178097245096172418e+00,8.822131924361064081e-01
2.879793265790643542e+00,1.308996938995746984e+00,8.782322879634213431e-01
2.879793265790643542e+00,1.439896632895321771e+00,8.741277208558848599e-01
2.879793265790643542e+00,1.570796326794896558e+00,8.699711937645761006e-01
2.879793265790643542e+00,1.701696020694471123e+00,8.658340815710088290e-01
2.879793265790643542e+00,1.832595714594045910e+00,8.617870836029579706e-01
2.879793265790643542e+00,1.963495408493620475e+00,8.578975180357925057e-01
2.879793265790643542e+00,2.094395102393195263e+00,8.542282492986862374e-01
2.879793265790643542e+00,2.225294796292769828e+00,8.508396101537470946e-01
2.879793265790643542e+00,2.356194490192344837e+00,8.477850419153732942e-01
2.879793265790643542e+00,2.487094184091919402e+00,8.451114852200956040e-01
2.879793265790643542e+00,2.617993877991493967e+00,8.428610843969926991e-01
2.879793265790643542e+00,2.748893571891068976e+00,8.410672833795697079e-01
2.879793265790643542e+00,2.879793265790643542e+00,8.397579078955775822e-01
2.879793265790643542e+00,3.010692959690218107e+00,8.389530034759394850e-01
2.879793265790643542e+00,3.141592653589793116e+00,8.386640224502883711e-01
2.879793265790643542e+00,3.272492347489367681e+00,8.388955844026880770e-01
2.879793265790643542e+00,3.403392041388942246e+00,8.396443102031627692e-01
2.879793265790643542e+00,3.534291735288516811e+00,8.408996426146521097e-01
2.879793265790643542e+00,3.665191429188091821e+00,8.426424631055564607e-01
2.879793265790643542e+00,3.796091123087666386e+00,8.448465094542088050e-01
2.879793265790643542e+00,3.926990816987240951e+00,8.474791577833775680e-01
2.879793265790643542e+00,4.057890510886815960e+00,8.504983548285521833e-01
2.879793265790643542e+00,4.188790204786390525e+00,8.538593257024021943e-01
2.879793265790643542e+00,4.319689898685965090e+00,8.575066653999549038e-01
2.879793265790643542e+00,4.450589592585539656e+00,8.613817674599779650e-01
2.879793265790643542e+00,4.581489286485114221e+00,8.654222036292068543e-01
2.879793265790643542e+00,4.712388980384689674e+00,8.695591850846445814e-01
2.879793265790643542e+00,4.843288674284264239e+00,8.737232424680678733e-01
2.879793265790643542e+00,4.974188368183838804e+00,8.778420169770108084e-01
2.879793265790643542e+00,5.105088062083413369e+00,8.818432135441178765e-01
2.879793265790643542e+00,5.235987755982987935e+00,8.856555526375048393e-01
2.879793265790643542e+00,5.366887449882562500e+00,8.892107972195576471e-01
2.879793265790643542e+00,5.497787143782137953e+00,8.924423641649501526e-01
2.879793265790643542e+00,5.628686837681712518e+00,8.952920573676380611e-01
2.879793265790643542e+00,5.759586531581287083e+00,8.977056070641291630e-01
2.879793265790643542e+00,5.890486225480861648e+00,8.996379268285940034e-01
2.879793265790643542e+00,6.021385919380436214e+00,9.010526532015693535e-01
2.879793265790643542e+00,6.152285613280010779e+00,9.019222805211115634e-01
2.879793265790643542e+00,6.283185307179586232e+00,9.022310313976033003e-01
2.945243112740430824e+00,0.000000000000000000e+00,8.941633875857304403e-01
2.945243112740430824e+00,1.308996938995747039e-01,8.939688157619690712e-01
2.945243112740430824e+00,2.617993877991494078e-01,8.933559732609930304e-01
2.945243112740430824e+00,3.926990816987241395e-01,8.923370079160408697e-01
2.945243112740430824e+00,5.235987755982988157e-01,8.909285019598129907e-01
2.945243112740430824e+00,6.544984694978734918e-01,8.891568401342934136e-01
2.945243112740430824e+00,7.853981633974482790e-01,8.870554312147088671e-01
2.945243112740430824e+00,9.162978572970229552e-01,8.846653161196254000e-01
2.945243112740430824e+00,1.047197551196597631e+00,8.820218625382141298e-01
2.945243112740430824e+00,1.178097245096172418e+00,8.791806889402657976e-01
2.945243112740430824e+00,1.308996938995746984e+00,8.761898674059767078e-01
2.945243112740430824e+00,1.439896632895321771e+00,8.731014290141108081e-01
2.945243112740430824e+00,1.570796326794896558e+00,8.699702413158005854e-01
2.945243112740430824e+00,1.701696020694471123e+00,8.668494215846203055e-01
2.945243112740430824e+00,1.832595714594045910e+00,8.637919410182393065e-01
2.945243112740430824e+00,1.963495408493620475e+00,8.608496245337541319e-01
2.945243112740430824e+00,2.094395102393195263e+00,8.580706814535994376e-01
2.945243112740430824e+00,2.225294796292769828e+00,8.555008399832865207e-01
2.945243112740430824e+00,2.356194490192344837e+00,8.531815970186966691e-01
2.945243112740430824e+00,2.487094184091919402e+00,8.511501607796083668e-01
2.945243112740430824e+00,2.617993877991493967e+00,8.494380734482521733e-01
2.945243112740430824e+00,2.748893571891068976e+00,8.480736082253075292e-01
2.945243112740430824e+00,2.879793265790643542e+00,8.470769051414034356e-01
2.945243112740430824e+00,3.010692959690218107e+00,8.464641426873524832e-01
2.945243112740430824e+00,3.141592653589793116e+00,8.462443297278892107e-01
2.945243112740430824e+00,3.272492347489367681e+00,8.464213095136308151e-01
2.945243112740430824e+00,3.403392041388942246e+00,8.469923329849761151e-01
2.945243112740430824e+00,3.534291735288516811e+00,8.479489341637423960e-01
2.945243112740430824e+00,3.665191429188091821e+00,8.492755770371475110e-01
2.945243112740430824e+00,3.796091123087666386e+00,8.509531148756764862e-01
2.945243112740430824e+00,3.926990816987240951e+00,8.529537374966552621e-01
2.945243112740430824e+00,4.057890510886815960e+00,8.552465893622601678e-01
2.945243112740430824e+00,4.188790204786390525e+00,8.577943565960886030e-01
2.945243112740430824e+00,4.319689898685965090e+00,8.605570573601043494e-01
2.945243112740430824e+00,4.450589592585539656e+00,8.634880886025961821e-01
2.945243112740430824e+00,4.581489286485114221e+00,8.665395272294457163e-01
2.945243112740430824e+00,4.712388980384689674e+00,8.696599387723966679e-01
2.945243112740430824e+00,4.843288674284264239e+00,8.727960917721013789e-01
2.945243112740430824e+00,4.974188368183838804e+00,8.758943216073992177e-01
2.945243112740430824e+00,5.105088062083413369e+00,8.788998550407490784e-01
2.945243112740430824e+00,5.235987755982987935e+00,8.817604215520072897e-01
2.945243112740430824e+00,5.366887449882562500e+00,8.844245048719050484e-01
2.945243112740430824e+00,5.497787143782137953e+00,8.868444750550268374e-01
2.945243112740430824e+00,5.628686837681712518e+00,8.889767270431724322e-01
2.945243112740430824e+00,5.759586531581287083e+00,8.907804430959158637e-01
2.945243112740430824e+00,5.890486225480861648e+00,8.922242171753788087e-01
2.945243112740430824e+00,6.021385919380436214e+00,8.932806875378380695e-01
2.945243112740430824e+00,6.152285613280010779e+00,8.939303941608055526e-01
2.945243112740430824e+00,6.283185307179586232e+00,8.941611101389704830e-01
3.010692959690218107e+00,0.000000000000000000e+00,8.860542048987010144e-01
3.010692959690218107e+00,1.308996938995747039e-01,8.859270759970481190e-01
3.010692959690218107e+00,2.617993877991494078e-01,8.855221228111068710e-01
3.010692959690218107e+00,3.926990816987241395e-01,8.848467220256983623e-01
3.010692959690218107e+00,5.235987755982988157e-01,8.839134664274367337e-01
3.010692959690218107e+00,6.544984694978734918e-01,8.827387585322815644e-01
3.010692959690218107e+00,7.853981633974482790e-01,8.813439877605301342e-01
3.010692959690218107e+00,9.162978572970229552e-01,8.797537501559024031e-01
3.010692959690218107e+00,1.047197551196597631e+00,8.779987546438607904e-01
3.010692959690218107e+00,1.178097245096172418e+00,8.761050801867459326e-01
3.010692959690218107e+00,1.308996938995746984e+00,8.741104960388899059e-01
3.010692959690218107e+00,1.439896632895321771e+00,8.720484893215302291e-01
3.010692959690218107e+00,1.570796326794896558e+00,8.699545205092705791e-01
3.010692959690218107e+00,1.701696020694471123e+00,8.678647430619600422e-01
3.010692959690218107e+00,1.832595714594045910e+00,8.658147489456065049e-01
3.010692959690218107e+00,1.963495408493620475e+00,8.638391426969377340e-01
3.010692959690218107e+00,2.094395102393195263e+00,8.619707391417302800e-01
3.010692959690218107e+00,2.225294796292769828e+00,8.602409260058851981e-01
3.010692959690218107e+00,2.356194490192344837e+00,8.586779889127792442e-01
3.010692959690218107e+00,2.487094184091919402e+00,8.573077100450635646e-01
3.010692959690218107e+00,2.617993877991493967e+00,8.561520392574296645e-01
3.010692959690218107e+00,2.748893571891068976e+00,8.552302738597274967e-01
3.010692959690218107e+00,2.879793265790643542e+00,8.545567516702978761e-01
3.010692959690218107e+00,3.010692959690218107e+00,8.541426104978877554e-01
3.010692959690218107e+00,3.141592653589793116e+00,8.539943666083851248e-01
3.010692959690218107e+00,3.272492347489367681e+00,8.541146054974834145e-01
3.010692959690218107e+00,3.403392041388942246e+00,8.545018757058663317e-01
3.010692959690218107e+00,3.534291735288516811e+00,8.551482052731619321e-01
3.010692959690218107e+00,3.665191429188091821e+00,8.560453804876611006e-01
3.010692959690218107e+00,3.796091123087666386e+00,8.571779452291162782e-01
3.010692959690218107e+00,3.926990816987240951e+00,8.585273081892854652e-01
3.010692959690218107e+00,4.057890510886815960e+00,8.600725174624431757e-01
3.010692959690218107e+00,4.188790204786390525e+00,8.617877185328043366e-01
3.010692959690218107e+00,4.319689898685965090e+00,8.636446091103342493e-01
3.010692959690218107e+00,4.450589592585539656e+00,8.656122574656645030e-01
3.010692959690218107e+00,4.581489286485114221e+00,8.676579037774504455e-01
3.010692959690218107e+00,4.712388980384689674e+00,8.697469506885362467e-01
3.010692959690218107e+00,4.843288674284264239e+00,8.718434630366626026e-01
3.010692959690218107e+00,4.974188368183838804e+00,8.739118953948037394e-01
3.010692959690218107e+00,5.105088062083413369e+00,8.759156879226698278e-01
3.010692959690218107e+00,5.235987755982987935e+00,8.778206856719573681e-01
3.010692959690218107e+00,5.366887449882562500e+00,8.795926056259212311e-01
3.010692959690218107e+00,5.497787143782137953e+00,8.812010036642183852e-01
3.010692959690218107e+00,5.628686837681712518e+00,8.826161541736635696e-01
3.010692959690218107e+00,5.759586531581287083e+00,8.838130439681977091e-01
3.010692959690218107e+00,5.890486225480861648e+00,8.847702340142993283e-01
3.010692959690218107e+00,6.021385919380436214e+00,8.854699671445007692e-01
3.010692959690218107e+00,6.152285613280010779e+00,8.859009445661890636e-01
3.010692959690218107e+00,6.283185307179586232e+00,8.860541633871813483e-01
3.076142806640005389e+00,0.000000000000000000e+00,8.779482258930616512e-01
3.076142806640005389e+00,1.308996938995747039e-01,8.778853768978663874e-01
3.076142806640005389e+00,2.617993877991494078e-01,8.776847633639389690e-01
3.076142806640005389e+00,3.926990816987241395e-01,8.773496785550781718e-01
3.076142806640005389e+00,5.235987755982988157e-01,8.768867099827459821e-01
3.076142806640005389e+00,6.544984694978734918e-01,8.763034057802877586e-01
3.076142806640005389e+00,7.853981633974482790e-01,8.756098597919951265e-01
3.076142806640005389e+00,9.162978572970229552e-01,8.748189285207872423e-01
3.076142806640005389e+00,1.047197551196597631e+00,8.739439629873464455e-01
3.076142806640005389e+00,1.178097245096172418e+00,8.730001714395050350e-01
3.076142806640005389e+00,1.308996938995746984e+00,8.720042459108579003e-01
3.076142806640005389e+00,1.439896632895321771e+00,8.709730171910257113e-01
3.076142806640005389e+00,1.570796326794896558e+00,8.699241257892931234e-01
3.076142806640005389e+00,1.701696020694471123e+00,8.688761450088169358e-01
3.076142806640005389e+00,1.832595714594045910e+00,8.678465458059426707e-01
3.076142806640005389e+00,1.963495408493620475e+00,8.668532248448408417e-01
3.076142806640005389e+00,2.094395102393195263e+00,8.659125223843765484e-01
3.076142806640005389e+00,2.225294796292769828e+00,8.650401188356192650e-01
3.076142806640005389e+00,2.356194490192344837e+00,8.642514927138469361e-01
3.076142806640005389e+00,2.487094184091919402e+00,8.635592744688174172e-01
3.076142806640005389e+00,2.617993877991493967e+00,8.629751837428973893e-01
3.076142806640005389e+00,2.748893571891068976e+00,8.625090436838432906e-01
3.076142806640005389e+00,2.879793265790643542e+00,8.621679757208733363e-01
3.076142806640005389e+00,3.010692959690218107e+00,8.619582951135484894e-01
3.076142806640005389e+00,3.141592653589793116e+00,8.618834586595669478e-01
3.076142806640005389e+00,3.272492347489367681e+00,8.619447331550863511e-01
3.076142806640005389e+00,3.403392041388942246e+00,8.621408628121896012e-01
3.076142806640005389e+00,3.534291735288516811e+00,8.624684163606579634e-01
3.076142806640005389e+00,3.665191429188091821e+00,8.629222931691548082e-01
3.076142806640005389e+00,3.796091123087666386e+00,8.634950783875949831e-01
3.076142806640005389e+00,3.926990816987240951e+00,8.641770459197911647e-01
3.076142806640005389e+00,4.057890510886815960e+00,8.649569826526316563e-01
3.076142806640005389e+00,4.188790204786390525e+00,8.658216769713110716e-01
3.076142806640005389e+00,4.319689898685965090e+00,8.667565205664001793e-01
3.076142806640005389e+00,4.450589592585539656e+00,8.677455961220951197e-01
3.076142806640005389e+00,4.581489286485114221e+00,8.687727440633167264e-01
3.076142806640005389e+00,4.712388980384689674e+00,8.698201415734366782e-01
3.076142806640005389e+00,4.843288674284264239e+00,8.708698335113783662e-01
3.076142806640005389e+00,4.974188368183838804e+00,8.719043870184168821e-01
3.076142806640005389e+00,5.105088062083413369e+00,8.729047622721833877e-01
3.076142806640005389e+00,5.235987755982987935e+00,8.738541631549795463e-01
3.076142806640005389e+00,5.366887449882562500e+00,8.747372720607383689e-01
3.076142806640005389e+00,5.497787143782137953e+00,8.755375131986095072e-01
3.076142806640005389e+00,5.628686837681712518e+00,8.762407064048367555e-01
3.076142806640005389e+00,5.759586531581287083e+00,8.768354766583856819e-01
3.076142806640005389e+00,5.890486225480861648e+00,8.773108128872008082e-01
3.076142806640005389e+00,6.021385919380436214e+00,8.776580306255818975e-01
3.076142806640005389e+00,6.152285613280010779e+00,8.778717825857476065e-01
3.076142806640005389e+00,6.283185307179586232e+00,8.779483635940084074e-01
3.141592653589793116e+00,0.000000000000000000e+00,8.698795076862833042e-01
3.141592653589793116e+00,1.308996938995747039e-01,8.698793822955174226e-01
3.141592653589793116e+00,2.617993877991494078e-01,8.698793798316827308e-01
3.141592653589793116e+00,3.926990816987241395e-01,8.698793326724906239e-01
3.141592653589793116e+00,5.235987755982988157e-01,8.698794561779984447e-01
3.141592653589793116e+00,6.544984694978734918e-01,8.698793500115746813e-01
3.141592653589793116e+00,7.853981633974482790e-01,8.698794623565063722e-01
3.141592653589793116e+00,9.162978572970229552e-01,8.698794500659379203e-01
3.141592653589793116e+00,1.047197551196597631e+00,8.698792108132793466e-01
3.141592653589793116e+00,1.178097245096172418e+00,8.698795852587123401e-01
3.141592653589793116e+00,1.308996938995746984e+00,8.698794176793650523e-01
3.141592653589793116e+00,1.439896632895321771e+00,8.698796374276753784e-01
3.141592653589793116e+00,1.570796326794896558e+00,8.698793987058954791e-01
3.141592653589793116e+00,1.701696020694471123e+00,8.698791386236254253e-01
3.141592653589793116e+00,1.832595714594045910e+00,8.698794337910663588e-01
3.141592653589793116e+00,1.963495408493620475e+00,8.698794616671794433e-01
3.141592653589793116e+00,2.094395102393195263e+00,8.698793950070937697e-01
3.141592653589793116e+00,2.225294796292769828e+00,8.698793132082692781e-01
3.141592653589793116e+00,2.356194490192344837e+00,8.698793230486456807e-01
3.141592653589793116e+00,2.487094184091919402e+00,8.698795236614481619e-01
3.141592653589793116e+00,2.617993877991493967e+00,8.698794700274551372e-01
3.141592653589793116e+00,2.748893571891068976e+00,8.698791074055285399e-01
3.141592653589793116e+00,2.879793265790643542e+00,8.698791705902860771e-01
3.141592653589793116e+00,3.010692959690218107e+00,8.698793865227939515e-01
3.141592653589793116e+00,3.141592653589793116e+00,8.698794187841847325e-01
3.141592653589793116e+00,3.272492347489367681e+00,8.698796178077942143e-01
3.141592653589793116e+00,3.403392041388942246e+00,8.698791739316120708e-01
3.141592653589793116e+00,3.534291735288516811e+00,8.698794604514780149e-01
3.141592653589793116e+00,3.665191429188091821e+00,8.698793818223606866e-01
3.141592653589793116e+00,3.796091123087666386e+00,8.698795840152339087e-01
3.141592653589793116e+00,3.926990816987240951e+00,8.698794979049482290e-01
3.141592653589793116e+00,4.057890510886815960e+00,8.698794999397795324e-01
3.141592653589793116e+00,4.188790204786390525e+00,8.698794497686311855e-01
3.141592653589793116e+00,4.319689898685965090e+00,8.698794535148555163e-01
3.141592653589793116e+00,4.450589592585539656e+00,8.698794804267733216e-01
3.141592653589793116e+00,4.581489286485114221e+00,8.698792213073498480e-01
3.141592653589793116e+00,4.712388980384689674e+00,8.698794164338526924e-01
3.141592653589793116e+00,4.843288674284264239e+00,8.698792754276826189e-01
3.141592653589793116e+00,4.974188368183838804e+00,8.698790576194840307e-01
3.141592653589793116e+00,5.105088062083413369e+00,8.698774576606933540e-01
3.141592653589793116e+00,5.235987755982987935e+00,8.698799032267681142e-01
3.141592653589793116e+00,5.366887449882562500e+00,8.698792483529506070e-01
3.141592653589793116e+00,5.497787143782137953e+00,8.698793038156888979e-01
3.141592653589793116e+00,5.628686837681712518e+00,8.698794413551101945e-01
3.141592653589793116e+00,5.759586531581287083e+00,8.698793860266184064e-01
3.141592653589793116e+00,5.890486225480861648e+00,8.698794942244078010e-01
3.141592653589793116e+00,6.021385919380436214e+00,8.698795537205739059e-01
3.141592653589793116e+00,6.152285613280010779e+00,8.698792039237501772e-01
3.141592653589793116e+00,6.283185307179586232e+00,8.698795184882052167e-01
